Order ID,Order Date,Sales,Quantity,Discount,Profit
CA-2016-152156,2016-11-08,261.96,2,0.0,41.9136
CA-2016-152156,2016-11-08,731.94,3,0.0,219.582
CA-2016-138688,2016-06-12,14.62,2,0.0,6.8714
US-2015-108966,2015-10-11,957.5775,5,0.45,-383.031
US-2015-108966,2015-10-11,22.368,2,0.2,2.5164
CA-2014-115812,2014-06-09,48.86,7,0.0,14.1694
CA-2014-115812,2014-06-09,7.28,4,0.0,1.9656
CA-2014-115812,2014-06-09,907.152,6,0.2,90.7152
CA-2014-115812,2014-06-09,18.504,3,0.2,5.7825
CA-2014-115812,2014-06-09,114.9,5,0.0,34.47
CA-2014-115812,2014-06-09,1706.184,9,0.2,85.3092
CA-2014-115812,2014-06-09,911.424,4,0.2,68.3568
CA-2017-114412,2017-04-15,15.552,3,0.2,5.4432
CA-2016-161389,2016-12-05,407.976,3,0.2,132.5922
US-2015-118983,2015-11-22,68.81,5,0.8,-123.858
US-2015-118983,2015-11-22,2.544,3,0.8,-3.816
CA-2014-105893,2014-11-11,665.88,6,0.0,13.3176
CA-2014-167164,2014-05-13,55.5,2,0.0,9.99
CA-2014-143336,2014-08-27,8.56,2,0.0,2.4824
CA-2014-143336,2014-08-27,213.48,3,0.2,16.011
CA-2014-143336,2014-08-27,22.72,4,0.2,7.384
CA-2016-137330,2016-12-09,19.46,7,0.0,5.0596
CA-2016-137330,2016-12-09,60.34,7,0.0,15.6884
US-2017-156909,2017-07-16,71.372,2,0.3,-1.0196
CA-2015-106320,2015-09-25,1044.63,3,0.0,240.2649
CA-2016-121755,2016-01-16,11.648,2,0.2,4.2224
CA-2016-121755,2016-01-16,90.57,3,0.0,11.7741
US-2015-150630,2015-09-17,3083.43,7,0.5,-1665.0522
US-2015-150630,2015-09-17,9.618,2,0.7,-7.0532
US-2015-150630,2015-09-17,124.2,3,0.2,15.525
US-2015-150630,2015-09-17,3.264,2,0.2,1.1016
US-2015-150630,2015-09-17,86.304,6,0.2,9.7092
US-2015-150630,2015-09-17,6.858,6,0.7,-5.715
US-2015-150630,2015-09-17,15.76,2,0.2,3.546
CA-2017-107727,2017-10-19,29.472,3,0.2,9.9468
CA-2016-117590,2016-12-08,1097.544,7,0.2,123.4737
CA-2016-117590,2016-12-08,190.92,5,0.6,-147.963
CA-2015-117415,2015-12-27,113.328,9,0.2,35.415
CA-2015-117415,2015-12-27,532.3992,3,0.32,-46.9764
CA-2015-117415,2015-12-27,212.058,3,0.3,-15.147
CA-2015-117415,2015-12-27,371.168,4,0.2,41.7564
CA-2017-120999,2017-09-10,147.168,4,0.2,16.5564
CA-2016-101343,2016-07-17,77.88,2,0.0,3.894
CA-2017-139619,2017-09-19,95.616,2,0.2,9.5616
CA-2016-118255,2016-03-11,45.98,2,0.0,19.7714
CA-2016-118255,2016-03-11,17.46,2,0.0,8.2062
CA-2014-146703,2014-10-20,211.96,4,0.0,8.4784
CA-2016-169194,2016-06-20,45.0,3,0.0,4.95
CA-2016-169194,2016-06-20,21.8,2,0.0,6.104
CA-2015-115742,2015-04-18,38.22,6,0.0,17.9634
CA-2015-115742,2015-04-18,75.18,6,0.0,35.3346
CA-2015-115742,2015-04-18,6.16,2,0.0,2.9568
CA-2015-115742,2015-04-18,89.99,1,0.0,17.0981
CA-2016-105816,2016-12-11,15.26,7,0.0,6.2566
CA-2016-105816,2016-12-11,1029.95,5,0.0,298.6855
CA-2016-111682,2016-06-17,208.56,6,0.0,52.14
CA-2016-111682,2016-06-17,32.4,5,0.0,15.552
CA-2016-111682,2016-06-17,319.41,5,0.1,7.098
CA-2016-111682,2016-06-17,14.56,2,0.0,6.9888
CA-2016-111682,2016-06-17,30.0,2,0.0,3.3
CA-2016-111682,2016-06-17,48.48,4,0.2,16.362
CA-2016-111682,2016-06-17,1.68,1,0.0,0.84
CA-2015-135545,2015-11-24,13.98,2,0.0,6.1512
CA-2015-135545,2015-11-24,25.824,6,0.2,9.3612
CA-2015-135545,2015-11-24,146.73,3,0.0,68.9631
CA-2015-135545,2015-11-24,79.76,4,0.0,22.3328
US-2015-164175,2015-04-30,213.115,5,0.3,-15.2225
CA-2014-106376,2014-12-05,1113.024,8,0.2,111.3024
CA-2014-106376,2014-12-05,167.968,4,0.2,62.988
CA-2016-119823,2016-06-04,75.88,2,0.0,35.6636
CA-2016-106075,2016-09-18,4.616,1,0.2,1.731
CA-2017-114440,2017-09-14,19.05,3,0.0,8.763
US-2015-134026,2015-04-26,831.936,8,0.2,-114.3912
US-2015-134026,2015-04-26,97.04,2,0.2,1.213
US-2015-134026,2015-04-26,72.784,1,0.2,-18.196
US-2017-118038,2017-12-09,1.248,3,0.8,-1.9344
US-2017-118038,2017-12-09,9.708,3,0.6,-5.8248
US-2017-118038,2017-12-09,27.24,3,0.2,2.724
US-2014-147606,2014-11-26,19.3,5,0.6,-14.475
CA-2016-127208,2016-06-12,208.16,1,0.0,56.2032
CA-2016-127208,2016-06-12,16.74,3,0.0,8.0352
CA-2014-139451,2014-10-12,14.9,5,0.0,4.172
CA-2014-139451,2014-10-12,21.39,1,0.0,6.2031
CA-2015-149734,2015-09-03,200.984,7,0.2,62.8075
US-2017-119662,2017-11-13,230.376,3,0.2,-48.9549
CA-2017-140088,2017-05-28,301.96,2,0.0,33.2156
CA-2017-155558,2017-10-26,19.99,1,0.0,6.7966
CA-2017-155558,2017-10-26,6.16,2,0.0,2.9568
CA-2016-159695,2016-04-05,158.368,7,0.2,13.8572
CA-2016-109806,2016-09-17,20.1,3,0.0,6.633
CA-2016-109806,2016-09-17,73.584,2,0.2,8.2782
CA-2016-109806,2016-09-17,6.48,1,0.0,3.1104
CA-2015-149587,2015-01-31,12.96,2,0.0,6.2208
CA-2015-149587,2015-01-31,53.34,3,0.0,16.5354
CA-2015-149587,2015-01-31,32.96,2,0.0,16.1504
US-2017-109484,2017-11-06,5.682,1,0.7,-3.788
CA-2017-161018,2017-11-09,96.53,7,0.0,40.5426
CA-2017-157833,2017-06-17,51.312,3,0.2,17.9592
CA-2016-149223,2016-09-06,77.88,6,0.0,22.5852
CA-2016-158568,2016-08-29,64.624,7,0.2,22.6184
CA-2016-158568,2016-08-29,95.976,3,0.2,-10.7973
CA-2016-158568,2016-08-29,1.788,3,0.8,-3.0396
CA-2016-129903,2016-12-01,23.92,4,0.0,11.7208
US-2015-156867,2015-11-13,238.896,6,0.2,-26.8758
US-2015-156867,2015-11-13,102.36,3,0.2,-3.8385
US-2015-156867,2015-11-13,36.882,3,0.7,-25.8174
CA-2017-119004,2017-11-23,74.112,8,0.2,17.6016
CA-2017-119004,2017-11-23,27.992,1,0.2,2.0994
CA-2017-119004,2017-11-23,3.304,1,0.2,1.0738
CA-2015-129476,2015-10-15,339.96,5,0.2,67.992
CA-2017-146780,2017-12-25,41.96,2,0.0,10.9096
CA-2016-128867,2016-11-03,75.96,2,0.0,22.788
CA-2016-128867,2016-11-03,27.24,6,0.0,13.3476
CA-2014-115259,2014-08-25,40.096,14,0.2,14.5348
CA-2014-115259,2014-08-25,4.72,2,0.2,1.652
CA-2014-115259,2014-08-25,23.976,3,0.2,7.4925
CA-2014-115259,2014-08-25,130.464,6,0.2,44.0316
CA-2015-110457,2015-03-02,787.53,3,0.0,165.3813
US-2015-136476,2015-04-05,157.794,1,0.7,-115.7156
CA-2016-103730,2016-06-12,47.04,3,0.0,18.3456
CA-2016-103730,2016-06-12,30.84,4,0.0,13.878
CA-2016-103730,2016-06-12,226.56,6,0.0,63.4368
CA-2016-103730,2016-06-12,115.02,9,0.0,51.759
CA-2016-103730,2016-06-12,68.04,7,0.0,19.7316
US-2014-152030,2014-12-26,600.558,3,0.3,-8.5794
US-2014-134614,2014-09-20,617.7,6,0.5,-407.682
US-2017-107272,2017-11-05,2.388,2,0.7,-1.8308
US-2017-107272,2017-11-05,243.992,7,0.2,30.499
US-2016-125969,2016-11-06,81.424,2,0.2,-9.1602
US-2016-125969,2016-11-06,238.56,3,0.0,26.2416
US-2017-164147,2017-02-02,59.97,5,0.4,-11.994
US-2017-164147,2017-02-02,78.304,2,0.2,29.364
US-2017-164147,2017-02-02,21.456,9,0.2,6.9732
CA-2016-145583,2016-10-13,20.04,3,0.0,9.6192
CA-2016-145583,2016-10-13,35.44,1,0.0,16.6568
CA-2016-145583,2016-10-13,11.52,4,0.0,3.456
CA-2016-145583,2016-10-13,4.02,2,0.0,1.9698
CA-2016-145583,2016-10-13,76.176,3,0.2,26.6616
CA-2016-145583,2016-10-13,65.88,6,0.0,18.4464
CA-2016-145583,2016-10-13,43.12,14,0.0,20.6976
CA-2016-110366,2016-09-05,82.8,2,0.2,10.35
CA-2017-106180,2017-09-18,8.82,3,0.0,2.3814
CA-2017-106180,2017-09-18,10.86,3,0.0,5.1042
CA-2017-106180,2017-09-18,143.7,3,0.0,68.976
CA-2017-155376,2017-12-22,839.43,3,0.0,218.2518
CA-2015-110744,2015-09-07,671.93,7,0.0,20.1579
CA-2014-110072,2014-10-22,93.888,4,0.2,12.9096
CA-2016-114489,2016-12-05,384.45,11,0.0,103.8015
CA-2016-114489,2016-12-05,149.97,3,0.0,5.9988
CA-2016-114489,2016-12-05,1951.84,8,0.0,585.552
CA-2016-114489,2016-12-05,171.55,5,0.0,80.6285
CA-2016-158834,2016-03-13,157.92,5,0.2,17.766
CA-2016-158834,2016-03-13,203.184,2,0.2,15.2388
CA-2015-124919,2015-05-31,58.38,7,0.0,26.271
CA-2015-124919,2015-05-31,105.52,4,0.0,48.5392
CA-2015-124919,2015-05-31,80.88,6,0.0,21.0288
CA-2015-118948,2015-05-28,6.63,3,0.0,1.7901
CA-2014-104269,2014-03-01,457.568,2,0.2,51.4764
CA-2016-114104,2016-11-20,14.62,2,0.0,6.8714
CA-2016-114104,2016-11-20,944.93,7,0.0,236.2325
CA-2016-162733,2016-05-11,5.98,1,0.0,2.691
CA-2015-119697,2015-12-28,54.384,2,0.2,1.3596
CA-2016-154508,2016-11-16,28.4,5,0.0,13.348
CA-2016-113817,2016-11-07,27.68,2,0.2,9.688
CA-2014-139892,2014-09-08,9.936,3,0.2,2.7324
CA-2014-139892,2014-09-08,8159.952,8,0.4,-1359.992
CA-2014-139892,2014-09-08,275.928,3,0.2,-58.6347
CA-2014-139892,2014-09-08,1740.06,9,0.3,-24.858
CA-2014-139892,2014-09-08,32.064,6,0.2,6.8136
CA-2014-139892,2014-09-08,177.98,5,0.8,-453.849
CA-2014-139892,2014-09-08,143.976,3,0.2,8.9985
CA-2014-118962,2014-08-05,20.94,3,0.0,9.8418
CA-2014-118962,2014-08-05,110.96,2,0.0,53.2608
CA-2014-118962,2014-08-05,340.144,7,0.2,21.259
US-2014-100853,2014-09-14,52.448,2,0.8,-131.12
US-2014-100853,2014-09-14,20.16,4,0.2,6.552
US-2017-152366,2017-04-21,97.264,4,0.8,-243.16
US-2015-101511,2015-11-21,396.802,7,0.3,-11.3372
US-2015-101511,2015-11-21,15.88,5,0.2,-3.7715
CA-2015-137225,2015-12-15,3.28,1,0.0,1.4104
CA-2014-166191,2014-12-05,24.816,2,0.2,1.8612
CA-2014-166191,2014-12-05,408.744,7,0.2,76.6395
CA-2014-158274,2014-11-19,503.96,4,0.0,131.0296
CA-2014-158274,2014-11-19,149.95,5,0.0,41.986
CA-2014-158274,2014-11-19,29.0,2,0.0,7.25
CA-2016-105018,2016-11-28,7.16,2,0.0,3.4368
CA-2014-123260,2014-08-26,176.8,8,0.0,22.984
CA-2016-157000,2016-07-16,37.224,3,0.2,3.7224
CA-2016-157000,2016-07-16,20.016,3,0.2,6.255
CA-2015-102281,2015-10-12,899.136,4,0.2,112.392
CA-2015-102281,2015-10-12,71.76,6,0.0,20.0928
CA-2015-102281,2015-10-12,51.84,8,0.0,24.8832
CA-2015-102281,2015-10-12,626.352,3,0.2,46.9764
CA-2015-102281,2015-10-12,19.9,5,0.0,6.567
CA-2015-131457,2015-10-31,14.28,7,0.0,6.7116
CA-2014-140004,2014-03-21,7.408,2,0.2,1.2038
CA-2014-140004,2014-03-21,6.048,3,0.2,1.5876
CA-2017-107720,2017-11-06,46.26,3,0.0,12.0276
US-2017-124303,2017-07-06,2.946,2,0.7,-2.2586
US-2017-124303,2017-07-06,16.056,3,0.2,5.8203
CA-2017-105074,2017-06-24,21.744,3,0.2,6.795
CA-2014-133690,2014-08-03,218.75,2,0.5,-161.875
CA-2014-133690,2014-08-03,2.6,1,0.2,0.2925
US-2017-116701,2017-12-17,66.284,2,0.8,-178.9668
CA-2017-126382,2017-06-03,35.168,7,0.2,9.6712
CA-2017-108329,2017-12-09,444.768,4,0.2,44.4768
CA-2017-135860,2017-12-01,83.92,4,0.0,5.8744
CA-2017-135860,2017-12-01,131.98,2,0.0,35.6346
CA-2017-135860,2017-12-01,15.92,4,0.0,7.4824
CA-2017-135860,2017-12-01,52.29,9,0.0,16.2099
CA-2017-135860,2017-12-01,91.99,1,0.0,3.6796
CA-2015-101007,2015-02-09,20.8,2,0.2,6.5
CA-2015-146262,2015-01-02,23.68,2,0.2,8.88
CA-2015-146262,2015-01-02,452.45,5,0.5,-244.323
CA-2015-146262,2015-01-02,62.982,3,0.4,-14.6958
CA-2015-146262,2015-01-02,1188.0,9,0.7,-950.4
CA-2015-146262,2015-01-02,89.584,2,0.2,4.4792
CA-2016-130162,2016-10-28,93.06,6,0.0,26.0568
CA-2016-130162,2016-10-28,302.376,3,0.2,22.6782
CA-2015-169397,2015-12-24,5.584,2,0.2,1.8148
CA-2015-169397,2015-12-24,22.704,6,0.2,8.2302
CA-2015-169397,2015-12-24,19.776,4,0.7,-13.8432
CA-2015-169397,2015-12-24,72.704,4,0.2,19.0848
CA-2015-169397,2015-12-24,479.988,4,0.7,-383.9904
CA-2015-169397,2015-12-24,27.168,2,0.2,2.7168
CA-2015-163055,2015-08-09,2.2,1,0.0,0.968
CA-2015-163055,2015-08-09,622.45,5,0.0,136.939
CA-2015-163055,2015-08-09,21.98,1,0.0,0.2198
US-2015-145436,2015-02-28,161.568,2,0.2,-28.2744
US-2015-145436,2015-02-28,389.696,8,0.2,43.8408
US-2014-156216,2014-09-13,18.648,7,0.7,-12.432
US-2017-100930,2017-04-07,233.86,2,0.45,-102.048
US-2017-100930,2017-04-07,620.6145,3,0.45,-248.2458
US-2017-100930,2017-04-07,5.328,2,0.7,-3.552
US-2017-100930,2017-04-07,258.072,3,0.2,0.0
US-2017-100930,2017-04-07,617.976,3,0.2,-7.7247
CA-2017-160514,2017-11-12,10.56,2,0.0,4.752
CA-2016-157749,2016-06-04,25.92,5,0.2,9.396
CA-2016-157749,2016-06-04,419.68,5,0.6,-356.728
CA-2016-157749,2016-06-04,11.688,3,0.6,-4.6752
CA-2016-157749,2016-06-04,31.984,2,0.2,11.1944
CA-2016-157749,2016-06-04,177.225,5,0.5,-120.513
CA-2016-157749,2016-06-04,4.044,3,0.6,-2.8308
CA-2016-157749,2016-06-04,7.408,2,0.2,1.2038
CA-2014-131926,2014-06-01,2001.86,7,0.0,580.5394
CA-2014-131926,2014-06-01,166.72,2,0.0,41.68
CA-2014-131926,2014-06-01,47.88,6,0.0,23.94
CA-2014-131926,2014-06-01,1503.25,5,0.0,496.0725
CA-2014-131926,2014-06-01,25.92,4,0.0,12.4416
CA-2016-154739,2016-12-10,321.568,2,0.2,28.1372
CA-2016-145625,2016-09-11,7.61,1,0.0,3.5767
CA-2016-145625,2016-09-11,3347.37,13,0.0,636.0003
CA-2016-146941,2016-12-10,80.58,6,0.0,22.5624
CA-2016-146941,2016-12-10,361.92,4,0.0,162.864
US-2015-159982,2015-11-28,12.132,9,0.6,-8.4924
US-2015-159982,2015-11-28,82.368,2,0.2,-19.5624
US-2015-159982,2015-11-28,53.92,5,0.2,4.044
US-2015-159982,2015-11-28,647.904,6,0.2,56.6916
CA-2017-163139,2017-12-01,20.37,3,0.0,6.9258
CA-2017-163139,2017-12-01,221.55,3,0.0,6.6465
CA-2017-163139,2017-12-01,17.52,5,0.2,6.132
US-2017-155299,2017-06-08,1.624,2,0.8,-4.466
US-2014-106992,2014-09-19,3059.982,3,0.4,-509.997
US-2014-106992,2014-09-19,2519.958,7,0.4,-251.9958
CA-2016-125318,2016-06-06,328.224,4,0.2,28.7196
CA-2015-155040,2015-11-10,79.9,2,0.0,35.156
CA-2017-136826,2017-06-16,14.016,3,0.2,4.7304
CA-2016-111010,2016-01-22,7.56,6,0.0,0.3024
US-2017-145366,2017-12-09,37.208,1,0.2,-7.4416
US-2017-145366,2017-12-09,57.576,3,0.2,21.591
CA-2017-163979,2017-12-28,725.84,4,0.0,210.4936
CA-2015-155334,2015-07-30,209.93,7,0.0,92.3692
CA-2015-155334,2015-07-30,5.28,3,0.0,2.3232
CA-2015-155334,2015-07-30,10.92,3,0.2,4.095
CA-2017-118136,2017-09-16,8.82,2,0.0,4.0572
CA-2017-118136,2017-09-16,5.98,1,0.0,1.5548
CA-2017-132976,2017-10-13,11.648,2,0.2,4.0768
CA-2017-132976,2017-10-13,18.176,4,0.2,5.9072
CA-2017-132976,2017-10-13,59.712,6,0.2,5.9712
CA-2017-132976,2017-10-13,24.84,3,0.2,8.694
US-2015-161991,2015-09-26,2.08,5,0.8,-3.432
US-2015-161991,2015-09-26,1114.4,7,0.2,376.11
CA-2015-130890,2015-11-02,1038.84,5,0.2,51.942
CA-2015-130883,2015-09-26,141.76,5,0.2,47.844
CA-2015-130883,2015-09-26,239.8,5,0.2,47.96
CA-2015-130883,2015-09-26,31.104,6,0.2,10.8864
CA-2016-112697,2016-12-18,254.058,7,0.7,-169.372
CA-2016-112697,2016-12-18,194.528,2,0.2,24.316
CA-2016-112697,2016-12-18,961.48,5,0.2,-204.3145
CA-2016-110772,2016-11-20,19.096,7,0.2,6.6836
CA-2016-110772,2016-11-20,18.496,8,0.2,6.2424
CA-2016-110772,2016-11-20,255.984,2,0.2,54.3966
CA-2016-110772,2016-11-20,86.97,3,0.5,-48.7032
CA-2014-111451,2014-12-26,300.416,8,0.2,78.8592
CA-2014-111451,2014-12-26,230.352,3,0.2,20.1558
CA-2014-111451,2014-12-26,218.352,3,0.2,-24.5646
CA-2014-111451,2014-12-26,78.6,5,0.7,-62.88
CA-2014-111451,2014-12-26,27.552,3,0.2,9.2988
CA-2016-142545,2016-10-28,32.4,5,0.0,15.552
CA-2016-142545,2016-10-28,1082.48,8,0.0,10.8248
CA-2016-142545,2016-10-28,56.91,3,0.0,27.3168
CA-2016-142545,2016-10-28,77.6,4,0.0,38.024
CA-2016-142545,2016-10-28,14.28,1,0.0,6.5688
US-2017-152380,2017-11-19,219.075,3,0.5,-131.445
CA-2015-144253,2015-05-04,26.8,2,0.0,12.864
CA-2014-130960,2014-12-30,9.84,3,0.0,2.8536
CA-2014-111003,2014-06-01,45.48,3,0.0,20.9208
CA-2014-111003,2014-06-01,289.2,6,0.0,83.868
CA-2017-126774,2017-04-15,4.89,1,0.0,2.0049
CA-2016-142902,2016-09-12,15.136,4,0.2,3.5948
CA-2016-142902,2016-09-12,466.768,2,0.2,52.5114
CA-2016-142902,2016-09-12,15.232,1,0.2,1.7136
CA-2016-142902,2016-09-12,6.264,3,0.2,2.0358
CA-2014-120887,2014-09-27,87.54,3,0.0,37.6422
CA-2014-167850,2014-08-09,178.384,2,0.2,22.298
CA-2014-167850,2014-08-09,15.552,3,0.2,5.4432
CA-2014-164259,2014-12-28,99.136,4,0.2,8.6744
CA-2014-164973,2014-11-04,135.882,1,0.1,24.1568
CA-2014-164973,2014-11-04,3991.98,2,0.0,1995.99
CA-2014-164973,2014-11-04,275.94,6,0.0,80.0226
CA-2014-164973,2014-11-04,360.0,4,0.0,129.6
CA-2014-164973,2014-11-04,43.57,1,0.0,13.071
CA-2014-156601,2014-09-19,7.16,2,0.0,3.58
CA-2016-162138,2016-04-23,251.52,6,0.2,81.744
CA-2016-162138,2016-04-23,99.99,1,0.0,34.9965
CA-2017-153339,2017-11-03,15.992,1,0.2,0.9995
US-2016-141544,2016-08-30,290.898,3,0.4,-67.8762
US-2016-141544,2016-08-30,54.224,2,0.2,3.389
US-2016-141544,2016-08-30,786.744,4,0.3,-258.5016
US-2016-141544,2016-08-30,100.24,10,0.2,33.831
US-2016-141544,2016-08-30,37.764,6,0.7,-27.6936
US-2016-150147,2016-04-25,82.8,2,0.4,-20.7
US-2016-150147,2016-04-25,20.724,2,0.7,-13.816
US-2016-150147,2016-04-25,4.896,3,0.7,-3.4272
CA-2015-137946,2015-09-01,4.752,1,0.2,1.6038
CA-2015-137946,2015-09-01,959.984,2,0.2,335.9944
CA-2015-137946,2015-09-01,14.368,4,0.2,4.49
CA-2014-129924,2014-07-12,7.712,2,0.2,2.7956
CA-2014-129924,2014-07-12,698.352,3,0.2,-17.4588
CA-2015-128167,2015-06-22,4.96,4,0.0,2.3312
CA-2014-122336,2014-04-13,17.856,4,0.2,1.116
CA-2014-122336,2014-04-13,509.97,10,0.7,-407.976
CA-2014-122336,2014-04-13,30.992,13,0.2,10.0724
CA-2014-122336,2014-04-13,71.928,12,0.4,8.3916
US-2015-120712,2015-12-20,88.8,4,0.2,-2.22
CA-2017-169901,2017-06-15,47.976,3,0.2,4.7976
CA-2017-134306,2017-07-08,7.56,3,0.0,3.0996
CA-2017-134306,2017-07-08,24.56,2,0.0,11.5432
CA-2017-134306,2017-07-08,12.96,2,0.0,4.1472
CA-2016-129714,2016-09-01,6.79,1,0.0,2.3086
CA-2016-129714,2016-09-01,24.56,2,0.0,11.5432
CA-2016-129714,2016-09-01,3.048,1,0.2,1.0668
CA-2016-129714,2016-09-01,49.12,4,0.0,23.0864
CA-2016-129714,2016-09-01,4355.168,4,0.2,1415.4296
CA-2016-138520,2016-04-08,388.704,6,0.2,-4.8588
CA-2016-138520,2016-04-08,8.26,2,0.0,3.7996
CA-2016-138520,2016-04-08,17.04,4,0.0,6.9864
CA-2016-138520,2016-04-08,34.4,5,0.0,15.824
CA-2016-130001,2016-04-23,36.24,5,0.2,11.325
CA-2017-155698,2017-03-08,647.84,8,0.0,168.4384
CA-2017-155698,2017-03-08,20.7,2,0.0,9.936
CA-2017-144904,2017-09-25,20.7,2,0.0,9.936
CA-2017-144904,2017-09-25,488.646,3,0.1,86.8704
CA-2017-144904,2017-09-25,5.56,2,0.0,1.4456
CA-2017-144904,2017-09-25,47.12,8,0.0,20.7328
CA-2014-123344,2014-09-24,211.96,4,0.0,8.4784
CA-2016-155516,2016-10-21,23.2,4,0.0,10.44
CA-2016-155516,2016-10-21,7.36,2,0.0,0.1472
CA-2016-155516,2016-10-21,104.79,7,0.0,29.3412
CA-2016-155516,2016-10-21,1043.92,4,0.0,271.4192
CA-2017-104745,2017-05-29,25.92,5,0.2,9.396
CA-2017-104745,2017-05-29,53.424,3,0.2,4.6746
US-2014-119137,2014-07-23,8.16,5,0.7,-5.712
US-2014-119137,2014-07-23,1023.936,8,0.2,179.1888
US-2014-119137,2014-07-23,9.24,1,0.2,0.924
US-2014-119137,2014-07-23,479.04,10,0.2,-29.94
US-2016-134656,2016-09-28,99.136,4,0.2,30.98
US-2017-134481,2017-08-27,1488.424,7,0.3,-297.6848
CA-2015-130792,2015-04-28,8.652,3,0.8,-20.3322
CA-2015-130792,2015-04-28,23.832,3,0.2,2.6811
CA-2015-130792,2015-04-28,12.176,4,0.8,-18.8728
CA-2016-134775,2016-10-28,50.96,7,0.0,25.48
CA-2016-134775,2016-10-28,49.536,3,0.2,17.3376
CA-2015-125395,2015-06-26,41.9,2,0.0,8.799
US-2015-168935,2015-11-27,375.4575,3,0.45,-157.0095
US-2015-168935,2015-11-27,83.976,3,0.2,-1.0497
CA-2015-122756,2015-12-03,482.34,4,0.7,-337.638
CA-2015-122756,2015-12-03,2.96,1,0.2,0.777
CA-2014-115973,2014-11-24,2.624,1,0.2,0.4264
CA-2017-101798,2017-12-11,23.36,4,0.2,7.884
CA-2017-101798,2017-12-11,39.98,2,0.0,13.5932
US-2014-135972,2014-09-21,246.384,2,0.2,27.7182
US-2014-135972,2014-09-21,1799.97,3,0.0,701.9883
US-2014-134971,2014-06-07,12.462,3,0.8,-20.5623
CA-2017-102946,2017-06-30,75.792,3,0.2,25.5798
CA-2017-165603,2017-10-17,49.96,2,0.0,9.4924
CA-2017-165603,2017-10-17,12.96,2,0.0,6.2208
CA-2015-122259,2015-10-31,70.12,4,0.0,21.036
CA-2016-108987,2016-09-08,35.952,3,0.2,3.5952
CA-2016-108987,2016-09-08,2396.2656,4,0.32,-317.1528
CA-2016-108987,2016-09-08,131.136,4,0.2,-32.784
CA-2016-108987,2016-09-08,57.584,2,0.2,0.7198
CA-2014-113166,2014-12-24,9.568,2,0.2,3.4684
CA-2014-155208,2014-04-16,39.072,6,0.2,9.768
CA-2017-117933,2017-12-24,35.91,3,0.0,9.6957
CA-2017-117457,2017-12-08,179.95,5,0.0,37.7895
CA-2017-117457,2017-12-08,1199.976,3,0.2,434.9913
CA-2017-117457,2017-12-08,27.15,5,0.0,13.3035
CA-2017-117457,2017-12-08,1004.024,7,0.2,-112.9527
CA-2017-117457,2017-12-08,9.68,1,0.0,4.6464
CA-2017-117457,2017-12-08,28.35,9,0.0,13.608
CA-2017-117457,2017-12-08,55.98,1,0.0,27.4302
CA-2017-117457,2017-12-08,1336.829,13,0.15,31.4548
CA-2017-117457,2017-12-08,113.568,2,0.2,-18.4548
CA-2017-142636,2017-11-03,139.86,7,0.0,65.7342
CA-2017-142636,2017-11-03,307.136,4,0.2,26.8744
CA-2017-122105,2017-06-24,95.92,8,0.0,25.8984
CA-2016-148796,2016-04-14,383.8,5,0.2,38.38
CA-2017-154816,2017-11-06,5.78,1,0.0,2.8322
CA-2017-110478,2017-03-04,9.32,4,0.0,2.7028
CA-2017-110478,2017-03-04,15.25,1,0.0,7.015
CA-2014-142048,2014-06-22,196.752,6,0.2,56.5662
CA-2017-125388,2017-10-19,56.56,4,0.0,14.7056
CA-2017-125388,2017-10-19,32.7,3,0.0,8.502
CA-2017-155705,2017-08-21,866.4,4,0.0,225.264
CA-2017-149160,2017-11-23,28.4,2,0.0,11.076
CA-2017-149160,2017-11-23,287.92,8,0.0,138.2016
CA-2014-101476,2014-09-12,69.99,1,0.0,30.0957
CA-2017-152275,2017-10-01,6.672,6,0.2,0.5004
US-2016-123750,2016-04-15,189.588,2,0.7,-145.3508
US-2016-123750,2016-04-15,408.744,7,0.2,76.6395
US-2016-123750,2016-04-15,291.96,5,0.2,54.7425
US-2016-123750,2016-04-15,4.768,2,0.2,-0.7748
CA-2016-127369,2016-06-06,714.3,5,0.0,207.147
US-2014-150574,2014-12-19,4.812,2,0.7,-3.6892
US-2014-150574,2014-12-19,247.8,5,0.2,-18.585
CA-2016-147375,2016-06-12,1007.979,3,0.3,43.1991
CA-2016-147375,2016-06-12,313.488,7,0.2,113.6394
CA-2017-130043,2017-09-15,31.872,8,0.2,11.5536
CA-2017-157252,2017-01-20,207.846,3,0.1,2.3094
CA-2016-115756,2016-09-05,12.22,1,0.0,3.666
CA-2016-115756,2016-09-05,194.94,3,0.0,23.3928
CA-2016-115756,2016-09-05,70.95,3,0.0,20.5755
CA-2016-115756,2016-09-05,91.36,4,0.0,42.0256
CA-2016-115756,2016-09-05,242.94,3,0.0,29.1528
CA-2016-115756,2016-09-05,22.05,7,0.0,10.584
CA-2017-154214,2017-03-20,2.91,1,0.0,1.3677
CA-2016-166674,2016-04-01,59.52,3,0.0,15.4752
CA-2016-166674,2016-04-01,161.94,3,0.0,9.7164
CA-2016-166674,2016-04-01,263.88,6,0.0,71.2476
CA-2016-166674,2016-04-01,30.48,3,0.0,7.9248
CA-2016-166674,2016-04-01,9.84,3,0.0,2.8536
CA-2016-166674,2016-04-01,35.12,4,0.0,9.1312
CA-2017-147277,2017-10-20,284.364,2,0.4,-75.8304
CA-2017-147277,2017-10-20,665.408,2,0.2,66.5408
CA-2016-100153,2016-12-13,63.88,4,0.0,24.9132
US-2014-110674,2014-02-12,129.568,2,0.2,-24.294
US-2016-157945,2016-09-26,747.558,3,0.3,-96.1146
US-2016-157945,2016-09-26,8.928,2,0.2,3.348
CA-2015-109638,2015-12-15,103.92,4,0.0,36.372
CA-2015-109638,2015-12-15,899.91,9,0.0,377.9622
CA-2015-109638,2015-12-15,51.312,3,0.2,18.6006
CA-2016-109869,2016-04-22,23.56,5,0.2,7.068
CA-2016-109869,2016-04-22,1272.63,6,0.5,-814.4832
CA-2016-109869,2016-04-22,28.485,5,0.7,-20.889
CA-2016-109869,2016-04-22,185.376,2,0.2,-34.758
CA-2016-109869,2016-04-22,78.272,2,0.2,5.8704
US-2015-101399,2015-01-17,254.744,7,0.6,-312.0614
CA-2017-154907,2017-03-31,205.3328,2,0.32,-36.2352
US-2016-100419,2016-12-16,4.788,3,0.8,-7.9002
CA-2015-154144,2015-12-20,55.48,1,0.0,26.6304
CA-2014-144666,2014-11-09,340.92,3,0.0,3.4092
CA-2014-144666,2014-11-09,222.666,2,0.15,10.4784
CA-2014-144666,2014-11-09,703.968,4,0.2,87.996
CA-2014-144666,2014-11-09,92.52,6,0.0,24.9804
CA-2014-144666,2014-11-09,62.65,7,0.0,28.819
CA-2014-144666,2014-11-09,94.85,5,0.0,45.528
CA-2016-103891,2016-07-12,95.76,6,0.2,7.182
CA-2016-152632,2016-10-27,40.2,3,0.0,19.296
CA-2016-100790,2016-06-26,14.7,5,0.0,6.615
CA-2016-100790,2016-06-26,704.25,5,0.0,84.51
CA-2014-134677,2014-10-06,9.09,3,0.0,1.9089
CA-2014-127691,2014-07-22,5.96,2,0.0,1.6688
CA-2014-127691,2014-07-22,159.98,2,0.0,57.5928
CA-2017-140963,2017-06-10,29.6,2,0.0,14.8
CA-2017-140963,2017-06-10,514.165,5,0.15,-30.245
CA-2017-140963,2017-06-10,279.96,5,0.2,17.4975
CA-2014-154627,2014-10-29,2735.952,6,0.2,341.994
CA-2014-133753,2014-06-09,7.992,1,0.2,0.5994
CA-2014-133753,2014-06-09,63.984,2,0.2,10.3974
CA-2014-133753,2014-06-09,70.368,2,0.2,6.1572
CA-2014-113362,2014-09-14,449.15,5,0.0,8.983
CA-2014-113362,2014-09-14,11.07,3,0.0,5.0922
CA-2016-169166,2016-05-09,93.98,2,0.0,13.1572
US-2016-120929,2016-03-18,189.882,3,0.4,-94.941
CA-2015-134782,2015-12-27,105.42,2,0.0,51.6558
CA-2016-126158,2016-07-25,119.616,8,0.2,40.3704
CA-2016-126158,2016-07-25,255.76,4,0.0,81.8432
CA-2016-126158,2016-07-25,241.568,2,0.2,18.1176
CA-2016-126158,2016-07-25,69.3,9,0.0,22.869
US-2016-105578,2016-05-30,22.62,2,0.7,-15.08
US-2016-105578,2016-05-30,14.952,2,0.7,-11.9616
US-2016-105578,2016-05-30,801.568,2,0.2,50.098
US-2016-105578,2016-05-30,2.376,3,0.7,-1.9008
US-2016-105578,2016-05-30,32.792,1,0.2,11.8871
CA-2017-134978,2017-11-12,15.92,5,0.2,5.373
CA-2015-145352,2015-03-16,2.74,1,0.0,0.7398
CA-2015-145352,2015-03-16,8.34,3,0.0,2.1684
CA-2015-145352,2015-03-16,46.74,3,0.0,11.685
CA-2015-145352,2015-03-16,6354.95,5,0.0,3177.475
CA-2017-135307,2017-11-26,126.3,3,0.0,40.416
CA-2017-135307,2017-11-26,38.04,2,0.0,12.1728
CA-2016-106341,2016-10-20,7.152,3,0.2,0.7152
CA-2017-163405,2017-12-21,6.63,3,0.0,1.7901
CA-2017-163405,2017-12-21,5.88,2,0.0,1.7052
CA-2017-127432,2017-01-22,2999.95,5,0.0,1379.977
CA-2017-127432,2017-01-22,51.45,3,0.0,13.8915
CA-2017-127432,2017-01-22,11.96,2,0.0,5.382
CA-2017-127432,2017-01-22,1126.02,3,0.0,56.301
CA-2015-157812,2015-03-22,18.392,1,0.2,5.2877
CA-2015-157812,2015-03-22,129.568,2,0.2,-25.9136
CA-2015-157812,2015-03-22,14.112,9,0.8,-21.168
CA-2017-145142,2017-01-23,210.98,2,0.0,21.098
US-2016-139486,2016-05-21,55.176,3,0.2,-12.4146
US-2016-139486,2016-05-21,66.26,2,0.0,27.1666
CA-2015-158792,2015-12-26,22.2,5,0.0,10.434
CA-2017-113558,2017-10-21,683.952,3,0.2,42.747
CA-2017-113558,2017-10-21,45.696,3,0.2,5.1408
US-2015-138303,2015-09-03,36.336,3,0.2,-7.2672
US-2015-138303,2015-09-03,666.248,1,0.2,-149.9058
US-2015-138303,2015-09-03,52.512,6,0.2,19.692
CA-2015-102848,2015-11-07,190.72,1,0.2,11.92
US-2017-129441,2017-09-07,47.94,3,0.0,2.397
CA-2016-168753,2016-05-29,979.95,5,0.0,274.386
CA-2016-168753,2016-05-29,22.75,5,0.0,11.375
CA-2016-126613,2016-07-10,16.768,2,0.2,1.4672
US-2017-122637,2017-09-03,42.616,7,0.8,-68.1856
CA-2015-147851,2015-12-03,10.752,4,0.2,3.36
CA-2015-134894,2015-12-07,152.94,3,0.0,41.2938
CA-2015-134894,2015-12-07,283.92,4,0.0,70.98
CA-2014-140795,2014-02-01,468.9,6,0.0,206.316
CA-2016-136924,2016-07-14,380.864,8,0.2,38.0864
US-2015-120161,2015-12-18,646.776,9,0.2,-145.5246
CA-2014-103849,2014-05-11,58.112,2,0.2,7.264
CA-2014-103849,2014-05-11,100.792,1,0.2,6.2995
CA-2014-103849,2014-05-11,66.112,4,0.6,-84.2928
CA-2017-162929,2017-11-19,41.28,6,0.2,13.932
CA-2017-162929,2017-11-19,13.36,2,0.0,6.4128
CA-2015-113173,2015-11-15,250.272,9,0.2,15.642
CA-2015-113173,2015-11-15,11.364,3,0.8,-17.046
CA-2015-113173,2015-11-15,8.72,5,0.2,-1.744
CA-2016-136406,2016-04-15,1121.568,2,0.2,0.0
CA-2017-112774,2017-09-11,34.504,1,0.2,6.0382
CA-2017-101945,2017-11-24,10.824,3,0.2,2.5707
CA-2017-100650,2017-06-29,1295.78,2,0.0,310.9872
CA-2014-155852,2014-03-03,19.456,4,0.2,3.4048
CA-2016-113243,2016-06-10,20.7,2,0.0,9.936
CA-2016-113243,2016-06-10,1335.68,4,0.2,-217.048
CA-2016-113243,2016-06-10,32.4,5,0.0,15.552
CA-2017-118731,2017-11-20,42.6,3,0.0,16.614
CA-2017-118731,2017-11-20,84.056,7,0.2,27.3182
CA-2014-145576,2014-09-14,13.0,5,0.2,1.3
CA-2014-145576,2014-09-14,13.128,3,0.2,3.7743
CA-2015-130736,2015-12-07,3.96,2,0.0,0.0
CA-2015-130736,2015-12-07,2.61,1,0.0,1.2006
CA-2017-137099,2017-12-07,374.376,3,0.2,46.797
CA-2017-156951,2017-10-01,91.84,8,0.0,45.0016
CA-2017-156951,2017-10-01,81.088,7,0.2,27.3672
CA-2017-156951,2017-10-01,19.44,3,0.0,9.3312
CA-2017-156951,2017-10-01,451.152,3,0.2,0.0
CA-2017-164826,2017-12-28,72.45,7,0.0,34.776
CA-2017-164826,2017-12-28,13.96,4,0.0,6.4216
CA-2017-164826,2017-12-28,33.264,7,0.2,11.2266
CA-2017-164826,2017-12-28,14.85,3,0.0,4.0095
CA-2016-127250,2016-11-03,8.82,3,0.0,2.3814
CA-2015-149713,2015-09-18,160.72,14,0.0,78.7528
CA-2015-149713,2015-09-18,19.92,4,0.0,9.7608
CA-2015-149713,2015-09-18,7.3,2,0.0,2.19
CA-2017-118640,2017-07-20,69.712,2,0.2,8.714
CA-2017-118640,2017-07-20,8.792,1,0.6,-5.7148
CA-2015-132906,2015-09-10,51.52,4,0.0,1.5456
CA-2017-145233,2017-12-01,470.376,3,0.2,52.9173
CA-2017-145233,2017-12-01,105.584,2,0.2,9.2386
CA-2017-145233,2017-12-01,31.152,3,0.2,3.5046
CA-2017-145233,2017-12-01,6.783,7,0.7,-4.7481
CA-2017-145233,2017-12-01,406.368,4,0.2,30.4776
CA-2015-128139,2015-07-03,70.98,1,0.0,4.9686
CA-2015-128139,2015-07-03,294.93,3,0.0,144.5157
US-2016-156986,2016-03-20,84.784,2,0.2,-20.1362
US-2016-156986,2016-03-20,20.736,4,0.2,7.2576
US-2016-156986,2016-03-20,16.821,3,0.7,-12.8961
US-2016-156986,2016-03-20,10.368,2,0.2,3.6288
CA-2014-135405,2014-01-09,9.344,2,0.2,1.168
CA-2014-135405,2014-01-09,31.2,3,0.2,9.75
CA-2014-131450,2014-08-08,76.12,2,0.0,22.0748
CA-2014-131450,2014-08-08,1199.976,3,0.2,434.9913
CA-2014-131450,2014-08-08,445.96,5,0.2,55.745
CA-2014-131450,2014-08-08,327.76,8,0.0,91.7728
CA-2016-120180,2016-07-14,11.632,2,0.2,1.0178
US-2016-100720,2016-07-16,143.982,3,0.4,-28.7964
US-2016-100720,2016-07-16,494.376,4,0.4,-115.3544
US-2016-100720,2016-07-16,5.84,2,0.2,0.73
CA-2014-149958,2014-03-15,142.776,1,0.2,17.847
CA-2014-149958,2014-03-15,45.696,3,0.2,5.1408
CA-2014-149958,2014-03-15,7.218,3,0.7,-5.5338
CA-2014-149958,2014-03-15,43.188,4,0.7,-31.6712
CA-2014-149958,2014-03-15,131.904,3,0.2,47.8152
US-2014-105767,2014-05-23,3.282,2,0.7,-2.6256
US-2014-105767,2014-05-23,21.168,9,0.2,2.3814
US-2014-105767,2014-05-23,55.188,2,0.4,-10.1178
CA-2016-161816,2016-04-28,369.576,3,0.2,41.5773
CA-2016-161816,2016-04-28,15.712,4,0.2,5.6956
CA-2016-121223,2016-09-11,8.448,2,0.2,2.64
CA-2016-121223,2016-09-11,728.946,9,0.4,-157.9383
CA-2017-138611,2017-11-14,119.94,10,0.4,15.992
CA-2017-138611,2017-11-14,3.648,2,0.7,-2.7968
CA-2017-117947,2017-08-18,40.48,2,0.0,15.7872
CA-2017-117947,2017-08-18,9.94,2,0.0,3.0814
CA-2017-117947,2017-08-18,107.424,9,0.2,33.57
CA-2017-117947,2017-08-18,37.91,1,0.0,10.9939
CA-2017-117947,2017-08-18,88.02,3,0.0,27.2862
US-2014-111171,2014-12-26,8.69,5,0.8,-14.773
CA-2015-138009,2015-11-29,301.96,2,0.0,87.5684
CA-2015-138009,2015-11-29,555.21,5,0.1,178.901
CA-2015-138009,2015-11-29,523.48,4,0.0,130.87
CA-2015-138009,2015-11-29,161.82,9,0.0,46.9278
CA-2017-163020,2017-09-15,35.56,7,0.0,12.0904
CA-2017-153787,2017-05-19,97.16,2,0.0,28.1764
CA-2017-133431,2017-12-17,15.24,5,0.2,5.1435
CA-2017-133431,2017-12-17,13.23,3,0.0,6.0858
US-2016-135720,2016-12-11,243.384,3,0.2,-51.7191
US-2016-135720,2016-12-11,119.8,5,0.2,29.95
US-2016-135720,2016-12-11,300.768,4,0.2,30.0768
CA-2017-144694,2017-09-24,17.88,3,0.2,2.4585
CA-2017-144694,2017-09-24,235.944,3,0.2,85.5297
CA-2015-168004,2015-10-04,392.94,3,0.0,43.2234
US-2016-123470,2016-08-15,18.882,3,0.7,-13.8468
US-2016-123470,2016-08-15,122.328,3,0.2,12.2328
CA-2016-115917,2016-05-20,1049.2,5,0.0,272.792
CA-2016-115917,2016-05-20,15.424,4,0.2,5.0128
CA-2016-147067,2016-12-18,18.84,3,0.0,6.0288
CA-2017-167913,2017-07-30,330.4,2,0.0,85.904
CA-2017-167913,2017-07-30,26.25,7,0.0,12.6
CA-2017-106103,2017-06-10,132.52,4,0.0,54.3332
US-2017-127719,2017-07-21,6.48,1,0.0,3.1752
CA-2017-126221,2017-12-30,209.3,2,0.0,56.511
CA-2016-103947,2016-04-01,31.56,5,0.2,9.8625
CA-2016-103947,2016-04-01,30.144,2,0.2,3.0144
CA-2016-160745,2016-12-11,14.8,4,0.0,6.068
CA-2016-160745,2016-12-11,302.376,3,0.2,22.6782
CA-2016-160745,2016-12-11,316.0,4,0.0,31.6
CA-2016-132661,2016-10-23,379.4,10,0.0,178.318
CA-2017-140844,2017-06-19,97.82,2,0.0,45.9754
CA-2017-140844,2017-06-19,103.12,8,0.0,10.312
CA-2016-137239,2016-08-22,113.552,2,0.2,8.5164
CA-2016-137239,2016-08-22,3.318,2,0.7,-2.6544
CA-2016-137239,2016-08-22,134.288,2,0.2,45.3222
US-2016-156097,2016-09-19,701.372,2,0.3,-50.098
US-2016-156097,2016-09-19,2.308,2,0.8,-3.462
CA-2015-146563,2015-08-24,999.432,7,0.2,124.929
CA-2015-146563,2015-08-24,724.08,14,0.2,-135.765
CA-2015-146563,2015-08-24,918.785,5,0.3,-118.1295
CA-2015-146563,2015-08-24,2.724,3,0.8,-4.2222
CA-2016-123666,2016-03-26,459.95,5,0.0,18.398
CA-2016-143308,2016-11-04,10.74,3,0.0,5.2626
CA-2017-132682,2017-06-08,23.76,3,0.2,2.079
CA-2017-132682,2017-06-08,85.056,3,0.2,28.7064
CA-2017-132682,2017-06-08,381.576,3,0.2,28.6182
CA-2014-156314,2014-12-24,30.36,5,0.2,8.7285
US-2017-106663,2017-06-09,23.976,3,0.6,-14.3856
US-2017-106663,2017-06-09,108.925,1,0.5,-71.8905
US-2017-106663,2017-06-09,36.352,8,0.2,11.36
CA-2017-111178,2017-06-15,19.56,5,0.2,1.7115
CA-2017-130351,2017-12-05,61.44,3,0.0,16.5888
CA-2017-130351,2017-12-05,38.9,5,0.0,17.505
CA-2017-130351,2017-12-05,99.39,3,0.0,40.7499
US-2017-119438,2017-03-18,2.688,3,0.8,-7.392
US-2017-119438,2017-03-18,27.816,3,0.2,4.5201
US-2017-119438,2017-03-18,82.524,3,0.6,-41.262
US-2017-119438,2017-03-18,182.994,3,0.8,-320.2395
CA-2016-164511,2016-11-19,14.352,3,0.2,4.6644
CA-2016-164511,2016-11-19,64.96,2,0.0,2.5984
CA-2016-164511,2016-11-19,68.6,4,0.0,18.522
US-2017-168116,2017-11-04,7999.98,4,0.5,-3839.9904
US-2017-168116,2017-11-04,167.44,2,0.2,14.651
CA-2014-157784,2014-07-05,479.97,3,0.0,163.1898
CA-2014-157784,2014-07-05,14.62,2,0.0,6.8714
CA-2014-157784,2014-07-05,19.44,3,0.0,9.3312
CA-2017-161480,2017-12-25,191.984,2,0.2,4.7996
US-2014-117135,2014-06-21,104.01,1,0.0,14.5614
US-2014-117135,2014-06-21,284.82,1,0.0,74.0532
US-2014-117135,2014-06-21,36.84,3,0.0,10.3152
CA-2015-131534,2015-03-28,166.24,1,0.0,24.936
CA-2015-131534,2015-03-28,33.4,5,0.0,16.032
CA-2015-119291,2015-05-14,198.272,8,0.2,17.3488
CA-2015-119291,2015-05-14,47.36,4,0.2,17.76
CA-2015-119291,2015-05-14,200.984,7,0.2,62.8075
CA-2015-119291,2015-05-14,97.696,4,0.2,31.7512
CA-2015-119291,2015-05-14,2.696,1,0.2,0.8088
CA-2015-119291,2015-05-14,18.588,2,0.7,-13.6312
CA-2015-119291,2015-05-14,4.896,3,0.7,-3.4272
CA-2017-114552,2017-09-02,15.072,3,0.2,4.1448
CA-2016-163755,2016-11-04,209.88,3,0.0,35.6796
CA-2015-142027,2015-04-09,369.912,3,0.2,-13.8717
CA-2014-138527,2014-09-12,10.368,2,0.2,3.6288
CA-2014-138527,2014-09-12,166.84,5,0.2,18.7695
CA-2014-138527,2014-09-12,15.216,1,0.2,2.2824
CA-2014-112158,2014-12-02,119.96,4,0.0,52.7824
CA-2014-112158,2014-12-02,883.92,5,0.2,-110.49
CA-2014-112158,2014-12-02,46.72,8,0.2,15.768
CA-2014-113887,2014-04-05,55.48,1,0.0,26.6304
CA-2017-146136,2017-09-03,24.448,4,0.2,8.8624
US-2017-100048,2017-05-19,281.34,6,0.0,109.7226
US-2017-100048,2017-05-19,307.98,2,0.0,89.3142
US-2017-100048,2017-05-19,299.97,3,0.0,113.9886
CA-2014-153150,2014-07-01,19.92,5,0.2,6.972
CA-2014-130092,2014-01-11,9.94,2,0.0,3.0814
CA-2017-108910,2017-09-24,103.056,3,0.2,24.4758
CA-2014-104472,2014-06-02,59.808,3,0.2,19.4376
CA-2014-104472,2014-06-02,73.32,6,0.0,21.996
CA-2016-112942,2016-02-13,146.82,3,0.0,73.41
CA-2016-142335,2016-12-15,1652.94,3,0.0,231.4116
CA-2016-142335,2016-12-15,296.37,3,0.0,80.0199
CA-2014-117429,2014-10-07,129.92,5,0.2,21.112
CA-2016-114713,2016-07-07,45.584,7,0.2,5.1282
CA-2017-144113,2017-09-16,17.568,2,0.2,6.3684
CA-2017-144113,2017-09-16,55.992,1,0.2,5.5992
US-2016-150861,2016-12-03,182.72,8,0.0,84.0512
US-2016-150861,2016-12-03,400.032,2,0.4,-153.3456
US-2016-150861,2016-12-03,33.63,3,0.0,10.089
US-2016-150861,2016-12-03,542.646,3,0.1,102.4998
US-2016-150861,2016-12-03,6.3,2,0.0,3.024
CA-2017-131954,2017-01-21,242.94,3,0.0,9.7176
CA-2017-131954,2017-01-21,179.97,3,0.0,86.3856
CA-2017-131954,2017-01-21,99.696,6,0.2,33.6474
CA-2017-131954,2017-01-21,27.936,4,0.2,9.4284
CA-2017-131954,2017-01-21,84.98,1,0.0,18.6956
CA-2017-131954,2017-01-21,18.72,5,0.2,6.552
CA-2014-132500,2014-09-08,49.98,2,0.0,8.4966
CA-2014-112326,2014-01-04,11.784,3,0.2,4.2717
CA-2014-112326,2014-01-04,272.736,3,0.2,-64.7748
CA-2014-112326,2014-01-04,3.54,2,0.8,-5.487
US-2016-146710,2016-08-27,51.52,5,0.2,-10.948
US-2016-146710,2016-08-27,3.528,1,0.2,1.1466
US-2016-146710,2016-08-27,4.624,1,0.2,1.6762
US-2016-146710,2016-08-27,55.168,4,0.2,6.2064
CA-2014-124429,2014-05-27,567.12,10,0.2,-28.356
CA-2014-124429,2014-05-27,359.32,4,0.0,7.1864
CA-2016-150889,2016-03-20,11.992,1,0.2,0.8994
CA-2017-126074,2017-10-02,58.05,3,0.0,26.703
CA-2017-126074,2017-10-02,157.74,11,0.0,56.7864
CA-2017-126074,2017-10-02,56.98,7,0.0,22.792
CA-2017-126074,2017-10-02,2.88,1,0.0,1.4112
CA-2016-110499,2016-04-07,1199.976,3,0.2,374.9925
CA-2015-135272,2015-12-07,79.92,4,0.0,28.7712
CA-2016-140928,2016-09-18,383.438,4,0.45,-167.3184
CA-2014-106803,2014-12-29,24.56,2,0.0,6.8768
CA-2014-106803,2014-12-29,119.8,4,0.0,47.92
CA-2017-117240,2017-07-23,13.128,3,0.2,4.2666
CA-2017-133333,2017-09-18,22.72,4,0.0,10.224
CA-2015-112319,2015-08-31,58.32,9,0.0,27.9936
CA-2017-126046,2017-11-03,12.39,3,0.0,5.6994
CA-2015-114923,2015-02-08,107.982,3,0.4,-26.9955
CA-2014-162775,2014-01-13,11.36,2,0.0,5.3392
CA-2014-162775,2014-01-13,50.94,3,0.0,25.47
CA-2014-162775,2014-01-13,646.74,6,0.0,258.696
CA-2014-162775,2014-01-13,5.64,3,0.0,2.7072
CA-2014-162775,2014-01-13,572.58,6,0.0,34.3548
CA-2014-106810,2014-05-14,310.88,2,0.2,23.316
CA-2016-157245,2016-05-19,641.96,2,0.0,179.7488
CA-2017-104220,2017-01-30,18.28,2,0.0,9.14
CA-2017-104220,2017-01-30,207.0,3,0.0,51.75
CA-2017-104220,2017-01-30,32.35,5,0.0,16.175
CA-2017-104220,2017-01-30,7.71,1,0.0,3.4695
CA-2017-104220,2017-01-30,40.3,2,0.0,10.881
CA-2017-104220,2017-01-30,34.58,7,0.0,14.5236
CA-2014-165974,2014-06-29,32.76,7,0.2,3.6855
CA-2015-144267,2015-08-21,544.008,3,0.2,40.8006
CA-2015-144267,2015-08-21,59.94,3,0.0,28.1718
CA-2015-144267,2015-08-21,23.92,4,0.0,11.7208
CA-2015-144267,2015-08-21,4.28,1,0.0,1.926
US-2015-157014,2015-10-03,32.07,5,0.7,-22.449
US-2015-157014,2015-10-03,24.0,2,0.2,-2.7
US-2015-157014,2015-10-03,35.49,1,0.5,-15.6156
US-2015-157014,2015-10-03,47.984,2,0.2,0.5998
CA-2015-154921,2015-05-23,186.69,3,0.0,87.7443
CA-2017-129567,2017-03-17,17.456,2,0.2,5.8914
CA-2015-154620,2015-12-12,348.928,2,0.2,34.8928
CA-2015-115938,2015-06-26,143.96,4,0.0,69.1008
CA-2015-115938,2015-06-26,15.42,1,0.0,4.1634
CA-2015-115938,2015-06-26,43.04,8,0.0,21.0896
CA-2015-115938,2015-06-26,332.94,3,0.0,79.9056
CA-2016-105256,2016-05-20,1363.96,5,0.2,85.2475
CA-2014-156433,2014-09-20,9.96,2,0.0,4.5816
CA-2014-156433,2014-09-20,21.72,4,0.0,10.6428
CA-2017-151428,2017-09-21,20.16,7,0.0,9.8784
CA-2015-124653,2015-12-24,132.79,7,0.0,63.7392
CA-2015-124653,2015-12-24,12.96,2,0.0,6.2208
CA-2015-124653,2015-12-24,21.56,7,0.0,10.3488
CA-2015-101910,2015-11-27,283.92,5,0.2,17.745
CA-2017-105809,2017-02-20,22.23,1,0.0,7.3359
CA-2017-105809,2017-02-20,215.968,2,0.2,18.8972
CA-2016-136133,2016-08-18,355.32,9,0.0,99.4896
CA-2016-115504,2016-03-12,12.96,2,0.0,6.2208
CA-2017-135783,2017-04-22,18.28,2,0.0,6.2152
CA-2014-134313,2014-11-01,43.176,3,0.2,4.3176
CA-2014-134313,2014-11-01,1983.968,4,0.2,247.996
CA-2015-140921,2015-02-03,28.4,2,0.0,11.076
CA-2015-140921,2015-02-03,149.97,3,0.0,50.9898
CA-2014-151995,2014-10-13,11.52,4,0.0,3.2256
CA-2014-151995,2014-10-13,1298.55,5,0.0,311.652
CA-2014-151995,2014-10-13,213.92,4,0.0,62.0368
CA-2014-151995,2014-10-13,25.78,2,0.0,2.578
CA-2017-143686,2017-05-14,18.28,2,0.0,6.2152
CA-2017-143686,2017-05-14,1399.93,7,0.0,601.9699
CA-2015-106565,2015-03-20,51.84,8,0.0,24.8832
CA-2016-149370,2016-09-15,5.344,1,0.2,1.8704
CA-2014-140858,2014-06-28,41.472,8,0.2,14.5152
CA-2014-140858,2014-06-28,3.168,3,0.7,-2.4288
CA-2014-140858,2014-06-28,1228.465,5,0.3,0.0
CA-2014-140858,2014-06-28,31.086,3,0.7,-22.7964
CA-2014-140858,2014-06-28,335.52,4,0.2,117.432
CA-2017-101434,2017-06-20,239.97,3,0.0,71.991
CA-2017-101434,2017-06-20,9.82,2,0.0,4.8118
US-2014-102071,2014-05-09,67.8,4,0.0,4.068
US-2014-102071,2014-05-09,167.97,3,0.0,40.3128
CA-2017-126956,2017-08-21,35.0,7,0.0,16.8
CA-2017-126956,2017-08-21,37.24,4,0.0,10.7996
CA-2017-126956,2017-08-21,15.28,2,0.0,7.4872
CA-2017-129462,2017-06-16,301.96,2,0.0,90.588
CA-2017-129462,2017-06-16,180.66,3,0.0,50.5848
CA-2017-129462,2017-06-16,191.98,2,0.0,51.8346
CA-2017-129462,2017-06-16,65.99,1,0.0,17.1574
CA-2016-165316,2016-07-23,35.216,2,0.2,2.6412
CA-2016-165316,2016-07-23,23.696,2,0.2,6.5164
CA-2016-165316,2016-07-23,265.475,1,0.5,-111.4995
US-2014-115987,2014-09-08,51.184,4,0.8,-79.3352
US-2017-156083,2017-11-04,9.664,2,0.2,3.2616
US-2016-137547,2016-03-07,21.072,3,0.2,1.5804
CA-2015-100454,2015-11-20,60.45,3,0.0,16.3215
CA-2015-100454,2015-11-20,11.52,4,0.0,3.3408
CA-2015-100454,2015-11-20,186.048,4,0.2,9.3024
CA-2016-161669,2016-11-07,37.44,4,0.2,11.7
CA-2016-161669,2016-11-07,26.976,4,0.2,8.7672
CA-2016-161669,2016-11-07,11.36,2,0.0,3.2944
CA-2016-161669,2016-11-07,14.62,2,0.0,6.8714
CA-2015-114300,2015-10-13,83.72,7,0.0,23.4416
CA-2015-114300,2015-10-13,287.94,3,0.0,77.7438
CA-2017-107503,2017-01-01,48.896,4,0.2,8.5568
CA-2014-107755,2014-02-07,115.36,7,0.0,49.6048
CA-2016-152534,2016-06-20,5.16,2,0.0,1.3416
CA-2016-152534,2016-06-20,38.88,6,0.0,18.6624
CA-2016-113747,2016-05-28,185.88,6,0.0,50.1876
CA-2016-123274,2016-02-19,44.46,2,0.0,14.6718
CA-2016-123274,2016-02-19,242.94,3,0.0,9.7176
CA-2014-125612,2014-08-03,39.96,2,0.0,18.7812
CA-2014-125612,2014-08-03,102.3,10,0.0,26.598
CA-2014-125612,2014-08-03,21.36,2,0.0,5.7672
CA-2017-161984,2017-04-10,7.61,1,0.0,3.5767
CA-2017-161984,2017-04-10,7.16,2,0.0,3.58
CA-2014-133851,2014-06-09,7.36,2,0.0,0.1472
CA-2014-133851,2014-06-09,23.1,2,0.0,10.626
CA-2016-134474,2016-01-05,191.472,6,0.2,40.6878
CA-2016-134474,2016-01-05,5.248,2,0.2,0.5904
CA-2016-134474,2016-01-05,59.184,2,0.2,5.1786
CA-2014-149020,2014-01-10,2.89,1,0.0,1.3583
CA-2014-149020,2014-01-10,51.94,1,0.0,21.2954
CA-2016-134362,2016-09-29,15.936,4,0.2,5.1792
CA-2014-136742,2014-04-06,44.91,6,0.7,-35.928
CA-2016-158099,2016-09-03,1141.47,5,0.7,-760.98
CA-2016-158099,2016-09-03,280.782,3,0.4,-46.797
CA-2015-131128,2015-10-19,34.44,3,0.0,17.22
CA-2014-148488,2014-12-10,11.36,2,0.0,5.2256
CA-2014-148488,2014-12-10,106.344,7,0.2,37.2204
CA-2017-114636,2017-08-25,192.16,5,0.2,67.256
CA-2016-116736,2016-01-17,322.59,3,0.0,64.518
CA-2016-116736,2016-01-17,29.99,1,0.0,13.1956
CA-2016-116736,2016-01-17,371.97,3,0.0,66.9546
US-2014-158638,2014-09-17,5.892,4,0.7,-4.1244
CA-2017-111689,2017-11-30,68.472,3,0.2,23.1093
CA-2017-111689,2017-11-30,1242.9,5,0.1,262.39
CA-2015-129098,2015-10-09,30.84,2,0.0,8.3268
US-2017-123463,2017-12-23,13.48,4,0.0,5.9312
CA-2016-165148,2016-10-22,31.4,5,0.0,10.048
CA-2014-134061,2014-04-29,17.46,2,0.0,5.9364
CA-2015-143602,2015-04-25,13.944,3,0.2,4.5318
CA-2017-115364,2017-06-26,83.76,12,0.0,1.6752
CA-2017-150707,2017-10-14,37.66,7,0.0,18.4534
CA-2014-104976,2014-12-09,34.68,6,0.0,16.9932
CA-2017-132934,2017-06-20,149.95,5,0.0,14.995
CA-2017-132934,2017-06-20,51.312,3,0.2,18.6006
CA-2017-133256,2017-06-26,4.54,1,0.0,2.043
CA-2017-133256,2017-06-26,15.92,4,0.0,5.4128
CA-2017-133256,2017-06-26,543.92,8,0.0,135.98
CA-2016-105494,2016-11-10,155.82,7,0.0,42.0714
CA-2016-105494,2016-11-10,70.008,3,0.2,24.5028
CA-2016-140634,2016-10-03,15.648,2,0.2,5.0856
CA-2014-144407,2014-09-09,103.6,7,0.0,51.8
CA-2017-160983,2017-10-29,46.96,8,0.0,22.5408
US-2016-114622,2016-04-10,8.904,2,0.7,-6.5296
CA-2017-150959,2017-11-11,10.44,5,0.2,3.393
CA-2017-150959,2017-11-11,18.336,4,0.8,-32.088
CA-2017-132353,2017-09-15,323.976,3,0.2,20.2485
CA-2016-130477,2016-04-08,20.04,3,0.0,9.6192
CA-2016-130477,2016-04-08,64.96,2,0.0,2.5984
CA-2016-130477,2016-04-08,12.96,2,0.0,6.2208
CA-2017-143259,2017-12-30,323.136,4,0.2,12.1176
CA-2017-143259,2017-12-30,90.93,7,0.0,2.7279
CA-2017-143259,2017-12-30,52.776,3,0.2,19.791
CA-2017-137596,2017-09-02,1199.8,4,0.0,323.946
CA-2017-137596,2017-09-02,1928.78,7,0.0,829.3754
CA-2017-137596,2017-09-02,352.38,2,0.0,81.0474
CA-2015-133627,2015-05-31,22.2,6,0.0,9.102
CA-2017-102519,2017-11-27,46.94,1,0.0,19.2454
CA-2017-102519,2017-11-27,143.73,9,0.0,56.0547
US-2014-141215,2014-06-15,99.918,2,0.3,-18.5562
US-2014-141215,2014-06-15,797.944,4,0.3,-56.996
US-2014-141215,2014-06-15,8.568,3,0.8,-14.5656
CA-2016-165218,2016-03-05,149.352,3,0.2,50.4063
CA-2016-165218,2016-03-05,12.992,1,0.2,-0.812
CA-2014-138296,2014-12-05,24.56,2,0.0,6.8768
CA-2015-111164,2015-04-11,85.14,3,0.0,34.9074
CA-2015-111164,2015-04-11,21.99,1,0.0,10.5552
CA-2015-111164,2015-04-11,406.6,5,0.0,113.848
CA-2016-149797,2016-09-15,841.568,2,0.2,294.5488
CA-2014-132962,2014-09-13,15.552,3,0.2,5.4432
CA-2014-132962,2014-09-13,252.0,5,0.2,53.55
CA-2015-115091,2015-10-05,46.2,4,0.0,12.936
CA-2015-115091,2015-10-05,28.84,2,0.0,9.5172
CA-2017-144932,2017-04-14,14.592,3,0.2,2.5536
CA-2017-144932,2017-04-14,89.856,3,0.2,21.3408
CA-2017-144932,2017-04-14,13.872,3,0.2,5.0286
CA-2017-114216,2017-09-02,12.192,3,0.2,4.1148
CA-2016-140081,2016-06-20,45.056,8,0.2,15.2064
CA-2016-140081,2016-06-20,29.718,6,0.7,-21.7932
CA-2016-140081,2016-06-20,15.552,3,0.2,5.4432
CA-2016-140081,2016-06-20,447.696,2,0.2,33.5772
US-2017-111745,2017-11-05,159.99,1,0.0,54.3966
CA-2015-148250,2015-12-13,12.96,2,0.0,6.2208
CA-2015-148250,2015-12-13,134.48,4,0.0,34.9648
CA-2016-105760,2016-06-19,17.12,2,0.0,8.0464
CA-2016-142958,2016-12-13,6.096,2,0.2,2.2098
CA-2016-142958,2016-12-13,1114.272,4,0.2,41.7852
CA-2015-120880,2015-05-29,32.4,5,0.0,15.552
CA-2015-120880,2015-05-29,540.57,3,0.0,140.5482
CA-2015-120880,2015-05-29,167.76,5,0.2,62.91
US-2015-140200,2015-07-26,393.165,3,0.5,-204.4458
US-2017-110576,2017-11-28,516.488,7,0.2,-12.9122
US-2017-110576,2017-11-28,1007.232,6,0.2,75.5424
US-2017-110576,2017-11-28,2065.32,12,0.4,-619.596
US-2017-110576,2017-11-28,15.552,3,0.2,5.4432
US-2017-110576,2017-11-28,25.344,6,0.2,7.92
CA-2017-131156,2017-04-03,25.472,4,0.2,7.6416
CA-2017-136539,2017-12-28,27.168,2,0.2,2.7168
CA-2017-136539,2017-12-28,78.8528,2,0.32,-11.596
CA-2017-119305,2017-11-30,173.8,5,0.0,43.45
CA-2017-102414,2017-05-15,29.592,1,0.2,2.5893
CA-2017-102414,2017-05-15,4.752,2,0.7,-3.168
CA-2017-102414,2017-05-15,15.552,3,0.2,5.6376
CA-2015-112571,2015-09-22,204.6,2,0.0,53.196
CA-2017-152142,2017-11-14,321.568,2,0.2,28.1372
CA-2015-160059,2015-11-27,6.24,2,0.0,3.0576
CA-2016-120859,2016-09-01,21.88,2,0.0,10.94
CA-2014-127488,2014-09-22,4.608,2,0.2,1.6704
CA-2017-135279,2017-04-09,9.82,2,0.0,4.8118
CA-2017-135279,2017-04-09,35.97,3,0.0,9.7119
CA-2017-135279,2017-04-09,12.96,2,0.0,6.2208
CA-2017-135279,2017-04-09,191.6,4,0.0,91.968
CA-2017-135279,2017-04-09,8.64,3,0.0,4.2336
CA-2017-135279,2017-04-09,501.81,3,0.0,0.0
CA-2014-115791,2014-01-16,127.104,6,0.2,28.5984
CA-2014-115791,2014-01-16,124.2,3,0.4,-31.05
CA-2014-115791,2014-01-16,18.588,2,0.7,-13.6312
CA-2014-115791,2014-01-16,30.072,3,0.2,10.1493
US-2017-103247,2017-10-05,160.93,7,0.0,3.2186
US-2017-103247,2017-10-05,75.792,3,0.2,25.5798
US-2017-100209,2017-07-09,1.08,2,0.7,-0.792
CA-2017-159366,2017-01-07,3059.982,2,0.1,679.996
CA-2016-145499,2016-05-30,3.282,2,0.7,-2.6256
CA-2015-157035,2015-12-09,34.02,3,0.0,16.6698
CA-2016-144939,2016-10-03,599.292,6,0.1,93.2232
CA-2014-163419,2014-11-11,3.392,1,0.2,0.8056
CA-2014-163419,2014-11-11,559.984,2,0.2,55.9984
CA-2014-163419,2014-11-11,603.92,5,0.2,75.49
CA-2017-100314,2017-09-29,7.968,2,0.2,2.5896
CA-2017-100314,2017-09-29,27.968,4,0.2,9.4392
CA-2017-100314,2017-09-29,336.51,3,0.4,44.868
CA-2015-146829,2015-03-10,1.112,2,0.8,-1.8904
CA-2017-167899,2017-05-21,520.05,5,0.0,72.807
CA-2017-167899,2017-05-21,17.97,3,0.0,5.2113
CA-2015-153549,2015-03-29,1166.92,5,0.2,131.2785
CA-2016-110023,2016-09-09,14.624,2,0.2,5.484
CA-2016-105585,2016-08-26,10.23,3,0.0,4.9104
CA-2016-105585,2016-08-26,154.9,5,0.0,69.705
CA-2014-117639,2014-05-21,2715.93,7,0.0,1276.4871
CA-2014-117639,2014-05-21,617.97,3,0.0,173.0316
CA-2015-162537,2015-10-28,10.67,1,0.0,4.9082
CA-2015-162537,2015-10-28,36.63,3,0.0,9.8901
CA-2015-162537,2015-10-28,24.1,5,0.0,9.158
CA-2015-162537,2015-10-28,33.11,7,0.0,12.9129
CA-2016-155488,2016-11-13,44.02,2,0.0,11.4452
CA-2015-124891,2015-07-31,2309.65,7,0.0,762.1845
CA-2015-124891,2015-07-31,1090.782,7,0.4,-290.8752
CA-2015-124891,2015-07-31,19.44,3,0.0,9.3312
CA-2015-126445,2015-08-27,484.65,3,0.0,92.0835
CA-2015-111199,2015-11-13,115.296,3,0.2,40.3536
CA-2015-105312,2015-11-06,7.08,3,0.2,2.478
CA-2015-105312,2015-11-06,4.401,3,0.7,-3.5208
US-2017-106705,2017-12-26,44.75,5,0.0,20.585
CA-2017-135034,2017-08-01,95.984,2,0.2,5.999
CA-2014-158540,2014-11-24,151.72,4,0.0,27.3096
CA-2017-118437,2017-06-17,155.25,3,0.0,46.575
CA-2017-118437,2017-06-17,14.03,1,0.0,4.0687
US-2015-126214,2015-12-21,1618.37,13,0.0,356.0414
US-2015-126214,2015-12-21,99.6,1,0.0,36.852
CA-2015-133025,2015-09-17,32.4,5,0.0,15.552
CA-2015-108665,2015-07-06,13.96,2,0.0,6.7008
CA-2015-108665,2015-07-06,155.82,3,0.0,63.8862
CA-2015-108665,2015-07-06,124.95,5,0.0,2.499
CA-2015-108665,2015-07-06,601.65,5,0.0,156.429
CA-2015-124450,2015-04-27,22.74,3,0.0,8.8686
CA-2015-124450,2015-04-27,1267.53,3,0.0,316.8825
CA-2015-124450,2015-04-27,1379.92,8,0.0,648.5624
CA-2015-167269,2015-06-16,6.208,2,0.2,2.1728
CA-2017-106964,2017-12-17,11.808,2,0.2,4.2804
CA-2016-126529,2016-01-11,15.552,3,0.2,5.4432
CA-2016-126529,2016-01-11,63.312,3,0.2,20.5764
CA-2016-126529,2016-01-11,15.588,2,0.4,-9.8724
CA-2014-163552,2014-07-11,177.2,5,0.0,83.284
CA-2014-163552,2014-07-11,197.97,3,0.0,57.4113
CA-2014-163552,2014-07-11,854.94,3,0.0,213.735
CA-2014-163552,2014-07-11,124.11,9,0.0,52.1262
CA-2014-163552,2014-07-11,14.4,5,0.0,7.056
CA-2016-109820,2016-11-20,15.696,3,0.2,5.1012
CA-2016-109820,2016-11-20,2.628,2,0.7,-1.9272
CA-2016-109820,2016-11-20,14.427,3,0.7,-10.5798
CA-2016-113061,2016-04-22,86.62,2,0.0,8.662
CA-2015-127418,2015-06-13,36.624,3,0.2,13.734
CA-2017-121818,2017-11-20,23.968,7,0.2,2.6964
CA-2017-121818,2017-11-20,28.728,3,0.2,1.7955
CA-2016-127670,2016-03-20,697.16,4,0.0,146.4036
CA-2016-102981,2016-09-06,31.86,2,0.0,11.151
CA-2016-102981,2016-09-06,722.352,3,0.2,90.294
CA-2017-115651,2017-07-09,8.84,5,0.2,2.9835
CA-2017-115651,2017-07-09,58.464,9,0.8,-146.16
CA-2017-152702,2017-10-12,254.604,14,0.3,-18.186
CA-2016-169103,2016-03-08,1363.96,5,0.2,85.2475
CA-2016-169103,2016-03-08,102.36,3,0.2,-3.8385
CA-2014-139192,2014-05-27,1113.504,12,0.2,125.2692
CA-2014-139192,2014-05-27,99.99,1,0.0,37.9962
US-2015-153500,2015-07-03,168.464,2,0.2,-29.4812
US-2015-153500,2015-07-03,6.72,2,0.2,2.436
US-2015-153500,2015-07-03,282.888,9,0.2,56.5776
CA-2015-110667,2015-04-04,11.16,2,0.0,4.3524
CA-2015-110667,2015-04-04,108.4,2,0.0,22.764
CA-2015-110667,2015-04-04,82.344,3,0.2,27.7911
CA-2015-110667,2015-04-04,9.088,4,0.2,3.2944
CA-2017-167150,2017-12-10,19.936,4,0.2,7.2268
CA-2017-167150,2017-12-10,65.568,2,0.2,22.9488
CA-2016-105284,2016-11-24,4.416,3,0.2,1.6008
US-2015-125374,2015-03-23,107.772,2,0.3,-29.2524
CA-2015-161263,2015-04-16,45.216,3,0.2,4.5216
CA-2015-161263,2015-04-16,10.416,7,0.2,-2.2134
CA-2015-161263,2015-04-16,7.872,3,0.2,1.2792
CA-2015-161263,2015-04-16,118.782,3,0.4,-27.7158
CA-2015-161263,2015-04-16,1.448,1,0.2,0.2353
CA-2015-161263,2015-04-16,55.47,5,0.7,-46.225
CA-2016-157686,2016-10-01,194.848,4,0.2,12.178
US-2017-139955,2017-09-28,1.744,1,0.2,-0.3488
US-2015-150161,2015-07-25,25.176,4,0.7,-18.4624
CA-2015-144652,2015-11-20,19.46,7,0.0,5.0596
CA-2016-152814,2016-04-28,29.472,3,0.2,9.9468
CA-2017-106943,2017-11-14,8.64,2,0.2,3.024
CA-2016-134348,2016-11-12,6.27,5,0.7,-4.598
CA-2016-134348,2016-11-12,4.368,7,0.7,-3.3488
CA-2016-134348,2016-11-12,31.984,2,0.2,1.999
CA-2016-161781,2016-09-29,40.88,7,0.0,10.6288
CA-2017-132521,2017-09-23,119.96,2,0.0,33.5888
CA-2017-132521,2017-09-23,31.44,3,0.0,8.4888
CA-2017-132521,2017-09-23,6.88,1,0.2,2.322
CA-2015-110016,2015-11-29,19.92,4,0.0,9.3624
CA-2015-110016,2015-11-29,1106.91,9,0.0,121.7601
US-2016-143819,2016-03-01,836.592,8,0.4,-264.9208
US-2016-143819,2016-03-01,26.38,1,0.0,12.1348
US-2016-143819,2016-03-01,362.92,2,0.0,105.2468
US-2016-143819,2016-03-01,4899.93,7,0.0,2400.9657
CA-2016-167584,2016-08-12,6.48,1,0.0,3.1104
CA-2016-166163,2016-08-15,71.976,3,0.2,7.1976
CA-2016-166163,2016-08-15,3.15,1,0.0,1.512
CA-2017-158407,2017-06-04,31.984,2,0.2,1.999
CA-2017-158407,2017-06-04,71.984,2,0.2,25.1944
CA-2015-143490,2015-12-06,120.15,9,0.0,33.642
CA-2015-143490,2015-12-06,219.184,2,0.2,19.1786
CA-2015-165085,2015-12-27,28.9,5,0.0,14.161
CA-2015-165085,2015-12-27,355.96,2,0.0,103.2284
CA-2017-160423,2017-01-21,348.208,7,0.2,30.4682
CA-2017-160423,2017-01-21,35.784,7,0.7,-28.6272
CA-2014-159338,2014-06-25,447.84,5,0.2,11.196
CA-2016-107216,2016-06-14,7.04,4,0.0,2.0416
CA-2016-107216,2016-06-14,8.73,3,0.0,4.1031
CA-2016-107216,2016-06-14,29.29,1,0.0,9.6657
CA-2016-107216,2016-06-14,8.64,3,0.0,2.5056
US-2017-145863,2017-04-21,2.694,3,0.8,-4.7145
US-2017-145863,2017-04-21,2.934,3,0.8,-4.9878
CA-2016-112340,2016-10-21,22.92,3,0.0,11.2308
US-2016-110156,2016-11-19,100.704,6,0.2,-16.3644
US-2016-110156,2016-11-19,2.328,2,0.6,-0.7566
US-2016-110156,2016-11-19,10.78,5,0.8,-17.248
US-2016-110156,2016-11-19,58.368,12,0.2,21.888
US-2016-110156,2016-11-19,40.968,3,0.2,13.8267
US-2016-110156,2016-11-19,71.96,5,0.2,25.186
US-2016-110156,2016-11-19,10.368,2,0.2,3.6288
US-2016-110156,2016-11-19,1.192,2,0.8,-2.0264
CA-2017-140585,2017-12-18,46.672,2,0.2,16.3352
CA-2017-140585,2017-12-18,119.833,1,0.15,-12.6882
CA-2017-140585,2017-12-18,119.98,2,0.0,57.5904
CA-2016-144855,2016-07-22,6.3,2,0.0,3.024
CA-2015-142755,2015-09-04,279.9,5,0.0,137.151
CA-2015-142755,2015-09-04,619.95,5,0.0,111.591
CA-2015-142755,2015-09-04,4.36,2,0.0,2.0492
CA-2015-142755,2015-09-04,15.28,2,0.0,7.4872
US-2014-147627,2014-01-20,699.93,7,0.0,181.9818
US-2014-147627,2014-01-20,22.96,7,0.0,6.6584
US-2014-147627,2014-01-20,38.6,4,0.0,11.58
US-2014-147627,2014-01-20,6.63,3,0.0,1.7901
US-2014-147627,2014-01-20,23.34,3,0.0,10.9698
US-2014-147627,2014-01-20,1067.94,3,0.0,224.2674
CA-2015-105970,2015-03-02,10.16,1,0.0,2.6416
CA-2015-105970,2015-03-02,101.88,6,0.0,50.94
CA-2016-112102,2016-04-12,343.92,4,0.0,75.6624
CA-2016-112102,2016-04-12,40.99,1,0.0,20.0851
CA-2016-112102,2016-04-12,63.9,5,0.0,28.755
US-2016-114776,2016-12-06,19.44,3,0.0,9.3312
US-2016-134908,2016-06-05,124.608,4,0.2,-23.364
US-2016-134908,2016-06-05,7.56,3,0.2,2.646
US-2016-148803,2016-12-11,85.224,3,0.2,7.4571
CA-2016-152170,2016-11-12,287.52,8,0.0,129.384
CA-2016-152170,2016-11-12,37.68,2,0.0,10.5504
CA-2016-152170,2016-11-12,19.98,2,0.0,8.991
CA-2016-152170,2016-11-12,20.58,7,0.0,5.5566
CA-2016-152170,2016-11-12,17.38,2,0.0,8.69
CA-2014-146969,2014-09-29,204.6,2,0.0,53.196
CA-2014-146969,2014-09-29,8.72,4,0.0,2.8776
CA-2014-146969,2014-09-29,6.48,1,0.0,3.1104
CA-2014-146969,2014-09-29,686.32,2,0.2,223.054
CA-2014-146969,2014-09-29,62.18,1,0.0,16.7886
CA-2015-112452,2015-04-04,644.076,2,0.1,107.346
CA-2015-112452,2015-04-04,5.84,2,0.0,2.628
CA-2015-112452,2015-04-04,12.76,2,0.0,5.8696
CA-2015-112452,2015-04-04,10.95,1,0.0,0.438
CA-2015-112452,2015-04-04,599.98,2,0.0,209.993
CA-2015-113971,2015-05-08,8.352,6,0.2,1.2528
CA-2017-160395,2016-12-31,3.64,2,0.0,1.638
CA-2017-160395,2016-12-31,159.768,7,0.2,53.9217
CA-2014-136567,2014-12-20,122.48,2,0.0,0.0
CA-2014-136567,2014-12-20,2244.48,7,0.0,493.7856
CA-2014-136567,2014-12-20,62.31,3,0.0,29.2857
CA-2014-136567,2014-12-20,455.1,2,0.0,100.122
CA-2016-149314,2016-07-02,195.184,1,0.2,19.5184
CA-2017-147039,2017-06-29,362.94,3,0.0,90.735
CA-2017-147039,2017-06-29,11.54,2,0.0,5.77
CA-2014-126522,2014-09-01,53.94,3,0.0,15.6426
CA-2014-127964,2014-03-03,9.99,1,0.0,4.5954
CA-2014-127964,2014-03-03,125.76,3,0.2,40.872
CA-2014-127964,2014-03-03,25.32,5,0.2,9.1785
CA-2014-117709,2014-05-04,46.8,4,0.0,21.06
CA-2015-125416,2015-11-02,447.93,9,0.0,49.2723
CA-2017-145226,2017-12-08,109.48,2,0.0,33.9388
CA-2017-145226,2017-12-08,272.94,3,0.0,0.0
CA-2017-145226,2017-12-08,19.44,3,0.0,9.3312
CA-2017-145226,2017-12-08,31.92,4,0.0,8.2992
US-2014-100279,2014-03-10,22.38,2,0.0,10.7424
CA-2014-158064,2014-04-21,16.52,5,0.2,5.5755
US-2015-104430,2015-10-22,5.176,4,0.8,-7.764
CA-2015-132080,2015-08-22,50.112,6,0.2,16.2864
CA-2016-161207,2016-08-29,27.93,3,0.0,8.0997
CA-2014-120243,2014-12-27,11.56,4,0.0,5.4332
CA-2016-113621,2016-12-01,172.5,2,0.0,51.75
CA-2016-113621,2016-12-01,179.97,3,0.0,44.9925
CA-2016-168081,2016-04-24,258.696,3,0.2,64.674
CA-2014-128146,2014-06-21,1322.93,7,0.0,357.1911
CA-2014-128146,2014-06-21,3.76,2,0.0,1.0904
CA-2017-138779,2017-01-14,21.744,1,0.2,7.3386
CA-2017-138779,2017-01-14,7.92,5,0.2,0.693
CA-2014-127131,2014-11-24,12.096,7,0.2,4.2336
CA-2014-127131,2014-11-24,485.88,6,0.0,9.7176
CA-2014-127131,2014-11-24,25.92,4,0.0,12.4416
CA-2014-127131,2014-11-24,197.58,2,0.0,53.3466
CA-2017-117212,2017-02-26,81.92,4,0.0,22.1184
CA-2017-117212,2017-02-26,889.536,8,0.2,66.7152
CA-2017-117212,2017-02-26,892.224,3,0.2,89.2224
CA-2017-117212,2017-02-26,223.92,4,0.0,109.7208
CA-2017-117212,2017-02-26,23.12,4,0.0,11.3288
US-2015-130519,2015-09-15,15.552,3,0.2,5.4432
US-2015-130519,2015-09-15,15.712,4,0.2,2.5532
US-2015-130519,2015-09-15,24.672,2,0.2,2.1588
US-2015-130519,2015-09-15,55.968,1,0.2,-2.0988
CA-2016-130946,2016-04-08,431.928,9,0.2,64.7892
CA-2016-130946,2016-04-08,95.984,4,0.3,-4.1136
CA-2016-130946,2016-04-08,1088.792,4,0.8,-1850.9464
CA-2016-114727,2016-07-18,544.008,3,0.2,40.8006
CA-2016-114727,2016-07-18,1.872,3,0.7,-1.4352
CA-2016-114727,2016-07-18,854.352,3,0.2,10.6794
CA-2016-114727,2016-07-18,593.568,2,0.2,0.0
CA-2016-114727,2016-07-18,338.04,3,0.2,-33.804
CA-2017-133235,2017-08-01,271.96,5,0.2,16.9975
CA-2016-137050,2016-07-14,11.21,1,0.0,3.363
CA-2016-137050,2016-07-14,9.144,3,0.2,3.2004
CA-2016-137050,2016-07-14,14.07,7,0.0,6.8943
CA-2016-137050,2016-07-14,41.86,7,0.0,10.465
CA-2016-137050,2016-07-14,8.544,2,0.2,2.8836
CA-2016-137050,2016-07-14,579.136,4,0.2,21.7176
US-2017-118087,2017-09-09,141.372,2,0.3,-48.4704
US-2017-118087,2017-09-09,3.036,2,0.7,-2.3276
US-2017-118087,2017-09-09,4.503,1,0.7,-3.6024
US-2017-118087,2017-09-09,4.672,1,0.2,1.5768
US-2017-118087,2017-09-09,95.88,3,0.2,28.764
US-2017-118087,2017-09-09,17.024,2,0.2,1.7024
US-2017-118087,2017-09-09,258.696,3,0.2,64.674
US-2017-118087,2017-09-09,1931.958,7,0.4,-386.3916
CA-2014-110184,2014-07-12,249.75,9,0.0,44.955
CA-2014-110184,2014-07-12,255.936,8,0.2,28.7928
CA-2016-126004,2016-12-04,113.79,3,0.0,20.4822
CA-2016-126004,2016-12-04,78.15,1,0.0,34.386
CA-2016-126004,2016-12-04,1.728,1,0.2,0.6048
CA-2016-126004,2016-12-04,40.56,4,0.0,19.8744
CA-2016-126004,2016-12-04,182.94,3,0.0,3.6588
CA-2016-126004,2016-12-04,193.86,2,0.0,11.6316
CA-2017-100013,2017-11-06,15.28,2,0.0,7.4872
CA-2017-100013,2017-11-06,8.73,1,0.0,2.9682
CA-2017-100013,2017-11-06,5.68,2,0.0,1.7608
CA-2015-132570,2015-10-31,2.78,2,0.0,0.7228
CA-2015-132570,2015-10-31,79.96,2,0.0,35.982
CA-2016-153682,2016-05-30,839.988,2,0.4,69.999
CA-2016-144344,2016-10-28,47.952,3,0.2,13.7862
CA-2016-144344,2016-10-28,37.425,5,0.7,-29.94
CA-2016-144344,2016-10-28,63.968,2,0.2,0.0
CA-2016-144344,2016-10-28,165.048,3,0.2,41.262
CA-2014-127012,2014-08-11,12.35,1,0.0,5.434
CA-2014-127012,2014-08-11,40.97,1,0.0,10.6522
CA-2014-127012,2014-08-11,22.96,2,0.0,10.7912
CA-2016-128727,2016-08-29,22.0,4,0.0,5.5
US-2016-162859,2016-02-15,398.352,3,0.2,124.485
US-2016-162859,2016-02-15,8.72,4,0.0,3.5752
CA-2017-133641,2017-05-14,48.69,9,0.0,23.8581
CA-2014-168494,2014-12-12,764.688,6,0.2,95.586
CA-2014-168494,2014-12-12,3610.848,12,0.2,135.4068
CA-2014-168494,2014-12-12,254.9745,3,0.15,11.9988
CA-2017-115602,2017-12-18,38.82,6,0.0,17.469
CA-2017-115602,2017-12-18,1141.938,9,0.1,139.5702
CA-2017-115602,2017-12-18,1704.56,13,0.0,511.368
CA-2017-115602,2017-12-18,3.2,2,0.0,1.376
CA-2015-154956,2015-07-04,1099.96,4,0.0,285.9896
CA-2017-144638,2017-03-10,5.248,2,0.2,0.5904
CA-2017-144638,2017-03-10,35.91,3,0.4,-8.379
CA-2017-144638,2017-03-10,6.696,1,0.2,0.5022
CA-2017-144638,2017-03-10,43.872,2,0.2,11.5164
US-2016-168620,2016-12-24,27.882,3,0.7,-20.4468
US-2016-168620,2016-12-24,540.048,3,0.2,-47.2542
US-2016-168620,2016-12-24,255.68,8,0.2,76.704
CA-2017-117079,2017-10-23,863.88,3,0.2,107.985
US-2016-144393,2016-10-28,17.616,4,0.7,-14.0928
CA-2017-105053,2017-07-07,17.472,3,0.2,6.3336
CA-2016-155992,2016-10-01,69.9,2,0.0,18.873
CA-2016-155992,2016-10-01,41.85,5,0.0,10.881
CA-2017-110380,2017-09-02,6.57,3,0.0,1.7739
US-2014-167738,2014-12-24,142.86,1,0.0,41.4294
US-2014-167738,2014-12-24,292.272,6,0.2,18.267
CA-2017-121412,2017-09-23,29.328,3,0.2,3.666
CA-2017-100426,2017-06-04,12.48,2,0.0,5.616
US-2016-103646,2016-04-21,102.336,4,0.2,-12.792
US-2016-103646,2016-04-21,48.792,3,0.8,-126.8592
US-2016-103646,2016-04-21,44.848,8,0.8,-67.272
CA-2016-119186,2016-05-26,10.368,2,0.2,3.6288
CA-2016-119186,2016-05-26,388.43,5,0.3,-88.784
CA-2016-119186,2016-05-26,14.352,3,0.2,5.2026
CA-2016-119186,2016-05-26,63.992,1,0.2,-7.1991
CA-2016-148698,2016-05-02,86.352,3,0.2,5.397
CA-2014-163293,2014-09-08,32.97,3,0.0,12.8583
CA-2014-163293,2014-09-08,83.88,4,0.0,30.1968
CA-2016-160815,2016-09-05,278.4,3,0.0,80.736
CA-2017-122154,2017-04-09,15.12,3,0.2,4.914
CA-2017-122154,2017-04-09,17.43,1,0.7,-13.363
CA-2017-122154,2017-04-09,251.64,3,0.2,88.074
US-2015-149692,2015-12-06,2.772,7,0.8,-4.851
CA-2016-119445,2016-06-26,14.9,5,0.0,1.043
CA-2015-124268,2015-07-04,15.48,3,0.0,4.4892
CA-2016-154711,2016-11-22,39.88,2,0.0,11.1664
CA-2016-154711,2016-11-22,12.192,4,0.2,4.1148
CA-2016-154711,2016-11-22,20.82,3,0.0,7.4952
CA-2016-163384,2016-11-10,13.216,4,0.2,4.4604
CA-2016-163384,2016-11-10,32.4,5,0.0,15.552
CA-2015-101707,2015-08-27,32.94,3,0.0,9.2232
CA-2015-101707,2015-08-27,114.2,5,0.0,52.532
CA-2015-101707,2015-08-27,3.08,1,0.0,1.4784
CA-2015-138898,2015-05-25,845.728,13,0.2,84.5728
CA-2017-115427,2017-12-30,13.904,2,0.2,4.5188
CA-2017-115427,2017-12-30,20.72,2,0.2,6.475
CA-2016-134425,2016-12-08,114.95,5,0.0,2.299
CA-2015-121391,2015-10-04,26.96,2,0.0,7.0096
CA-2016-137043,2016-12-23,572.76,6,0.0,166.1004
CA-2016-137043,2016-12-23,286.38,3,0.0,83.0502
CA-2015-115847,2015-09-19,61.96,2,0.0,4.3372
US-2017-126179,2017-07-03,23.99,1,0.0,5.5177
US-2017-126179,2017-07-03,287.97,3,0.0,77.7519
CA-2016-101966,2016-07-14,419.944,7,0.2,52.493
CA-2016-141397,2016-06-20,46.76,7,0.0,22.4448
CA-2016-141397,2016-06-20,17.712,3,0.2,6.4206
CA-2016-141397,2016-06-20,21.78,2,0.0,5.6628
CA-2016-141397,2016-06-20,161.94,3,0.0,9.7164
CA-2016-141397,2016-06-20,161.568,2,0.2,-8.0784
CA-2016-141082,2016-12-09,3.69,1,0.0,1.7343
CA-2016-141082,2016-12-09,122.12,4,0.0,56.1752
US-2016-134488,2016-09-24,155.372,2,0.3,-13.3176
CA-2016-145919,2016-12-18,38.88,6,0.0,18.6624
CA-2016-145919,2016-12-18,183.84,8,0.0,62.5056
CA-2016-145919,2016-12-18,579.3,5,0.0,28.965
CA-2017-157651,2017-12-10,14.2,1,0.2,3.3725
CA-2014-160773,2014-07-01,575.92,2,0.2,71.99
CA-2014-160773,2014-07-01,5.184,6,0.7,-3.6288
CA-2017-167703,2017-02-03,5.229,3,0.7,-4.1832
CA-2017-167703,2017-02-03,285.552,2,0.2,35.694
CA-2017-121804,2017-03-03,72.8,5,0.0,19.656
CA-2017-162635,2017-10-09,10.816,4,0.2,3.5152
CA-2014-107153,2014-09-28,46.26,3,0.0,12.4902
US-2014-117058,2014-05-27,17.46,6,0.8,-30.555
CA-2015-120439,2015-06-14,51.072,6,0.2,5.1072
CA-2016-128258,2016-03-30,11.34,1,0.0,5.5566
CA-2017-106033,2017-10-15,87.92,4,0.0,26.376
CA-2016-142762,2016-05-23,37.05,3,0.0,16.302
CA-2017-127705,2017-06-02,2.97,1,0.4,-0.6435
CA-2017-127705,2017-06-02,27.44,2,0.2,2.401
CA-2014-122567,2014-02-16,1.08,3,0.8,-1.728
CA-2014-122567,2014-02-16,7.96,2,0.8,-13.93
CA-2014-121664,2014-05-06,140.736,8,0.2,52.776
CA-2016-122133,2016-05-16,552.56,4,0.0,0.0
US-2017-123281,2017-04-02,25.11,3,0.0,6.5286
CA-2017-100524,2017-03-31,29.78,2,0.0,8.0406
CA-2017-100524,2017-03-31,677.58,3,0.0,176.1708
CA-2017-100524,2017-03-31,75.04,8,0.0,36.0192
CA-2017-113481,2017-01-02,695.7,2,0.5,-27.828
CA-2017-113481,2017-01-02,15.66,5,0.7,-12.528
CA-2017-113481,2017-01-02,28.854,6,0.7,-21.1596
CA-2015-131758,2015-05-28,47.82,3,0.0,14.346
CA-2015-131758,2015-05-28,13.05,5,0.0,6.003
CA-2014-118339,2014-03-17,93.78,2,0.0,36.5742
CA-2014-118339,2014-03-17,47.18,7,0.0,23.59
CA-2014-118339,2014-03-17,19.68,6,0.0,5.7072
CA-2014-118339,2014-03-17,53.4,10,0.0,25.098
CA-2014-118339,2014-03-17,35.88,6,0.0,17.2224
CA-2014-153976,2014-10-03,258.279,3,0.3,-70.1043
CA-2016-162901,2016-03-28,31.4,2,0.0,7.85
CA-2017-162978,2017-05-04,183.96,5,0.2,20.6955
CA-2017-162978,2017-05-04,17.61,3,0.0,8.4528
CA-2017-162978,2017-05-04,300.904,1,0.2,11.2839
US-2014-160444,2014-07-05,220.776,3,0.2,-44.1552
US-2014-160444,2014-07-05,281.424,11,0.2,-35.178
CA-2016-145247,2016-05-05,79.14,3,0.0,36.4044
CA-2017-160045,2017-04-26,1.988,1,0.6,-1.4413
US-2014-151925,2014-09-26,145.568,2,0.2,0.0
CA-2017-125199,2017-10-19,123.256,7,0.2,9.2442
CA-2017-125199,2017-10-19,23.68,4,0.2,7.4
CA-2017-125199,2017-10-19,309.576,4,0.4,-56.7556
US-2017-155425,2017-11-10,38.388,14,0.7,-25.592
US-2017-155425,2017-11-10,95.994,2,0.7,-63.996
US-2017-155425,2017-11-10,239.952,6,0.2,-35.9928
US-2017-155425,2017-11-10,201.584,2,0.2,15.1188
US-2017-155425,2017-11-10,899.136,4,0.2,-146.1096
CA-2017-133249,2017-07-08,145.9,5,0.0,62.737
US-2015-103471,2015-12-24,590.058,7,0.7,-786.744
US-2015-103471,2015-12-24,14.04,3,0.2,1.5795
CA-2017-136672,2017-03-07,49.08,3,0.0,4.908
US-2014-157021,2014-04-01,29.6,2,0.0,14.8
US-2014-157021,2014-04-01,17.088,4,0.2,5.5536
CA-2015-120362,2015-09-14,912.75,5,0.0,118.6575
CA-2014-126361,2014-08-04,1089.75,3,0.0,305.13
CA-2014-126361,2014-08-04,447.84,8,0.0,219.4416
CA-2014-126361,2014-08-04,16.4,5,0.0,4.264
CA-2014-126361,2014-08-04,399.96,5,0.2,34.9965
CA-2014-126361,2014-08-04,158.9,5,0.0,7.945
CA-2014-126361,2014-08-04,13.184,1,0.2,4.7792
US-2016-100566,2016-09-03,83.952,3,0.6,-90.2484
US-2016-108504,2016-02-05,80.98,1,0.0,1.6196
US-2016-108504,2016-02-05,348.84,9,0.0,170.9316
US-2016-108504,2016-02-05,9.45,5,0.0,0.189
US-2016-108504,2016-02-05,18.84,3,0.0,7.1592
US-2016-108504,2016-02-05,239.98,2,0.0,52.7956
US-2016-108504,2016-02-05,167.96,2,0.0,78.9412
US-2016-108504,2016-02-05,104.85,3,0.0,28.3095
US-2016-108504,2016-02-05,484.83,3,0.0,126.0558
US-2016-108504,2016-02-05,122.97,3,0.0,60.2553
US-2016-108504,2016-02-05,154.44,3,0.0,1.5444
US-2016-108504,2016-02-05,342.37,7,0.0,160.9139
CA-2017-124828,2017-07-03,9.552,3,0.2,1.5522
US-2017-117247,2017-10-09,652.45,5,0.5,-430.617
US-2017-117247,2017-10-09,66.645,3,0.5,-42.6528
CA-2016-124485,2016-11-24,17.216,4,0.2,6.0256
CA-2016-124485,2016-11-24,11.56,2,0.0,5.6644
CA-2016-124485,2016-11-24,88.4,4,0.0,11.492
CA-2016-124485,2016-11-24,6.48,1,0.0,3.1104
CA-2016-159212,2016-11-01,21.8,2,0.0,6.104
CA-2016-159212,2016-11-01,251.79,3,0.0,118.3413
US-2016-161396,2016-04-19,205.176,2,0.4,-58.1332
US-2016-161396,2016-04-19,419.4,5,0.2,146.79
US-2014-118486,2014-04-06,10.304,1,0.2,-2.1896
US-2014-118486,2014-04-06,154.764,3,0.4,-36.1116
US-2014-118486,2014-04-06,116.784,2,0.2,21.897
CA-2016-130407,2016-09-02,75.48,2,0.0,19.6248
CA-2016-130407,2016-09-02,39.98,2,0.0,9.995
US-2016-122245,2016-09-25,393.165,3,0.5,-204.4458
CA-2017-105144,2017-11-04,23.68,2,0.2,8.88
CA-2016-136329,2016-07-09,408.006,2,0.1,72.5344
CA-2016-136329,2016-07-09,165.28,4,0.0,14.8752
CA-2014-146640,2014-06-30,334.768,7,0.2,108.7996
CA-2017-115994,2017-01-28,239.97,3,0.0,26.3967
CA-2017-115994,2017-01-28,37.74,3,0.0,12.8316
CA-2015-126697,2015-09-21,946.344,7,0.2,118.293
CA-2015-126697,2015-09-21,151.2,3,0.2,32.13
CA-2015-126697,2015-09-21,4.928,4,0.6,-1.4784
CA-2015-124800,2015-09-26,86.272,4,0.2,31.2736
CA-2015-124800,2015-09-26,72.588,2,0.7,-48.392
CA-2015-124800,2015-09-26,60.672,2,0.2,14.4096
CA-2015-124800,2015-09-26,77.031,9,0.7,-59.0571
CA-2015-124800,2015-09-26,119.904,6,0.2,-1.4988
CA-2015-124800,2015-09-26,263.96,5,0.2,23.0965
CA-2015-124800,2015-09-26,363.648,4,0.2,-86.3664
US-2015-164448,2015-10-31,9.728,2,0.2,3.2832
US-2015-164448,2015-10-31,14.75,5,0.0,7.08
US-2015-164448,2015-10-31,29.8,5,0.2,9.3125
US-2015-164448,2015-10-31,427.42,14,0.0,196.6132
CA-2017-122700,2017-11-26,220.752,8,0.4,-40.4712
CA-2014-120768,2014-12-19,152.76,6,0.0,74.8524
CA-2014-120768,2014-12-19,7.27,1,0.0,1.9629
CA-2014-120768,2014-12-19,1819.86,14,0.0,163.7874
US-2016-153129,2016-12-26,33.9,5,0.0,15.594
CA-2017-106852,2017-06-20,31.104,6,0.2,10.8864
CA-2017-106852,2017-06-20,5.248,2,0.2,0.5904
CA-2015-139731,2015-10-15,263.88,3,0.2,42.8805
CA-2015-139731,2015-10-15,2453.43,5,0.3,-350.49
CA-2017-122735,2017-04-12,29.7,5,0.0,13.365
CA-2017-122735,2017-04-12,39.96,4,0.0,17.982
CA-2017-128160,2017-12-19,36.672,2,0.2,11.46
CA-2017-117695,2017-08-05,13.76,2,0.0,6.3296
CA-2015-166135,2015-10-01,139.424,4,0.2,17.428
CA-2016-133725,2016-05-23,1979.928,9,0.2,148.4946
CA-2017-102337,2017-06-13,164.736,4,0.2,-39.1248
CA-2017-102337,2017-06-13,470.302,7,0.3,-87.3418
CA-2017-102337,2017-06-13,47.984,2,0.2,5.998
US-2014-112564,2014-04-23,2.502,3,0.7,-1.7514
CA-2015-145821,2015-05-01,88.752,3,0.2,11.094
US-2015-160150,2015-07-19,2.025,1,0.7,-1.35
CA-2016-133711,2016-11-26,70.98,7,0.0,34.7802
CA-2016-133711,2016-11-26,91.68,3,0.0,45.84
CA-2016-133711,2016-11-26,33.75,5,0.0,16.875
CA-2016-133711,2016-11-26,3040.0,8,0.0,1459.2
CA-2017-148474,2017-06-12,91.2,3,0.0,41.952
CA-2017-148474,2017-06-12,452.94,3,0.0,67.941
CA-2015-111297,2015-08-17,52.2,9,0.0,23.49
CA-2016-123722,2016-09-25,15.936,4,0.2,5.1792
CA-2014-155271,2014-05-04,27.46,2,0.0,9.8856
CA-2015-119907,2015-12-01,55.424,2,0.2,19.3984
US-2016-128902,2016-03-11,244.006,2,0.3,-31.3722
CA-2016-152289,2016-08-26,159.984,2,0.2,43.9956
CA-2016-152289,2016-08-26,1024.716,6,0.3,-29.2776
US-2016-104794,2016-12-16,3.68,2,0.0,1.8032
CA-2014-151708,2014-08-08,121.376,4,0.2,-3.0344
CA-2014-151708,2014-08-08,95.976,3,0.2,-10.7973
CA-2015-100769,2015-05-16,255.968,4,0.2,31.996
CA-2017-139199,2017-12-09,872.94,3,0.0,226.9644
CA-2017-139199,2017-12-09,41.54,2,0.0,19.5238
CA-2017-139199,2017-12-09,12.96,2,0.0,6.2208
US-2015-161466,2015-09-24,6.848,2,0.2,0.5992
CA-2017-164959,2017-07-11,8.67,3,0.0,4.0749
US-2015-105676,2015-12-01,6.688,4,0.6,-4.0128
CA-2016-113138,2016-11-19,17.28,6,0.0,5.0112
CA-2016-113138,2016-11-19,17.712,3,0.2,6.4206
US-2017-104955,2017-03-19,28.91,7,0.0,13.2986
CA-2016-121958,2016-11-13,52.136,7,0.2,5.8653
CA-2017-121468,2017-11-19,31.968,4,0.2,2.3976
US-2016-108455,2016-12-02,25.92,4,0.0,12.4416
US-2016-108455,2016-12-02,40.46,7,0.0,19.8254
US-2016-108455,2016-12-02,33.87,3,0.0,8.8062
CA-2017-101210,2017-08-25,9.728,2,0.2,1.7024
CA-2017-101210,2017-08-25,3.424,1,0.2,1.07
US-2016-108098,2016-10-14,177.0,3,0.0,30.09
CA-2014-119032,2014-11-27,3.76,2,0.0,1.316
CA-2015-140410,2015-11-03,1212.848,7,0.2,106.1242
CA-2015-140410,2015-11-03,89.97,3,0.0,37.7874
CA-2015-140410,2015-11-03,42.6,3,0.0,16.614
CA-2014-136280,2014-11-29,5.04,2,0.2,1.764
CA-2017-151911,2017-04-30,62.96,4,0.0,28.332
CA-2017-166436,2017-11-24,5.88,1,0.0,2.8812
CA-2017-166436,2017-11-24,977.292,6,0.1,173.7408
CA-2017-139661,2017-10-30,9.64,2,0.0,3.6632
CA-2014-123925,2014-12-17,40.05,3,0.0,11.214
CA-2017-152485,2017-09-04,10.192,7,0.2,3.185
CA-2017-152485,2017-09-04,16.784,1,0.2,-0.2098
CA-2017-152485,2017-09-04,13.12,5,0.2,3.772
CA-2016-141586,2016-10-17,18.16,5,0.2,6.583
CA-2017-130386,2017-11-12,16.056,3,0.2,5.8203
CA-2017-130386,2017-11-12,223.056,9,0.2,69.705
CA-2017-130386,2017-11-12,540.048,3,0.2,-47.2542
CA-2016-100468,2016-11-24,33.52,2,0.2,3.352
CA-2016-100468,2016-11-24,9.94,2,0.0,3.0814
CA-2015-153388,2015-08-01,6.72,4,0.0,3.36
CA-2015-153388,2015-08-01,1004.976,6,0.2,-175.8708
CA-2017-154935,2017-12-24,17.88,3,0.2,5.5875
CA-2016-134208,2016-09-17,396.0,4,0.0,190.08
CA-2017-108294,2017-12-10,34.5,3,0.0,15.525
CA-2017-103611,2017-09-12,8.36,2,0.0,3.0096
CA-2017-100384,2017-06-24,385.6,8,0.0,111.824
CA-2017-100384,2017-06-24,35.82,9,0.0,11.8206
CA-2017-112809,2017-08-18,200.064,3,0.2,12.504
CA-2017-112809,2017-08-18,21.38,5,0.8,-33.139
CA-2017-112809,2017-08-18,6.744,4,0.8,-11.4648
US-2017-160759,2017-12-11,63.686,1,0.3,-9.098
CA-2017-148446,2017-12-10,1669.6,4,0.0,116.872
CA-2014-111059,2014-02-03,83.84,2,0.2,27.248
CA-2014-111059,2014-02-03,13.272,3,0.2,4.3134
CA-2017-116204,2017-02-11,21.336,7,0.2,7.7343
CA-2017-109946,2017-04-16,16.52,5,0.2,2.065
CA-2015-144806,2015-12-06,206.112,6,0.2,48.9516
CA-2015-144806,2015-12-06,19.92,5,0.2,6.723
CA-2015-144806,2015-12-06,198.272,8,0.2,61.96
CA-2015-144806,2015-12-06,247.104,6,0.2,-58.6872
CA-2015-144806,2015-12-06,86.304,6,0.2,9.7092
CA-2016-122392,2016-07-22,4.16,2,0.2,0.364
CA-2016-122392,2016-07-22,11.648,2,0.2,3.3488
CA-2015-148432,2015-11-07,26.18,7,0.0,0.5236
CA-2015-148432,2015-11-07,7.3,2,0.0,3.431
CA-2015-103793,2015-03-26,74.352,3,0.2,23.235
CA-2017-159884,2017-08-31,10.744,1,0.2,0.8058
CA-2017-159884,2017-08-31,8.376,3,0.2,2.7222
CA-2016-139885,2016-12-04,212.88,6,0.0,0.0
CA-2017-124086,2017-02-10,203.983,2,0.15,16.7986
CA-2016-112389,2016-10-29,40.74,3,0.0,0.4074
CA-2016-112389,2016-10-29,11.67,3,0.0,3.0342
CA-2017-121888,2017-09-15,39.99,1,0.0,11.5971
CA-2017-121888,2017-09-15,16.28,2,0.0,6.512
CA-2017-121888,2017-09-15,782.94,3,0.0,203.5644
CA-2017-121888,2017-09-15,242.48,7,0.0,116.3904
CA-2014-166884,2014-03-11,8.32,5,0.2,2.288
CA-2014-166884,2014-03-11,10.464,6,0.2,1.7004
CA-2014-107181,2014-02-04,82.896,3,0.2,29.0136
CA-2014-107181,2014-02-04,34.24,4,0.0,16.0928
CA-2014-150245,2014-12-31,1573.488,7,0.2,196.686
CA-2015-111395,2015-11-23,335.52,4,0.2,117.432
CA-2015-111395,2015-11-23,23.912,2,0.8,-40.6504
CA-2015-111395,2015-11-23,27.056,2,0.2,2.3674
CA-2014-134278,2014-07-06,559.992,1,0.2,174.9975
US-2017-124926,2017-11-13,9.324,6,0.8,-24.7086
CA-2016-159345,2016-06-17,111.96,2,0.0,54.8604
CA-2014-130274,2014-05-03,21.56,7,0.0,10.3488
CA-2017-158386,2017-10-16,124.75,5,0.0,57.385
CA-2015-111507,2015-02-06,5.28,3,0.0,1.5312
CA-2017-120761,2017-09-04,91.96,4,0.0,39.5428
CA-2016-109176,2016-05-09,9.344,1,0.2,3.504
CA-2016-109176,2016-05-09,79.36,5,0.2,9.92
CA-2015-112116,2015-03-16,171.96,2,0.0,44.7096
CA-2016-126809,2016-04-09,35.352,9,0.2,12.8151
CA-2014-105172,2014-04-04,18.9,6,0.0,9.072
CA-2017-107293,2017-09-05,2.78,1,0.0,0.7228
US-2017-102890,2017-06-30,1044.63,5,0.4,-295.9785
CA-2015-158554,2015-11-09,11.352,3,0.2,4.1151
CA-2014-116239,2014-03-04,354.9,5,0.0,17.745
CA-2015-132101,2015-03-19,453.576,3,0.2,39.6879
CA-2015-129112,2015-11-29,21.48,3,0.2,-0.2685
CA-2015-129112,2015-11-29,8.784,4,0.8,-13.6152
US-2017-152002,2017-06-11,122.97,3,0.0,60.2553
CA-2017-165029,2017-11-26,12.84,3,0.0,3.7236
US-2014-157385,2014-11-23,603.92,5,0.2,-67.941
US-2014-157385,2014-11-23,21.84,3,0.0,10.4832
US-2014-157385,2014-11-23,29.99,1,0.0,6.2979
US-2014-157385,2014-11-23,381.44,2,0.2,23.84
CA-2014-101602,2014-12-15,40.68,3,0.2,-9.153
CA-2014-101602,2014-12-15,763.28,5,0.3,-21.808
CA-2016-109057,2016-04-22,23.952,2,0.2,2.3952
CA-2016-154403,2016-05-23,4.98,1,0.0,2.4402
CA-2016-102456,2016-02-27,170.88,3,0.0,49.5552
CA-2015-131338,2015-08-09,307.98,2,0.0,89.3142
CA-2015-131338,2015-08-09,382.806,9,0.4,-153.1224
CA-2015-131338,2015-08-09,41.96,2,0.0,2.9372
CA-2015-131338,2015-08-09,1217.568,2,0.2,456.588
CA-2015-131338,2015-08-09,47.04,3,0.0,18.3456
CA-2015-131338,2015-08-09,6.16,2,0.0,2.9568
CA-2015-131338,2015-08-09,979.95,5,0.0,274.386
CA-2015-131338,2015-08-09,143.7,3,0.0,68.976
CA-2015-131338,2015-08-09,10.65,3,0.0,5.0055
CA-2015-131338,2015-08-09,247.8,4,0.0,34.692
CA-2016-109911,2016-05-12,10.96,4,0.0,2.9592
US-2016-132423,2016-04-15,33.488,7,0.2,5.8604
US-2016-132423,2016-04-15,8.04,5,0.2,2.9145
CA-2015-122826,2015-06-23,201.568,4,0.2,22.6764
CA-2014-117317,2014-10-19,13.44,3,0.0,6.5856
CA-2015-118423,2015-03-24,359.058,3,0.3,-35.9058
CA-2017-149181,2017-05-08,47.992,2,0.3,-2.0568
CA-2017-132234,2017-10-16,547.3,13,0.0,175.136
CA-2017-158876,2017-11-19,16.896,4,0.2,5.28
CA-2017-158876,2017-11-19,6.672,1,0.2,0.5004
CA-2017-158876,2017-11-19,99.136,4,0.2,8.6744
CA-2017-158876,2017-11-19,15.992,2,0.6,-13.993
CA-2016-164672,2016-05-08,211.96,2,0.0,42.392
US-2016-132857,2016-12-11,6.672,3,0.2,1.668
CA-2017-116645,2017-11-30,155.94,6,0.0,45.2226
US-2016-115819,2016-04-19,39.96,5,0.2,12.987
US-2016-115819,2016-04-19,5.46,3,0.0,1.5288
US-2016-115819,2016-04-19,73.2,5,0.0,21.228
US-2016-115819,2016-04-19,5.84,1,0.2,1.971
US-2016-115819,2016-04-19,22.72,4,0.0,10.224
US-2016-115819,2016-04-19,9.336,3,0.2,3.2676
CA-2014-156349,2014-05-26,290.666,2,0.15,27.3568
CA-2014-156349,2014-05-26,201.584,2,0.2,20.1584
CA-2014-156349,2014-05-26,83.984,2,0.2,31.494
CA-2017-138380,2017-12-21,1000.02,7,0.0,290.0058
US-2016-113509,2016-03-15,83.976,3,0.2,-13.6461
CA-2015-130022,2015-08-10,3.75,1,0.0,1.8
CA-2015-130022,2015-08-10,41.4,4,0.0,19.872
CA-2015-130022,2015-08-10,29.79,3,0.0,12.5118
US-2016-118780,2016-09-10,59.48,2,0.0,8.922
US-2016-118780,2016-09-10,6.69,1,0.0,3.0774
CA-2017-108560,2017-07-08,198.46,2,0.0,99.23
CA-2017-108560,2017-07-08,786.48,8,0.0,385.3752
CA-2017-108560,2017-07-08,23.168,2,0.2,7.8192
CA-2017-108560,2017-07-08,50.0,2,0.0,10.5
CA-2015-157084,2015-12-19,675.96,5,0.2,84.495
CA-2015-157084,2015-12-19,1265.85,3,0.0,556.974
CA-2015-164539,2015-11-16,523.25,5,0.0,141.2775
CA-2015-143119,2015-09-24,517.5,6,0.0,155.25
CA-2017-101049,2017-06-21,17.92,5,0.2,2.464
CA-2017-101049,2017-06-21,41.256,6,0.7,-34.38
CA-2016-106530,2016-05-08,1006.056,3,0.2,88.0299
CA-2016-106530,2016-05-08,10.688,2,0.2,3.7408
CA-2016-106530,2016-05-08,10.368,2,0.2,3.6288
CA-2016-106530,2016-05-08,25.12,2,0.2,1.57
CA-2016-106530,2016-05-08,58.112,2,0.2,7.264
CA-2014-168984,2014-11-26,15.552,3,0.2,5.4432
CA-2014-168984,2014-11-26,669.08,5,0.2,-167.27
CA-2014-168984,2014-11-26,438.336,4,0.2,-87.6672
CA-2016-157266,2016-05-26,19.44,3,0.0,9.3312
CA-2016-157266,2016-05-26,9.64,2,0.0,4.4344
CA-2016-157266,2016-05-26,12.7,2,0.0,5.842
CA-2016-157266,2016-05-26,41.37,3,0.0,17.3754
US-2014-134712,2014-11-29,12.624,2,0.2,3.945
CA-2015-111829,2015-03-19,1247.64,3,0.0,349.3392
CA-2015-111829,2015-03-19,3149.93,7,0.0,1480.4671
CA-2015-111829,2015-03-19,209.7,2,0.0,100.656
CA-2015-105221,2015-11-01,35.36,2,0.2,-3.094
CA-2015-105221,2015-11-01,3.168,2,0.2,-0.7128
CA-2015-120341,2015-09-26,121.104,6,0.7,-100.92
CA-2015-120341,2015-09-26,45.894,1,0.4,-9.1788
CA-2014-135699,2014-08-29,109.92,2,0.0,53.8608
CA-2014-135699,2014-08-29,13.36,2,0.0,6.4128
US-2017-132444,2017-11-18,169.68,6,0.0,45.8136
US-2017-132444,2017-11-18,132.52,4,0.0,54.3332
US-2017-132444,2017-11-18,2.96,2,0.0,1.4208
US-2017-132444,2017-11-18,8.448,2,0.2,2.9568
US-2017-132444,2017-11-18,95.94,3,0.0,9.594
CA-2014-127159,2014-05-12,34.79,7,0.0,10.7849
CA-2017-161809,2017-01-20,160.776,3,0.2,10.0485
CA-2017-127285,2017-10-30,88.752,3,0.2,27.735
CA-2017-127285,2017-10-30,13.904,2,0.2,5.214
CA-2017-144526,2017-04-30,677.58,5,0.4,-158.102
CA-2017-144526,2017-04-30,13.896,3,0.7,-9.264
CA-2016-128531,2016-11-24,41.92,5,0.2,3.668
CA-2016-128531,2016-11-24,297.576,3,0.2,-7.4394
CA-2016-128531,2016-11-24,4.344,3,0.2,0.8688
CA-2016-128531,2016-11-24,94.992,2,0.2,-2.3748
CA-2016-128531,2016-11-24,74.352,3,0.2,23.235
CA-2016-128531,2016-11-24,14.04,3,0.2,1.5795
US-2015-157154,2015-01-10,1018.104,4,0.4,-373.3048
CA-2017-159457,2017-10-19,16.68,3,0.2,5.2125
CA-2016-107615,2016-03-22,58.58,2,0.0,19.3314
CA-2017-111647,2017-07-03,167.968,4,0.2,62.988
CA-2015-150560,2015-12-11,196.62,2,0.0,96.3438
CA-2015-143077,2015-09-17,21.936,2,0.6,-10.4196
CA-2015-143077,2015-09-17,6.588,3,0.8,-10.2114
CA-2016-122728,2016-05-18,104.28,3,0.0,26.07
CA-2016-122728,2016-05-18,17.94,3,0.0,8.7906
CA-2014-122882,2014-09-07,64.784,1,0.2,-14.5764
CA-2014-122882,2014-09-07,32.382,3,0.4,4.3176
CA-2014-122882,2014-09-07,42.368,2,0.2,8.4736
CA-2014-122882,2014-09-07,399.54,4,0.7,-559.356
US-2016-101497,2016-09-29,18.97,1,0.0,9.1056
CA-2016-147585,2016-11-07,14.82,3,0.0,6.2244
CA-2017-149489,2017-04-24,99.28,2,0.2,12.41
CA-2017-149489,2017-04-24,1.188,2,0.7,-0.99
CA-2017-149489,2017-04-24,7.518,2,0.7,-5.7638
CA-2017-143798,2017-12-10,10.368,2,0.2,3.6288
CA-2017-143798,2017-12-10,310.88,2,0.2,23.316
CA-2014-142839,2014-08-16,853.092,6,0.4,-227.4912
CA-2017-129833,2017-12-09,33.45,5,0.0,15.387
CA-2017-129833,2017-12-09,10.4,5,0.0,5.096
US-2016-154361,2016-03-14,21.88,5,0.2,6.2905
US-2016-158708,2016-06-26,13.616,2,0.2,3.5742
CA-2015-156335,2015-09-25,63.96,4,0.0,19.8276
CA-2015-156335,2015-09-25,14.46,3,0.0,7.0854
CA-2015-156335,2015-09-25,104.98,2,0.0,52.49
CA-2015-148376,2015-12-27,106.96,2,0.0,31.0184
CA-2015-148376,2015-12-27,21.56,7,0.0,10.3488
CA-2014-135657,2014-06-03,515.88,6,0.0,113.4936
CA-2015-114069,2015-07-13,11.808,2,0.2,4.2804
CA-2015-114069,2015-07-13,1931.04,9,0.1,321.84
CA-2015-114069,2015-07-13,9.96,2,0.0,4.6812
CA-2014-139857,2014-02-02,12.35,5,0.0,5.8045
CA-2016-106306,2016-03-08,9.702,3,0.7,-7.1148
CA-2015-100545,2015-11-22,11.61,2,0.7,-9.288
CA-2017-123491,2017-10-30,43.86,6,0.0,20.6142
CA-2017-123491,2017-10-30,148.48,2,0.2,16.704
CA-2017-123491,2017-10-30,7.42,2,0.0,3.71
CA-2017-123491,2017-10-30,71.992,1,0.2,-0.8999
CA-2017-123491,2017-10-30,19.9,5,0.0,6.567
CA-2017-123491,2017-10-30,1702.12,14,0.0,510.636
CA-2015-145401,2015-01-30,14.304,6,0.2,5.0064
US-2017-124968,2017-09-08,765.625,7,0.5,-566.5625
CA-2017-104003,2017-10-07,307.666,2,0.15,-14.4784
CA-2016-154788,2016-04-30,7.712,2,0.2,2.7956
CA-2016-169943,2016-05-19,242.9,5,0.0,70.441
CA-2016-169943,2016-05-19,454.9,5,0.0,0.0
CA-2016-169943,2016-05-19,35.92,4,0.0,15.0864
CA-2016-169943,2016-05-19,39.76,8,0.0,12.3256
CA-2016-169943,2016-05-19,47.744,4,0.2,14.92
US-2015-123218,2015-12-20,159.984,2,0.2,11.9988
US-2015-123218,2015-12-20,255.968,4,0.2,51.1936
US-2015-123218,2015-12-20,359.058,3,0.3,-71.8116
CA-2015-127453,2015-12-19,434.352,3,0.2,43.4352
CA-2015-127453,2015-12-19,3.552,2,0.2,0.444
CA-2015-127453,2015-12-19,88.832,4,0.2,7.7728
US-2017-164056,2017-04-29,1048.35,5,0.4,-69.89
CA-2016-106894,2016-02-07,100.0,4,0.0,21.0
CA-2016-106894,2016-02-07,7.83,3,0.0,3.6018
CA-2014-125136,2014-09-28,96.256,8,0.2,31.2832
CA-2014-125136,2014-09-28,10.688,2,0.2,3.7408
US-2016-131149,2016-07-10,338.04,3,0.2,-33.804
US-2016-131149,2016-07-10,154.24,4,0.2,17.352
CA-2017-101483,2017-07-29,34.848,2,0.2,6.534
CA-2017-101483,2017-07-29,22.0,5,0.2,1.375
CA-2017-101483,2017-07-29,4.368,3,0.2,0.3822
CA-2015-130204,2015-09-03,31.44,3,0.0,8.4888
CA-2015-130204,2015-09-03,17.9,2,0.0,3.401
CA-2015-130204,2015-09-03,129.45,5,0.0,46.602
CA-2014-110527,2014-08-09,20.88,8,0.0,9.6048
CA-2017-152807,2017-10-30,20.736,4,0.2,7.2576
CA-2017-152807,2017-10-30,7.168,2,0.2,0.9856
CA-2017-152807,2017-10-30,11.168,2,0.2,-2.5128
CA-2017-152807,2017-10-30,442.4,7,0.2,-55.3
CA-2014-133270,2014-06-06,13.36,2,0.0,4.9432
CA-2016-155670,2016-08-13,11.232,8,0.7,-8.2368
CA-2016-155670,2016-08-13,10.272,3,0.2,3.21
US-2014-157406,2014-04-25,10.368,2,0.2,3.6288
US-2014-157406,2014-04-25,6.24,3,0.2,0.546
CA-2015-139094,2015-11-22,206.962,2,0.3,-32.5226
CA-2017-168837,2017-10-14,9.46,2,0.0,3.6894
CA-2017-116715,2017-12-02,559.62,9,0.0,151.0974
CA-2017-116715,2017-12-02,109.92,2,0.0,53.8608
CA-2017-116715,2017-12-02,8.56,2,0.0,3.852
CA-2015-135622,2015-12-08,360.712,11,0.2,130.7581
CA-2015-135622,2015-12-08,1718.4,6,0.2,150.36
US-2015-107349,2015-07-13,41.568,6,0.8,-66.5088
CA-2014-139017,2014-05-11,46.864,2,0.2,7.6154
CA-2014-141817,2014-01-05,19.536,3,0.2,4.884
CA-2015-130785,2015-09-05,411.332,4,0.15,-4.8392
CA-2015-130785,2015-09-05,28.752,6,0.2,9.7038
CA-2015-130785,2015-09-05,293.199,3,0.15,-20.6964
CA-2016-110254,2016-08-04,35.06,2,0.0,10.518
CA-2016-110254,2016-08-04,4.13,1,0.0,1.8998
CA-2016-110254,2016-08-04,109.8,9,0.0,46.116
CA-2016-110254,2016-08-04,9.82,2,0.0,4.8118
US-2014-158057,2014-03-22,7.644,4,0.7,-5.8604
US-2014-158057,2014-03-22,51.465,5,0.7,-39.4565
CA-2017-146024,2017-03-02,6.976,4,0.2,-1.3952
CA-2017-146024,2017-03-02,12.222,7,0.8,-20.1663
CA-2016-129686,2016-11-27,97.984,2,0.2,-24.496
CA-2016-129686,2016-11-27,62.4,6,0.2,19.5
CA-2014-118976,2014-04-28,20.86,2,0.0,9.387
CA-2014-118976,2014-04-28,497.61,9,0.0,129.3786
CA-2014-118976,2014-04-28,5.34,2,0.0,1.4952
CA-2014-118976,2014-04-28,3.15,1,0.0,1.512
CA-2015-105347,2015-11-24,368.91,9,0.0,180.7659
CA-2015-105347,2015-11-24,14.7,5,0.0,6.615
CA-2016-124667,2016-11-11,59.97,3,0.0,14.9925
CA-2016-124667,2016-11-11,83.36,1,0.0,20.84
CA-2015-111094,2015-07-09,6.58,2,0.0,3.0268
CA-2015-111094,2015-07-09,122.94,3,0.0,59.0112
CA-2017-166317,2017-09-22,219.84,4,0.0,107.7216
CA-2017-166317,2017-09-22,98.16,6,0.0,9.816
CA-2017-166317,2017-09-22,33.04,8,0.0,15.5288
CA-2017-166317,2017-09-22,86.97,3,0.0,25.2213
CA-2015-154326,2015-02-15,134.97,3,0.0,64.7856
CA-2015-154326,2015-02-15,699.98,2,0.0,195.9944
CA-2015-154326,2015-02-15,139.95,5,0.0,26.5905
CA-2014-102008,2014-09-30,48.94,1,0.0,24.47
CA-2014-120474,2014-12-01,2807.84,8,0.0,673.8816
CA-2014-120474,2014-12-01,46.64,4,0.0,12.5928
CA-2014-104773,2014-12-08,60.416,2,0.2,6.0416
CA-2016-140774,2016-09-05,107.94,3,0.0,26.985
US-2017-139465,2017-08-27,63.84,8,0.0,16.5984
US-2017-139465,2017-08-27,347.97,3,0.0,100.9113
US-2017-139465,2017-08-27,37.008,6,0.2,11.565
CA-2016-100965,2016-07-07,215.65,5,0.0,73.321
CA-2016-121034,2016-08-08,11.168,4,0.2,3.6296
CA-2016-121034,2016-08-08,53.952,3,0.2,17.5344
CA-2016-149461,2016-11-13,4.18,1,0.0,1.5048
CA-2017-158379,2017-09-22,5.607,1,0.7,-4.2987
CA-2017-158379,2017-09-22,4663.736,7,0.2,-1049.3406
CA-2017-158379,2017-09-22,79.984,2,0.2,22.9954
US-2016-116729,2016-12-25,2575.944,7,0.2,257.5944
US-2016-116729,2016-12-25,45.36,7,0.0,21.7728
US-2016-116729,2016-12-25,254.24,7,0.0,76.272
CA-2016-164938,2016-02-11,69.93,7,0.0,0.6993
CA-2016-165484,2016-10-23,16.156,7,0.6,-12.117
CA-2016-165484,2016-10-23,54.816,3,0.2,17.8152
CA-2014-132612,2014-06-09,1441.3,7,0.0,245.021
US-2017-161193,2017-11-20,77.6,5,0.2,28.13
US-2017-161193,2017-11-20,4.656,2,0.2,1.5714
CA-2015-131597,2015-09-14,170.136,3,0.2,-8.5068
CA-2015-164833,2015-06-04,7.38,2,0.0,3.4686
CA-2015-164833,2015-06-04,9.26,2,0.0,3.0558
CA-2015-125423,2015-12-13,9.96,2,0.0,4.5816
US-2014-130379,2014-05-25,75.6,2,0.8,-166.32
US-2014-130379,2014-05-25,29.32,2,0.6,-24.189
CA-2016-168956,2016-02-16,92.064,6,0.8,-225.5568
CA-2016-168956,2016-02-16,6.976,4,0.2,1.8312
CA-2016-168956,2016-02-16,62.958,3,0.3,-2.6982
CA-2016-168956,2016-02-16,5.184,1,0.2,1.8144
CA-2016-167507,2016-12-22,31.32,10,0.7,-25.056
CA-2016-167507,2016-12-22,11.84,4,0.2,3.108
CA-2016-167507,2016-12-22,22.784,1,0.2,4.8416
CA-2016-109344,2016-02-08,1127.976,3,0.2,126.8973
US-2015-140851,2015-07-13,38.88,6,0.0,18.6624
CA-2014-103373,2014-05-18,779.796,2,0.4,-168.9558
CA-2017-145884,2017-10-21,1439.92,8,0.0,374.3792
CA-2017-145884,2017-10-21,262.11,1,0.0,62.9064
CA-2015-131422,2015-11-05,207.0,3,0.2,25.875
CA-2017-162691,2017-08-01,1439.982,3,0.4,-263.9967
CA-2017-162691,2017-08-01,36.288,7,0.2,12.7008
CA-2014-141278,2014-06-21,21.4,5,0.0,6.206
CA-2017-122693,2017-02-19,1245.86,7,0.0,361.2994
CA-2014-117345,2014-08-01,17.544,3,0.2,5.9211
CA-2014-117345,2014-08-01,44.128,4,0.2,12.1352
CA-2014-117345,2014-08-01,62.92,1,0.2,10.2245
CA-2014-117345,2014-08-01,78.304,2,0.2,29.364
CA-2016-157763,2016-07-18,140.81,1,0.0,39.4268
CA-2015-135391,2015-02-09,40.096,4,0.2,13.5324
CA-2015-135391,2015-02-09,40.784,2,0.6,-30.588
US-2017-113852,2017-07-29,90.57,3,0.0,11.7741
US-2017-158512,2017-01-12,40.08,6,0.0,19.2384
US-2017-158512,2017-01-12,37.68,2,0.0,15.8256
CA-2017-128370,2017-09-10,362.352,3,0.2,27.1764
CA-2017-128370,2017-09-10,7.184,2,0.2,2.245
CA-2015-160472,2015-07-20,34.76,1,0.0,9.7328
CA-2015-160472,2015-07-20,831.2,5,0.0,124.68
CA-2015-160472,2015-07-20,26.4,5,0.0,11.88
CA-2015-160472,2015-07-20,106.75,7,0.0,49.105
CA-2015-160472,2015-07-20,97.82,2,0.0,45.9754
CA-2015-160472,2015-07-20,141.4,5,0.0,38.178
CA-2014-114643,2014-06-13,14.52,3,0.0,4.7916
US-2017-158218,2017-05-12,127.92,5,0.2,-15.99
US-2017-158218,2017-05-12,34.24,4,0.8,-53.072
CA-2015-121608,2015-09-03,137.62,2,0.0,60.5528
CA-2015-121608,2015-09-03,100.49,1,0.0,25.1225
US-2017-121251,2017-03-26,257.568,2,0.2,-28.9764
US-2017-121251,2017-03-26,119.96,4,0.0,33.5888
CA-2014-151078,2014-11-12,49.632,4,0.2,4.9632
US-2016-100839,2016-10-13,727.45,5,0.5,-465.568
US-2016-100839,2016-10-13,24.96,3,0.2,4.368
US-2017-116659,2017-11-12,370.782,3,0.4,-92.6955
CA-2017-118857,2017-04-15,196.45,5,0.0,70.722
CA-2015-127110,2015-06-25,31.104,6,0.2,10.8864
CA-2015-127110,2015-06-25,78.256,2,0.2,-17.6076
CA-2016-148201,2016-08-26,6.48,1,0.0,3.1104
CA-2014-116932,2014-07-21,99.2,5,0.0,25.792
CA-2014-116932,2014-07-21,801.568,2,0.2,50.098
CA-2014-116932,2014-07-21,272.848,1,0.2,27.2848
CA-2017-142888,2017-11-21,70.98,1,0.0,20.5842
CA-2014-147914,2014-06-04,16.224,2,0.2,5.8812
US-2016-112977,2016-03-10,176.784,1,0.2,-22.098
CA-2017-112039,2017-03-25,470.376,3,0.2,47.0376
CA-2017-118885,2017-12-29,393.568,4,0.2,-44.2764
CA-2017-118885,2017-12-29,302.376,3,0.2,22.6782
US-2017-166611,2017-03-28,68.742,9,0.7,-48.1194
CA-2015-109512,2015-03-05,29.34,3,0.0,14.67
CA-2015-109512,2015-03-05,383.607,7,0.1,63.9345
CA-2015-109512,2015-03-05,563.4,4,0.0,67.608
CA-2016-118570,2016-11-13,217.056,7,0.2,78.6828
CA-2017-154718,2017-01-19,6.0,2,0.2,2.1
CA-2016-147578,2016-04-22,31.56,3,0.0,10.4148
CA-2014-140165,2014-05-13,7.104,2,0.2,2.3976
CA-2014-140165,2014-05-13,398.352,8,0.7,-331.96
CA-2014-142587,2014-10-21,121.792,4,0.2,13.7016
CA-2014-142587,2014-10-21,409.59,3,0.4,-122.877
CA-2014-157623,2014-03-14,10.56,2,0.0,4.752
CA-2014-157623,2014-03-14,3.38,1,0.0,1.2506
CA-2017-145310,2017-12-22,7.824,1,0.2,2.934
CA-2016-100083,2016-11-24,24.784,1,0.2,7.745
US-2017-108063,2017-12-02,34.65,3,0.0,10.395
CA-2015-109197,2015-12-31,487.984,2,0.2,152.495
CA-2017-141789,2017-10-03,1793.98,2,0.0,843.1706
CA-2014-169775,2014-08-29,29.808,2,0.2,10.8054
CA-2014-169775,2014-08-29,505.176,4,0.7,-336.784
CA-2014-169775,2014-08-29,174.0585,3,0.45,-110.7645
CA-2016-140543,2016-06-29,191.88,6,0.0,19.188
CA-2016-151141,2016-08-20,14.78,2,0.0,3.9906
CA-2017-167094,2017-10-21,5.184,1,0.2,1.8144
CA-2017-167094,2017-10-21,478.48,2,0.2,47.848
CA-2017-167094,2017-10-21,28.4,2,0.2,6.745
CA-2017-154410,2017-10-21,909.12,8,0.0,9.0912
US-2016-150567,2016-05-17,2.952,2,0.7,-2.1648
US-2016-150567,2016-05-17,27.018,6,0.7,-21.6144
CA-2015-157959,2015-02-03,136.92,4,0.0,41.076
CA-2017-105886,2017-12-18,18.96,2,0.0,8.532
CA-2016-105963,2016-11-15,99.39,3,0.0,40.7499
CA-2017-121503,2017-07-03,273.896,7,0.2,92.4399
CA-2017-121503,2017-07-03,597.132,3,0.4,49.761
CA-2014-103366,2014-01-15,149.95,5,0.0,65.978
CA-2017-124597,2017-04-30,4.608,2,0.2,1.6704
CA-2017-124597,2017-04-30,15.528,3,0.2,4.8525
CA-2017-124597,2017-04-30,11.952,3,0.2,3.8844
CA-2015-105634,2015-11-08,11.65,5,0.0,3.3785
CA-2015-123673,2015-10-30,299.9,2,0.0,74.975
US-2017-111423,2017-08-17,895.92,5,0.2,302.373
US-2017-111423,2017-08-17,462.564,2,0.1,97.6524
CA-2015-125178,2015-10-03,15.008,2,0.2,1.5008
CA-2016-156685,2016-07-08,863.64,9,0.2,107.955
CA-2016-156685,2016-07-08,47.616,3,0.2,3.5712
CA-2017-126865,2017-12-05,92.94,3,0.0,41.823
CA-2017-102834,2017-03-09,199.98,2,0.0,69.993
US-2016-139710,2016-06-09,177.48,3,0.2,19.9665
CA-2017-121538,2017-11-28,88.768,2,0.2,31.0688
US-2017-101539,2017-03-16,6.48,1,0.0,3.1104
US-2017-101539,2017-03-16,46.51,1,0.0,1.8604
US-2017-101539,2017-03-16,659.976,3,0.2,49.4982
CA-2016-152121,2016-11-27,271.992,1,0.2,23.7993
CA-2017-161200,2017-08-06,145.74,3,0.0,23.3184
CA-2017-161200,2017-08-06,15.4,5,0.0,7.392
CA-2017-101245,2017-11-27,244.55,5,0.0,114.9385
CA-2017-101245,2017-11-27,166.16,8,0.0,59.8176
CA-2015-141768,2015-05-25,14.73,3,0.0,4.8609
CA-2016-112109,2016-07-08,19.968,2,0.7,-13.312
CA-2016-112109,2016-07-08,33.488,7,0.2,-1.2558
CA-2016-112109,2016-07-08,8.736,4,0.7,-6.1152
CA-2016-112109,2016-07-08,662.88,3,0.2,74.574
CA-2017-144064,2017-08-29,47.36,4,0.2,17.76
CA-2017-144064,2017-08-29,27.44,2,0.2,2.401
CA-2017-144064,2017-08-29,3.24,9,0.8,-5.184
CA-2016-108581,2016-06-20,95.968,4,0.2,26.3912
CA-2016-108581,2016-06-20,10.368,2,0.2,3.6288
CA-2017-157987,2017-09-02,23.1,2,0.0,6.468
CA-2017-157987,2017-09-02,11.54,2,0.0,3.462
CA-2017-157987,2017-09-02,254.526,1,0.4,-93.3262
CA-2017-157987,2017-09-02,12.98,1,0.0,3.7642
CA-2017-157987,2017-09-02,26.432,8,0.2,8.9208
CA-2017-157987,2017-09-02,197.97,3,0.0,57.4113
CA-2017-157987,2017-09-02,18.9,6,0.0,9.072
CA-2017-157987,2017-09-02,1282.41,5,0.1,213.735
CA-2017-157987,2017-09-02,4.92,3,0.0,2.214
CA-2017-157987,2017-09-02,238.0,2,0.0,38.08
CA-2017-157987,2017-09-02,167.97,3,0.0,40.3128
CA-2017-157987,2017-09-02,17.12,4,0.0,7.704
CA-2017-110905,2017-09-10,16.2,3,0.0,7.776
CA-2017-110905,2017-09-10,33.99,3,0.0,14.6157
CA-2017-110905,2017-09-10,296.85,5,0.0,53.433
CA-2017-110905,2017-09-10,112.8,6,0.0,6.768
CA-2017-110905,2017-09-10,13.71,3,0.0,6.5808
CA-2017-110905,2017-09-10,24.9,5,0.0,11.703
CA-2017-110905,2017-09-10,286.29,3,0.0,17.1774
CA-2017-110905,2017-09-10,24.18,2,0.0,7.254
CA-2017-165841,2017-12-21,281.97,3,0.0,78.9516
CA-2017-165841,2017-12-21,69.5,5,0.0,20.155
CA-2017-165841,2017-12-21,166.44,3,0.0,79.8912
CA-2017-117485,2017-09-23,291.96,4,0.0,102.186
CA-2017-140242,2017-05-06,6.408,3,0.2,0.6408
CA-2017-140242,2017-05-06,408.744,7,0.2,76.6395
CA-2014-148950,2014-12-14,5.104,4,0.8,-8.6768
CA-2014-148950,2014-12-14,2.896,2,0.2,0.4706
CA-2014-148950,2014-12-14,35.016,3,0.2,-2.1885
CA-2014-110408,2014-10-18,275.97,3,0.0,11.0388
CA-2014-110408,2014-10-18,1394.95,5,0.0,362.687
CA-2014-110408,2014-10-18,545.88,6,0.0,70.9644
CA-2015-109939,2015-05-08,5.248,2,0.2,0.5904
CA-2016-112669,2016-04-14,933.536,4,0.2,105.0228
CA-2016-112669,2016-04-14,42.976,4,0.2,4.2976
CA-2015-119592,2015-12-14,3.76,2,0.0,1.8048
CA-2014-122749,2014-12-03,479.96,4,0.0,134.3888
CA-2014-164721,2014-11-25,320.88,6,0.0,93.0552
CA-2014-164721,2014-11-25,23.88,3,0.0,10.5072
CA-2014-164721,2014-11-25,26.76,4,0.0,12.3096
CA-2016-147417,2016-07-25,1439.976,4,0.4,191.9968
CA-2015-127509,2015-11-09,17.22,3,0.0,7.9212
CA-2015-127509,2015-11-09,1024.38,7,0.0,215.1198
CA-2015-127509,2015-11-09,26.22,3,0.0,12.3234
CA-2015-127509,2015-11-09,17.34,3,0.0,8.4966
CA-2017-111374,2017-02-24,4.956,4,0.7,-3.7996
CA-2017-133648,2017-06-25,71.04,6,0.2,26.64
CA-2017-133648,2017-06-25,5.344,2,0.2,0.7348
CA-2017-133648,2017-06-25,11.304,3,0.2,-2.1195
US-2017-147221,2017-12-02,294.62,5,0.8,-766.012
US-2017-147221,2017-12-02,8.752,4,0.6,-3.7196
CA-2014-131905,2014-02-06,15.0,4,0.0,7.2
CA-2014-131905,2014-02-06,161.61,1,0.0,42.0186
CA-2014-131905,2014-02-06,144.95,5,0.0,42.0355
CA-2017-166128,2017-04-11,199.95,5,0.0,21.9945
CA-2017-166128,2017-04-11,41.86,7,0.0,14.2324
CA-2017-163510,2017-12-25,95.94,3,0.0,9.594
CA-2017-163510,2017-12-25,304.45,5,0.0,76.1125
US-2017-143028,2017-04-11,11.364,3,0.8,-17.046
CA-2014-111150,2014-12-31,29.68,7,0.0,11.5752
CA-2014-111150,2014-12-31,47.53,7,0.0,16.1602
CA-2017-165386,2017-08-03,183.372,2,0.3,-36.6744
CA-2014-116407,2014-11-15,4.224,3,0.2,0.4752
CA-2014-116407,2014-11-15,333.056,2,0.2,29.1424
CA-2014-116407,2014-11-15,24.896,4,0.2,7.78
CA-2015-155761,2015-12-11,159.984,2,0.2,35.9964
CA-2015-155761,2015-12-11,46.344,3,0.2,4.6344
CA-2016-145905,2016-09-18,350.98,1,0.0,84.2352
CA-2016-145905,2016-09-18,13.08,2,0.0,6.0168
CA-2016-145905,2016-09-18,900.08,4,0.0,117.0104
CA-2015-113110,2015-03-19,17.568,2,0.2,6.3684
CA-2015-113110,2015-03-19,14.62,2,0.0,6.8714
CA-2015-113110,2015-03-19,33.36,4,0.0,8.6736
CA-2015-113110,2015-03-19,40.14,6,0.0,19.6686
CA-2016-168354,2016-09-19,1606.23,9,0.0,481.869
CA-2016-168354,2016-09-19,17.04,3,0.0,7.668
CA-2016-168354,2016-09-19,49.53,3,0.0,23.7744
CA-2016-168354,2016-09-19,872.32,4,0.0,244.2496
US-2017-111241,2017-08-20,239.12,5,0.2,77.714
CA-2015-114237,2015-03-13,141.96,2,0.0,39.7488
CA-2016-113516,2016-09-08,33.024,2,0.2,11.5584
CA-2016-113516,2016-09-08,67.136,4,0.2,23.4976
CA-2015-117961,2015-11-26,14.73,3,0.0,6.9231
CA-2015-117961,2015-11-26,104.9,5,0.0,25.176
CA-2015-117961,2015-11-26,61.04,4,0.0,30.52
CA-2015-117961,2015-11-26,10.95,3,0.0,5.1465
CA-2016-128923,2016-12-09,9.392,2,0.2,3.2872
CA-2016-128923,2016-12-09,9.328,1,0.2,0.8162
CA-2017-162481,2017-09-25,8.26,2,0.0,3.8822
CA-2017-162481,2017-09-25,269.97,3,0.0,51.2943
CA-2015-119214,2015-01-23,29.04,3,0.0,13.9392
CA-2015-119214,2015-01-23,14.62,2,0.0,6.8714
CA-2015-122287,2015-06-18,11.952,3,0.2,4.3326
CA-2015-122287,2015-06-18,4.536,7,0.7,-3.3264
CA-2015-122287,2015-06-18,9.156,2,0.7,-6.104
CA-2015-122287,2015-06-18,75.36,5,0.2,20.724
CA-2015-104493,2015-10-02,57.504,6,0.2,20.1264
US-2017-158946,2017-11-18,38.864,7,0.2,7.7728
CA-2014-129168,2014-08-17,15.552,3,0.2,5.4432
CA-2016-131835,2016-07-17,162.64,2,0.0,45.5392
CA-2016-131835,2016-07-17,597.0,3,0.0,280.59
CA-2016-131835,2016-07-17,55.48,1,0.0,26.6304
CA-2015-142237,2015-07-11,289.8,7,0.2,36.225
CA-2015-142237,2015-07-11,2.502,3,0.7,-2.0016
CA-2015-142237,2015-07-11,6.48,4,0.7,-4.752
CA-2015-142237,2015-07-11,341.488,8,0.3,-73.176
CA-2015-142237,2015-07-11,11.12,5,0.2,0.834
CA-2015-142237,2015-07-11,25.344,6,0.2,3.4848
CA-2016-136434,2016-12-01,17.31,3,0.0,5.193
CA-2017-120376,2017-12-22,199.95,5,0.0,63.984
CA-2017-120376,2017-12-22,1586.69,7,0.0,412.5394
CA-2017-120376,2017-12-22,84.99,1,0.0,30.5964
CA-2017-120376,2017-12-22,411.8,2,0.0,70.006
CA-2014-106439,2014-10-31,11.34,3,0.0,5.2164
CA-2014-106439,2014-10-31,80.3,5,0.0,20.878
CA-2014-106439,2014-10-31,15.968,2,0.2,5.3892
CA-2014-106439,2014-10-31,64.74,13,0.0,30.4278
CA-2014-106439,2014-10-31,19.296,3,0.2,6.03
CA-2014-106439,2014-10-31,405.64,4,0.0,12.1692
CA-2014-106439,2014-10-31,146.352,3,0.2,-9.147
CA-2014-106439,2014-10-31,251.91,9,0.0,47.8629
CA-2014-106439,2014-10-31,12.39,3,0.0,3.717
CA-2015-133452,2015-04-13,199.96,4,0.0,69.986
CA-2015-133452,2015-04-13,710.832,3,0.2,-97.7394
CA-2016-146521,2016-07-21,1.941,1,0.7,-1.294
US-2017-110996,2017-11-20,283.92,5,0.2,-46.137
CA-2016-129693,2016-11-26,7.312,2,0.2,2.5592
CA-2017-122504,2017-11-07,59.97,3,0.0,13.7931
CA-2017-122504,2017-11-07,761.544,7,0.2,66.6351
CA-2014-131051,2014-12-01,58.2,3,0.0,28.518
CA-2017-140676,2017-09-12,39.9,5,0.0,19.95
CA-2017-140676,2017-09-12,90.86,7,0.0,26.3494
CA-2017-140676,2017-09-12,94.85,5,0.0,45.528
CA-2015-120103,2015-12-24,106.232,7,0.2,37.1812
CA-2015-120103,2015-12-24,111.984,2,0.2,11.1984
CA-2015-120103,2015-12-24,7.712,2,0.2,1.7352
CA-2017-104647,2017-02-23,37.44,6,0.0,16.848
CA-2014-110352,2014-11-23,23.68,2,0.2,8.88
CA-2016-140501,2016-06-23,122.12,4,0.0,56.1752
CA-2016-140501,2016-06-23,18.45,5,0.0,8.6715
CA-2016-140501,2016-06-23,324.9,5,0.0,38.988
CA-2016-140501,2016-06-23,146.73,3,0.0,68.9631
CA-2016-140501,2016-06-23,3.96,2,0.0,1.4652
CA-2015-139290,2015-10-26,5.76,2,0.0,2.6496
CA-2017-166142,2017-07-15,26.55,3,0.0,13.0095
CA-2017-166142,2017-07-15,310.443,3,0.3,-48.7839
CA-2014-145926,2014-11-17,479.9,5,0.0,81.583
CA-2015-149678,2015-04-13,12.88,1,0.0,0.3864
US-2015-164357,2015-11-25,13.12,5,0.2,1.476
US-2016-146570,2016-05-15,511.84,8,0.0,240.5648
US-2016-146570,2016-05-15,91.96,4,0.0,25.7488
US-2016-146570,2016-05-15,8.34,3,0.0,2.1684
CA-2017-124401,2017-09-07,37.68,3,0.2,2.355
CA-2017-124401,2017-09-07,279.944,7,0.2,80.4839
US-2014-140116,2014-03-10,636.408,3,0.2,-15.9102
US-2014-140116,2014-03-10,83.168,4,0.2,9.3564
CA-2014-123295,2014-07-18,259.136,4,0.2,-25.9136
CA-2017-167101,2017-03-24,221.92,4,0.0,106.5216
CA-2017-167101,2017-03-24,26.0,2,0.0,11.7
US-2014-167633,2014-09-30,15.552,3,0.2,5.4432
US-2014-152723,2014-09-26,0.876,1,0.8,-1.4016
CA-2015-164882,2015-10-31,19.98,1,0.0,9.3906
CA-2015-164882,2015-10-31,398.352,3,0.2,124.485
CA-2015-164882,2015-10-31,5.04,3,0.0,1.26
CA-2015-164882,2015-10-31,17.45,5,0.0,8.027
CA-2015-164882,2015-10-31,323.136,4,0.2,20.196
CA-2015-164882,2015-10-31,29.7,3,0.0,8.019
CA-2015-164882,2015-10-31,1295.84,4,0.2,145.782
CA-2015-164882,2015-10-31,46.84,2,0.0,12.6468
CA-2015-164882,2015-10-31,425.833,1,0.15,20.0392
CA-2015-159786,2015-10-12,209.67,1,0.4,-13.978
CA-2016-130267,2016-09-19,159.88,7,0.0,73.5448
CA-2017-155460,2017-04-13,5.28,1,0.0,2.376
CA-2017-155460,2017-04-13,895.92,5,0.2,302.373
US-2017-168690,2017-01-07,2.808,3,0.7,-1.9656
CA-2017-158246,2017-11-09,215.976,3,0.2,-2.6997
CA-2017-167381,2017-09-22,241.96,2,0.0,41.1332
CA-2017-167381,2017-09-22,27.72,9,0.0,13.3056
CA-2017-144862,2017-12-01,104.68,5,0.2,35.3295
CA-2017-144862,2017-12-01,62.958,7,0.4,9.4437
CA-2014-126032,2014-06-23,86.376,3,0.2,1.0797
CA-2015-134859,2015-10-04,64.944,3,0.2,6.4944
CA-2015-134859,2015-10-04,20.736,4,0.2,7.2576
US-2014-114188,2014-05-20,33.28,4,0.0,9.3184
US-2014-114188,2014-05-20,38.52,9,0.0,11.9412
US-2014-114188,2014-05-20,139.86,7,0.0,60.1398
CA-2015-156524,2015-11-20,19.65,3,0.0,9.039
CA-2015-122210,2015-11-30,152.991,3,0.7,-122.3928
CA-2015-122210,2015-11-30,10.584,7,0.2,-2.3814
CA-2015-122210,2015-11-30,94.92,4,0.4,15.82
CA-2015-156377,2015-12-31,14.76,5,0.6,-11.439
CA-2015-156377,2015-12-31,3.656,4,0.8,-5.8496
US-2017-157896,2017-11-16,146.82,3,0.0,73.41
CA-2014-159520,2014-06-06,149.544,9,0.2,50.4711
CA-2014-159520,2014-06-06,17.14,2,0.0,4.4564
CA-2014-159520,2014-06-06,991.764,3,0.4,-347.1174
CA-2016-155481,2016-09-01,30.48,6,0.2,9.906
CA-2016-155481,2016-09-01,23.988,2,0.4,-4.7976
CA-2016-155481,2016-09-01,16.688,7,0.2,5.4236
US-2016-152051,2016-06-25,422.058,3,0.3,-18.0882
US-2016-152051,2016-06-25,38.088,4,0.7,-27.9312
US-2016-152051,2016-06-25,254.352,6,0.2,-50.8704
CA-2014-141607,2014-12-12,43.31,1,0.0,4.331
CA-2017-102771,2017-03-31,84.95,5,0.0,22.087
US-2017-139969,2017-11-19,233.058,3,0.3,-53.2704
CA-2014-167360,2014-11-24,111.79,7,0.0,43.5981
CA-2015-123505,2015-11-22,14.94,3,0.0,7.0218
CA-2016-117282,2016-07-14,14.16,2,0.2,5.133
US-2016-120460,2016-04-30,22.608,3,0.6,-10.1736
CA-2016-111115,2016-07-25,21.48,6,0.0,10.74
CA-2014-124646,2014-06-22,501.81,3,0.0,0.0
CA-2014-124646,2014-06-22,161.94,3,0.0,9.7164
CA-2017-148166,2017-10-21,17.856,4,0.2,2.0088
CA-2016-159737,2016-09-03,8.808,3,0.8,-14.9736
CA-2016-141019,2016-05-14,79.384,1,0.2,29.769
CA-2016-101938,2016-01-07,34.58,1,0.0,10.0282
CA-2017-166296,2017-03-13,314.55,3,0.0,150.984
CA-2016-154018,2016-10-13,191.976,3,0.2,23.997
CA-2016-154018,2016-10-13,8.288,2,0.2,3.0044
CA-2016-154018,2016-10-13,139.92,5,0.6,-150.414
CA-2016-154018,2016-10-13,15.872,1,0.2,1.1904
CA-2016-154018,2016-10-13,6.286,7,0.8,-11.0005
CA-2017-117870,2017-01-27,14.016,3,0.2,1.752
CA-2017-117870,2017-01-27,71.976,3,0.2,-8.997
CA-2017-117870,2017-01-27,107.982,3,0.4,-26.9955
US-2017-137491,2017-11-19,305.312,2,0.3,-8.7232
CA-2014-152296,2014-08-01,19.752,3,0.2,6.9132
CA-2016-112025,2016-07-30,9.264,3,0.8,-13.896
CA-2015-132507,2015-07-30,61.792,4,0.2,6.1792
CA-2016-125738,2016-10-15,45.68,2,0.0,21.0128
CA-2016-125738,2016-10-15,60.12,9,0.0,28.8576
CA-2016-125738,2016-10-15,41.72,5,0.2,13.0375
CA-2016-125738,2016-10-15,71.6,8,0.0,32.936
CA-2016-128818,2016-05-07,85.232,7,0.2,30.8966
CA-2016-128818,2016-05-07,44.4,3,0.0,22.2
CA-2016-128818,2016-05-07,442.764,4,0.1,59.0352
CA-2016-128818,2016-05-07,3999.95,5,0.0,1159.9855
CA-2016-128818,2016-05-07,199.95,5,0.0,21.9945
CA-2016-128818,2016-05-07,63.68,8,0.0,28.0192
CA-2017-124576,2017-08-01,54.896,2,0.2,18.5274
CA-2016-101378,2016-07-14,29.0,2,0.0,7.25
CA-2017-143063,2017-08-10,70.08,6,0.0,35.04
CA-2017-143063,2017-08-10,121.3,2,0.0,25.473
CA-2017-143063,2017-08-10,1454.49,9,0.0,378.1674
CA-2016-118913,2016-06-25,60.81,3,0.0,17.0268
CA-2016-128412,2016-12-10,153.552,3,0.2,51.8238
CA-2016-128412,2016-12-10,65.34,3,0.0,22.869
CA-2016-128412,2016-12-10,123.92,4,0.0,55.764
CA-2016-128412,2016-12-10,35.1,3,0.0,12.285
CA-2016-128412,2016-12-10,44.75,5,0.0,8.5025
CA-2016-136483,2016-12-01,4.704,2,0.2,0.4116
CA-2014-163013,2014-11-28,14.67,3,0.0,3.9609
CA-2015-135363,2015-03-28,15.552,3,0.2,5.4432
CA-2015-135363,2015-03-28,5.232,1,0.2,1.7004
US-2014-165659,2014-06-01,22.2,6,0.0,9.102
US-2014-165659,2014-06-01,881.93,7,0.0,229.3018
CA-2015-138002,2015-09-06,6.096,2,0.2,2.1336
CA-2015-138002,2015-09-06,191.82,3,0.0,74.8098
CA-2015-128860,2015-06-29,20.104,1,0.2,1.7591
CA-2016-164350,2016-09-10,67.56,3,0.2,8.445
US-2014-103905,2014-07-14,29.932,7,0.8,-46.3946
US-2014-103905,2014-07-14,38.272,4,0.2,3.8272
CA-2015-129854,2015-08-22,16.52,4,0.0,7.5992
CA-2014-125556,2014-11-14,832.93,7,0.0,233.2204
CA-2014-125556,2014-11-14,43.8,10,0.0,21.024
CA-2016-162313,2016-11-27,167.292,6,0.1,29.7408
CA-2017-107874,2017-11-21,27.42,1,0.0,11.2422
CA-2017-129378,2017-10-01,1.44,1,0.2,0.504
CA-2017-129378,2017-10-01,61.776,13,0.2,20.8494
CA-2017-129378,2017-10-01,241.96,2,0.0,60.49
CA-2017-129378,2017-10-01,108.608,4,0.2,9.5032
CA-2014-151953,2014-09-20,2.816,2,0.2,0.9856
CA-2017-130841,2017-07-28,9.984,4,0.2,3.6192
CA-2017-130841,2017-07-28,14.98,1,0.0,4.1944
CA-2017-130841,2017-07-28,1145.6,4,0.2,100.24
CA-2015-131884,2015-12-06,485.94,2,0.4,-89.089
CA-2015-131884,2015-12-06,37.376,8,0.2,4.672
CA-2015-131884,2015-12-06,70.686,1,0.3,-24.2352
CA-2017-121909,2017-07-31,54.816,3,0.2,17.8152
CA-2016-106383,2016-03-19,72.294,1,0.7,-98.8018
CA-2017-130771,2017-07-29,2.896,2,0.2,0.4706
CA-2017-130771,2017-07-29,124.792,1,0.2,15.599
CA-2016-139157,2016-10-01,330.588,1,0.4,-115.7058
CA-2014-128055,2014-03-31,673.568,2,0.2,252.588
CA-2014-128055,2014-03-31,52.98,2,0.0,14.8344
CA-2017-157091,2017-06-26,526.45,5,0.0,31.587
CA-2017-132122,2017-07-09,228.92,5,0.2,14.3075
CA-2015-123232,2015-12-14,319.968,4,0.2,35.9964
CA-2017-104066,2017-12-05,205.03,7,0.0,67.6599
CA-2015-145849,2015-09-15,190.86,2,0.0,11.4516
CA-2015-145849,2015-09-15,24.32,8,0.0,8.2688
CA-2016-122322,2016-07-15,44.4,5,0.0,12.432
CA-2017-166849,2017-04-20,44.4,2,0.6,-52.17
CA-2016-146633,2016-11-15,1016.792,1,0.2,381.297
CA-2016-146633,2016-11-15,38.136,7,0.2,13.3476
US-2016-126893,2016-11-26,494.982,3,0.4,-115.4958
CA-2017-103380,2017-11-21,56.56,2,0.0,15.2712
CA-2017-103380,2017-11-21,5.56,2,0.0,1.4456
CA-2017-103380,2017-11-21,9.02,2,0.0,3.5178
CA-2017-103380,2017-11-21,8.62,1,0.0,2.2412
CA-2017-103380,2017-11-21,659.976,3,0.2,49.4982
CA-2015-116092,2015-02-15,13.36,2,0.0,6.4128
CA-2015-116092,2015-02-15,41.72,5,0.2,13.0375
CA-2015-116092,2015-02-15,11.52,5,0.2,4.176
CA-2015-116092,2015-02-15,541.44,6,0.0,157.0176
CA-2015-116092,2015-02-15,19.44,3,0.0,9.3312
CA-2016-117849,2016-04-15,143.7,3,0.0,68.976
CA-2015-169201,2015-09-28,43.26,3,0.0,14.2758
CA-2015-169201,2015-09-28,43.56,2,0.0,15.246
CA-2016-164091,2016-09-17,437.85,3,0.0,131.355
CA-2016-164091,2016-09-17,109.48,2,0.0,33.9388
CA-2017-105214,2017-06-16,1212.96,7,0.2,90.972
CA-2017-105214,2017-06-16,18.54,2,0.0,8.7138
CA-2015-117611,2015-11-08,5.0,1,0.0,2.4
CA-2015-117611,2015-11-08,371.97,3,0.0,66.9546
US-2015-137960,2015-12-18,166.24,1,0.0,24.936
CA-2017-122994,2017-02-06,359.97,3,0.0,79.1934
CA-2016-131065,2016-11-14,499.98,2,0.0,114.9954
CA-2016-131065,2016-11-14,5.28,1,0.0,2.376
CA-2016-131065,2016-11-14,8.26,2,0.0,3.8822
CA-2017-149146,2017-10-12,7.968,2,0.2,2.6892
CA-2017-137470,2017-09-17,12.96,2,0.0,6.3504
CA-2017-105480,2017-12-20,6.48,1,0.0,3.1104
CA-2017-105480,2017-12-20,6.984,1,0.2,2.3571
CA-2017-164917,2017-12-02,47.96,5,0.2,4.1965
CA-2015-102036,2015-09-21,199.74,6,0.0,47.9376
CA-2015-142944,2015-03-06,435.26,7,0.0,95.7572
CA-2015-142944,2015-03-06,1119.984,2,0.2,377.9946
CA-2014-157882,2014-10-03,143.432,1,0.2,3.5858
CA-2014-157882,2014-10-03,122.352,3,0.2,13.7646
CA-2014-104283,2014-06-27,306.2,5,0.0,0.0
CA-2014-104283,2014-06-27,85.98,1,0.0,22.3548
CA-2014-104283,2014-06-27,223.96,4,0.0,53.7504
CA-2017-142622,2017-10-30,97.568,2,0.2,-6.098
CA-2017-142622,2017-10-30,614.272,8,0.2,-23.0352
CA-2017-142622,2017-10-30,199.98,2,0.0,37.9962
CA-2016-132143,2016-09-03,48.16,7,0.0,22.1536
CA-2015-153108,2015-03-05,23.92,2,0.0,6.6976
CA-2015-153108,2015-03-05,60.69,7,0.0,16.3863
CA-2016-112676,2016-05-05,14.352,3,0.2,5.2026
CA-2017-165687,2017-11-17,35.04,2,0.0,12.264
US-2017-112928,2017-06-01,17.48,5,0.2,1.311
CA-2017-143343,2017-06-10,16.4,5,0.0,4.756
CA-2017-115154,2017-01-08,892.98,2,0.0,80.3682
CA-2015-149342,2015-04-20,287.97,3,0.0,77.7519
CA-2015-149342,2015-04-20,595.38,6,0.0,297.69
CA-2015-149342,2015-04-20,12.96,2,0.0,6.2208
CA-2015-130995,2015-11-01,4.95,1,0.0,1.3365
CA-2017-127929,2017-12-23,181.95,3,0.0,38.2095
CA-2015-113145,2015-11-01,13.52,4,0.0,6.2192
CA-2015-113145,2015-11-01,259.7,5,0.0,106.477
CA-2015-113145,2015-11-01,42.95,1,0.0,1.2885
CA-2015-113145,2015-11-01,1399.93,7,0.0,601.9699
CA-2015-113145,2015-11-01,503.96,4,0.0,125.99
CA-2014-162362,2014-11-14,12.72,3,0.0,6.36
CA-2014-162362,2014-11-14,11.52,4,0.0,5.6448
CA-2016-106558,2016-01-17,316.0,4,0.0,31.6
CA-2017-157931,2017-09-17,723.92,4,0.0,188.2192
CA-2017-157931,2017-09-17,106.32,3,0.0,49.9704
CA-2016-115574,2016-12-23,141.372,2,0.3,-14.1372
CA-2015-160794,2015-08-06,27.216,3,0.2,9.8658
CA-2017-116225,2017-11-05,390.75,5,0.0,171.93
US-2017-120418,2017-06-11,280.792,1,0.2,35.099
US-2017-120418,2017-06-11,68.448,4,0.2,7.7004
US-2017-120418,2017-06-11,88.04,5,0.2,6.603
US-2017-120418,2017-06-11,15.872,1,0.2,1.984
US-2017-120418,2017-06-11,215.592,3,0.2,-48.5082
CA-2017-122035,2017-07-20,14.62,2,0.0,6.8714
CA-2017-122035,2017-07-20,416.32,2,0.0,112.4064
CA-2017-122035,2017-07-20,43.0,5,0.0,20.21
CA-2017-122035,2017-07-20,182.94,3,0.0,27.441
CA-2017-122035,2017-07-20,60.83,7,0.0,30.415
CA-2017-122035,2017-07-20,389.97,3,0.0,132.5898
CA-2015-117828,2015-12-23,194.32,4,0.0,56.3528
CA-2017-165491,2017-03-20,265.93,7,0.0,63.8232
CA-2015-109470,2015-12-31,94.74,3,0.0,44.5278
CA-2015-109470,2015-12-31,60.64,4,0.0,27.8944
CA-2015-109470,2015-12-31,76.3,5,0.0,38.15
CA-2015-109470,2015-12-31,364.8,12,0.0,167.808
CA-2015-105102,2015-09-15,79.872,3,0.2,29.952
CA-2015-105102,2015-09-15,46.384,1,0.2,1.1596
CA-2015-105102,2015-09-15,12.96,2,0.0,6.2208
CA-2017-138422,2017-09-23,14.352,3,0.2,5.2026
US-2015-147739,2015-12-25,547.136,4,0.2,-68.392
CA-2016-155187,2016-09-24,41.96,2,0.0,2.9372
CA-2016-155187,2016-09-24,41.7,5,0.0,20.85
CA-2017-169285,2017-03-21,277.4,5,0.0,133.152
CA-2017-169285,2017-03-21,5.78,1,0.0,2.8322
CA-2014-140886,2014-09-30,69.216,6,0.2,11.2476
CA-2017-152695,2017-12-10,10.86,3,0.0,5.1042
CA-2017-152695,2017-12-10,426.79,7,0.0,123.7691
CA-2014-110639,2014-08-23,25.92,4,0.0,12.4416
CA-2014-110639,2014-08-23,45.92,4,0.0,22.5008
CA-2014-121727,2014-08-19,10.72,2,0.2,1.742
CA-2016-137736,2016-11-10,41.86,7,0.0,10.465
US-2014-143231,2014-12-31,63.2,5,0.0,23.384
US-2014-143231,2014-12-31,113.97,3,0.0,27.3528
US-2014-155894,2014-07-26,123.552,3,0.2,-29.3436
CA-2016-119025,2016-02-22,490.32,9,0.0,137.2896
CA-2016-159373,2016-03-13,70.08,5,0.2,24.528
CA-2016-159373,2016-03-13,1.272,2,0.8,-2.1624
CA-2016-159373,2016-03-13,557.585,5,0.3,0.0
CA-2017-109701,2017-12-02,9.024,6,0.2,3.1584
CA-2017-109701,2017-12-02,69.456,2,0.2,22.5732
CA-2017-109701,2017-12-02,10.86,2,0.0,5.3214
CA-2017-109701,2017-12-02,79.47,3,0.0,22.2516
CA-2017-109701,2017-12-02,10.08,6,0.0,5.04
CA-2015-111514,2015-08-31,1552.831,7,0.15,200.9546
CA-2015-111514,2015-08-31,137.24,5,0.2,46.3185
CA-2015-111514,2015-08-31,36.51,1,0.0,15.6993
CA-2015-111514,2015-08-31,239.976,3,0.2,80.9919
US-2014-148838,2014-03-17,1579.746,7,0.4,-447.5947
US-2014-148838,2014-03-17,1071.576,4,0.4,-553.6476
US-2014-148838,2014-03-17,613.908,3,0.4,-122.7816
US-2014-148838,2014-03-17,34.86,7,0.0,16.3842
US-2014-148838,2014-03-17,155.04,4,0.0,75.9696
CA-2017-136497,2017-04-16,13.71,5,0.7,-10.054
US-2016-108637,2016-03-13,127.88,2,0.0,40.9216
US-2016-108637,2016-03-13,160.32,2,0.0,44.8896
US-2016-108637,2016-03-13,46.0,4,0.0,20.7
CA-2014-102295,2014-11-24,120.712,1,0.2,-18.1068
CA-2017-123659,2017-02-10,23.12,4,0.0,11.3288
US-2016-129469,2016-09-23,532.704,6,0.2,-26.6352
US-2016-129469,2016-09-23,4.912,2,0.2,0.307
CA-2017-155152,2017-07-07,252.0,4,0.0,93.24
CA-2016-159940,2016-07-07,60.288,8,0.6,-27.1296
CA-2016-159940,2016-07-07,2.632,1,0.2,0.8225
CA-2016-159940,2016-07-07,23.688,9,0.2,7.6986
CA-2016-159940,2016-07-07,253.372,2,0.3,-14.4784
CA-2017-119669,2017-01-24,5.67,3,0.0,0.1134
US-2014-164616,2014-08-19,76.776,4,0.7,-58.8616
US-2014-164616,2014-08-19,9.184,2,0.2,1.148
CA-2015-148628,2015-12-06,32.75,5,0.0,15.065
CA-2016-118052,2016-05-06,7.216,2,0.2,1.7138
CA-2016-118052,2016-05-06,49.568,2,0.2,15.49
CA-2016-118052,2016-05-06,54.712,7,0.2,11.6263
US-2017-117534,2017-03-25,176.04,4,0.0,45.7704
US-2017-117534,2017-03-25,16.02,9,0.0,4.4856
US-2017-117534,2017-03-25,185.92,4,0.2,62.748
US-2017-117534,2017-03-25,211.168,4,0.2,15.8376
US-2017-117534,2017-03-25,479.984,2,0.2,59.998
CA-2015-145065,2015-12-12,7.86,2,0.0,3.6156
CA-2015-145065,2015-12-12,24.448,2,0.2,8.8624
US-2015-127040,2015-12-06,6.48,1,0.0,3.1104
US-2015-127040,2015-12-06,41.86,7,0.0,20.5114
US-2015-127040,2015-12-06,1619.91,9,0.0,97.1946
US-2015-127040,2015-12-06,113.92,4,0.0,42.1504
CA-2016-128111,2016-03-17,39.68,2,0.0,10.3168
CA-2015-137897,2015-11-14,37.6,2,0.0,2.256
CA-2015-137897,2015-11-14,59.9,2,0.0,23.96
CA-2015-137897,2015-11-14,37.0,5,0.0,16.65
CA-2017-169264,2017-08-14,5.76,2,0.0,2.8224
CA-2017-169264,2017-08-14,16.68,6,0.0,4.3368
CA-2017-147361,2017-09-09,628.81,7,0.0,12.5762
CA-2017-147361,2017-09-09,56.45,5,0.0,14.677
CA-2017-145877,2017-04-01,94.2,6,0.0,23.55
CA-2017-145877,2017-04-01,28.4,5,0.0,13.348
US-2016-110170,2016-09-27,956.6648,7,0.32,-225.0976
CA-2017-108574,2017-10-07,1115.91,9,0.0,200.8638
CA-2017-108574,2017-10-07,128.744,7,0.2,-28.9674
CA-2017-108574,2017-10-07,79.92,10,0.2,26.973
CA-2017-144589,2017-01-20,24.2,5,0.0,7.986
CA-2017-144589,2017-01-20,359.976,3,0.2,130.4913
CA-2017-155985,2017-03-23,211.84,8,0.0,76.2624
CA-2014-162684,2014-08-01,5.68,2,0.2,1.917
CA-2015-142041,2015-06-07,7.52,5,0.2,2.632
CA-2014-151295,2014-11-12,11.96,2,0.0,5.8604
CA-2014-151295,2014-11-12,629.064,3,0.2,31.4532
CA-2016-156300,2016-12-29,754.45,5,0.0,60.356
CA-2015-146087,2015-07-06,301.96,2,0.0,60.392
CA-2017-168655,2017-10-12,595.0,5,0.0,95.2
CA-2017-168655,2017-10-12,79.872,3,0.2,29.952
CA-2016-107202,2016-05-21,2396.4,10,0.2,179.73
CA-2017-159597,2017-11-09,63.56,2,0.0,3.178
CA-2017-159597,2017-11-09,99.99,1,0.0,43.9956
CA-2016-155551,2016-04-18,230.376,3,0.2,-48.9549
CA-2016-155551,2016-04-18,9.664,2,0.2,3.2616
US-2017-147669,2017-12-25,158.928,7,0.2,41.7186
US-2017-147669,2017-12-25,13.023,1,0.7,-10.4184
US-2017-147669,2017-12-25,273.06,2,0.4,-104.673
US-2017-147669,2017-12-25,39.312,13,0.2,12.7764
CA-2016-169922,2016-06-11,1.344,4,0.8,-2.1504
CA-2016-169922,2016-06-11,8.272,4,0.8,-13.6488
CA-2016-169922,2016-06-11,12.544,7,0.6,-9.0944
CA-2017-100748,2017-05-13,58.48,8,0.0,27.4856
CA-2017-129805,2017-12-28,7.4,2,0.0,3.034
CA-2014-148586,2014-03-25,366.786,7,0.1,65.2064
US-2017-112613,2017-05-28,54.368,4,0.2,4.0776
CA-2015-154746,2015-11-14,33.96,2,0.0,16.98
CA-2015-154746,2015-11-14,826.11,3,0.0,322.1829
CA-2017-140053,2017-07-03,545.85,9,0.0,114.6285
CA-2014-164210,2014-11-18,145.98,2,0.5,-99.2664
CA-2014-164210,2014-11-18,35.808,4,0.2,12.5328
CA-2017-139948,2017-07-17,7.904,2,0.2,2.1736
CA-2016-146934,2016-05-22,345.0,5,0.0,86.25
CA-2016-146934,2016-05-22,174.286,2,0.3,-19.9184
CA-2016-146934,2016-05-22,662.84,4,0.0,172.3384
CA-2016-146934,2016-05-22,95.1,5,0.0,30.432
CA-2016-146934,2016-05-22,26.88,6,0.0,12.9024
CA-2016-146934,2016-05-22,257.98,2,0.0,74.8142
CA-2015-100573,2015-09-25,17.48,2,0.0,8.2156
CA-2016-119165,2016-10-31,492.835,5,0.3,-14.081
CA-2015-128027,2015-09-14,269.49,3,0.0,5.3898
CA-2016-140207,2016-11-05,29.12,5,0.2,9.828
CA-2017-140949,2017-03-17,18.75,5,0.0,9.0
CA-2017-140949,2017-03-17,119.7,6,0.0,31.122
CA-2017-140949,2017-03-17,9.144,3,0.2,3.0861
CA-2017-140949,2017-03-17,57.06,3,0.0,18.2592
CA-2017-140949,2017-03-17,71.6,8,0.0,13.604
CA-2017-140949,2017-03-17,107.44,8,0.0,27.9344
CA-2017-140949,2017-03-17,7.31,1,0.0,3.4357
CA-2017-140949,2017-03-17,59.1,6,0.0,22.458
CA-2017-140949,2017-03-17,46.53,3,0.0,12.0978
CA-2017-138548,2017-08-15,97.84,2,0.0,25.4384
CA-2015-142419,2015-07-11,29.97,3,0.0,13.4865
CA-2015-142419,2015-07-11,98.352,3,0.2,34.4232
CA-2017-148691,2017-12-03,83.92,5,0.2,29.372
CA-2017-148691,2017-12-03,14.624,2,0.2,5.1184
CA-2017-148691,2017-12-03,136.99,1,0.0,36.9873
CA-2017-148691,2017-12-03,3.15,1,0.0,1.512
CA-2017-128755,2017-05-04,9.11,1,0.0,4.0995
CA-2017-128755,2017-05-04,571.44,4,0.0,165.7176
CA-2017-128755,2017-05-04,32.4,5,0.0,15.552
CA-2017-128755,2017-05-04,16.91,1,0.0,4.5657
US-2016-135923,2016-01-22,14.272,8,0.2,4.2816
US-2016-135923,2016-01-22,451.136,4,0.2,-67.6704
US-2016-135923,2016-01-22,64.864,4,0.2,6.4864
CA-2016-114972,2016-11-03,217.584,2,0.2,-29.9178
CA-2016-114972,2016-11-03,82.95,5,0.0,29.0325
CA-2016-114972,2016-11-03,87.71,7,0.0,41.2237
CA-2016-114972,2016-11-03,1101.48,4,0.0,429.5772
CA-2017-102750,2017-09-04,1322.352,3,0.2,-99.1764
CA-2014-145212,2014-09-13,5.46,3,0.0,1.4742
CA-2017-141992,2017-06-19,11.184,1,0.2,0.8388
CA-2017-141992,2017-06-19,153.584,2,0.2,-32.6366
CA-2017-147956,2017-12-24,1003.62,6,0.0,0.0
CA-2017-126067,2017-08-28,35.168,4,0.2,11.4296
CA-2017-126067,2017-08-28,1137.75,5,0.0,250.305
CA-2017-126067,2017-08-28,99.68,5,0.2,32.396
CA-2017-126067,2017-08-28,5.56,2,0.0,1.4456
CA-2015-104514,2015-01-02,85.52,2,0.0,22.2352
CA-2015-104514,2015-01-02,9.84,3,0.0,2.6568
CA-2015-104514,2015-01-02,20.04,3,0.0,9.6192
CA-2015-141040,2015-10-09,631.96,4,0.0,303.3408
CA-2015-141040,2015-10-09,23.92,4,0.0,10.764
CA-2014-113579,2014-12-13,90.24,6,0.0,41.5104
CA-2014-144624,2014-11-19,4548.81,7,0.0,1228.1787
CA-2016-146206,2016-09-10,300.93,5,0.3,-34.392
CA-2016-146206,2016-09-10,719.96,5,0.2,53.997
CA-2014-136644,2014-06-16,647.84,8,0.0,32.392
CA-2015-122371,2015-09-26,64.17,3,0.0,18.6093
CA-2015-122371,2015-09-26,124.46,2,0.0,58.4962
CA-2016-126935,2016-05-19,9.584,1,0.2,3.3544
US-2017-133781,2017-06-22,37.608,3,0.2,12.6927
CA-2017-131618,2017-06-17,12.224,2,0.2,4.4312
CA-2017-131618,2017-06-17,2.304,4,0.8,-3.5712
CA-2017-131618,2017-06-17,9.36,4,0.8,-16.38
CA-2016-149482,2016-11-14,7.38,2,0.0,3.4686
CA-2014-143917,2014-07-25,53.72,4,0.0,15.0416
CA-2014-143917,2014-07-25,8187.65,5,0.0,327.506
CA-2014-143917,2014-07-25,77.92,8,0.0,34.2848
CA-2015-120397,2015-07-02,32.784,4,0.8,-85.2384
CA-2017-163902,2017-03-02,196.776,3,0.2,14.7582
CA-2017-163902,2017-03-02,479.94,6,0.0,52.7934
CA-2016-136812,2016-11-18,1117.92,4,0.0,55.896
CA-2015-102722,2015-04-18,106.5,6,0.0,41.535
CA-2017-155089,2017-12-02,45.66,5,0.7,-33.484
CA-2016-124506,2016-11-11,95.968,4,0.2,1.1996
CA-2016-124506,2016-11-11,47.992,2,0.3,-2.0568
CA-2014-106572,2014-09-05,264.32,2,0.2,19.824
CA-2014-128888,2014-11-15,604.656,9,0.2,204.0714
CA-2017-123134,2017-05-02,129.93,3,0.0,12.993
CA-2016-124352,2016-10-15,20.16,7,0.0,9.8784
CA-2016-124352,2016-10-15,29.46,6,0.0,14.4354
CA-2016-124352,2016-10-15,868.59,3,0.0,251.8911
CA-2016-124352,2016-10-15,12.96,2,0.0,6.2208
CA-2016-124352,2016-10-15,5.5,1,0.0,1.375
CA-2016-124352,2016-10-15,121.6,4,0.0,55.936
CA-2015-124541,2015-04-06,42.048,9,0.2,5.256
CA-2015-124541,2015-04-06,25.488,2,0.2,4.4604
CA-2015-124541,2015-04-06,6.9,3,0.8,-12.075
CA-2015-124541,2015-04-06,9.648,6,0.8,-16.884
CA-2015-124541,2015-04-06,7.968,2,0.2,2.8884
CA-2014-108707,2014-10-24,10.368,2,0.2,3.6288
CA-2014-111500,2014-08-17,114.2,5,0.0,52.532
CA-2014-111500,2014-08-17,17.96,4,0.0,8.2616
CA-2014-111500,2014-08-17,12.67,7,0.0,4.5612
CA-2014-111500,2014-08-17,339.96,4,0.0,122.3856
US-2017-117723,2017-08-15,1801.632,6,0.2,-337.806
CA-2015-143238,2015-09-06,46.32,4,0.0,18.0648
CA-2015-168746,2015-01-27,181.986,2,0.3,-54.5958
CA-2015-168746,2015-01-27,431.976,4,0.4,-100.7944
CA-2015-168746,2015-01-27,155.37,1,0.4,-36.253
CA-2015-113404,2015-07-16,1348.704,6,0.2,-219.1644
CA-2015-113404,2015-07-16,700.152,3,0.2,78.7671
CA-2016-144792,2016-04-30,111.888,7,0.2,22.3776
CA-2014-164385,2014-09-26,143.952,3,0.2,14.3952
US-2016-114174,2016-09-08,173.94,3,0.0,13.9152
US-2016-114174,2016-09-08,14.76,4,0.0,6.9372
CA-2017-108070,2017-04-16,205.92,4,0.0,2.0592
CA-2017-108070,2017-04-16,102.833,1,0.15,-6.049
US-2015-128090,2015-08-16,2.304,1,0.2,0.2592
US-2015-128090,2015-08-16,1879.96,5,0.2,211.4955
US-2015-128090,2015-08-16,313.024,8,0.2,105.6456
US-2015-128090,2015-08-16,5.04,2,0.2,1.764
CA-2017-101042,2017-11-19,821.88,6,0.0,213.6888
CA-2017-101042,2017-11-19,21.96,2,0.0,10.7604
CA-2016-155439,2016-09-14,25.92,4,0.0,12.4416
CA-2016-118626,2016-08-15,705.544,7,0.2,70.5544
CA-2015-111458,2015-09-26,50.0,2,0.0,12.0
US-2016-126844,2016-10-08,51.712,8,0.6,-32.32
US-2015-112508,2015-03-24,6.992,2,0.2,0.5244
CA-2015-147788,2015-05-31,1406.86,7,0.0,140.686
CA-2015-147788,2015-05-31,15.75,5,0.0,7.56
CA-2015-147788,2015-05-31,323.1,2,0.0,61.389
CA-2015-144288,2015-12-25,9.216,4,0.2,3.3408
CA-2015-144288,2015-12-25,10.368,2,0.2,3.6288
CA-2015-110632,2015-03-17,15.02,1,0.0,2.7036
CA-2015-110632,2015-03-17,33.82,2,0.0,9.1314
CA-2017-109589,2017-12-21,71.0,4,0.0,27.69
CA-2017-123967,2017-11-01,25.12,5,0.2,7.85
CA-2017-123967,2017-11-01,2665.62,9,0.0,239.9058
CA-2017-148929,2017-09-07,478.08,8,0.0,133.8624
CA-2017-134404,2017-12-27,164.388,2,0.4,-35.6174
CA-2017-134404,2017-12-27,13.248,4,0.2,3.6432
CA-2017-109778,2017-07-16,2.912,2,0.2,0.91
CA-2016-155845,2016-08-12,1399.944,7,0.2,52.4979
CA-2017-145128,2017-07-09,526.45,5,0.0,31.587
CA-2014-129091,2014-11-22,16.23,3,0.0,7.9527
CA-2014-129091,2014-11-22,319.9,5,0.0,156.751
CA-2014-129091,2014-11-22,11.36,2,0.0,5.3392
CA-2014-129091,2014-11-22,675.12,3,0.0,290.3016
US-2014-155502,2014-01-26,62.82,3,0.0,30.7818
US-2014-155502,2014-01-26,489.92,8,0.0,0.0
US-2014-155502,2014-01-26,19.44,3,0.0,9.3312
US-2014-155502,2014-01-26,16.68,2,0.0,8.34
US-2014-155502,2014-01-26,155.35,13,0.0,0.0
US-2014-155502,2014-01-26,12.42,3,0.0,4.4712
US-2014-155502,2014-01-26,187.98,2,0.0,52.6344
CA-2015-121041,2015-11-03,6.608,2,0.2,2.1476
CA-2017-131695,2017-06-30,248.57,7,0.0,67.1139
CA-2017-131695,2017-06-30,22.23,1,0.0,9.7812
CA-2016-137729,2016-05-05,5.98,1,0.0,1.0166
CA-2016-137729,2016-05-05,246.168,3,0.2,21.5397
US-2016-115455,2016-09-08,14.136,2,0.6,-7.7748
US-2016-115455,2016-09-08,601.47,3,0.5,-300.735
CA-2017-128300,2017-11-24,79.1,2,0.0,39.55
CA-2017-128300,2017-11-24,327.84,8,0.0,157.3632
CA-2017-149048,2017-05-13,180.96,2,0.0,81.432
CA-2017-149048,2017-05-13,914.97,3,0.0,411.7365
CA-2017-149048,2017-05-13,587.97,3,0.0,158.7519
CA-2017-149048,2017-05-13,530.34,2,0.0,95.4612
CA-2017-149048,2017-05-13,14.94,3,0.0,7.3206
CA-2017-108553,2017-04-23,121.94,2,0.0,35.3626
CA-2017-108553,2017-04-23,122.71,7,0.0,36.813
CA-2016-165848,2016-06-04,14.94,3,0.0,7.0218
CA-2016-165848,2016-06-04,1349.85,3,0.0,364.4595
CA-2016-165848,2016-06-04,136.784,1,0.2,5.1294
CA-2016-165848,2016-06-04,61.12,4,0.0,20.7808
CA-2014-112718,2014-12-16,1.167,1,0.7,-0.8558
CA-2016-154053,2016-03-04,16.99,1,0.0,4.9271
CA-2014-127446,2014-11-25,24.672,3,0.2,0.0
CA-2014-127446,2014-11-25,2.52,1,0.2,0.882
CA-2014-127446,2014-11-25,1218.735,5,0.3,-121.8735
CA-2014-127446,2014-11-25,5.904,2,0.2,1.9926
CA-2014-127446,2014-11-25,15.696,3,0.2,5.1012
CA-2014-127446,2014-11-25,6.096,3,0.6,-3.9624
CA-2016-137204,2016-04-28,41.568,2,0.2,2.598
CA-2014-147298,2014-04-26,230.28,3,0.2,23.028
CA-2014-147298,2014-04-26,18.288,6,0.2,5.715
CA-2017-147942,2017-04-01,5.78,2,0.0,2.7166
CA-2017-147942,2017-04-01,121.68,13,0.2,38.025
CA-2017-115931,2017-12-22,4.17,3,0.0,1.0842
CA-2017-115931,2017-12-22,67.04,4,0.2,6.704
CA-2017-115931,2017-12-22,37.32,3,0.0,10.4496
CA-2017-115931,2017-12-22,18.45,5,0.0,8.6715
CA-2014-164861,2014-12-03,25.92,4,0.0,12.4416
CA-2017-127180,2017-10-22,11199.968,4,0.2,3919.9888
CA-2017-127180,2017-10-22,2399.6,8,0.0,647.892
CA-2017-127180,2017-10-22,63.9,5,0.0,28.755
CA-2017-127180,2017-10-22,52.99,1,0.0,0.5299
US-2017-165344,2017-11-13,60.864,4,0.2,9.1296
US-2017-165344,2017-11-13,652.995,7,0.7,-935.9595
US-2017-165344,2017-11-13,11.22,10,0.7,-7.48
CA-2015-168186,2015-09-10,14.94,3,0.0,7.0218
US-2017-110604,2017-05-15,39.96,2,0.0,17.1828
US-2017-110604,2017-05-15,42.624,2,0.2,4.2624
US-2017-110604,2017-05-15,220.96,1,0.2,24.858
CA-2015-116750,2015-07-05,4.928,2,0.2,0.7392
CA-2015-116750,2015-07-05,7.23,5,0.7,-5.784
CA-2015-162369,2015-08-15,323.1,2,0.0,61.389
CA-2017-108441,2017-06-12,19.04,4,0.0,9.3296
CA-2017-108441,2017-06-12,13.128,3,0.2,4.2666
CA-2017-108441,2017-06-12,64.14,3,0.0,16.6764
CA-2017-108441,2017-06-12,858.24,4,0.1,143.04
CA-2015-169740,2015-02-20,29.99,1,0.0,2.999
CA-2016-124051,2016-12-29,186.048,6,0.2,67.4424
CA-2016-149111,2016-04-17,36.792,1,0.2,4.1391
CA-2016-149111,2016-04-17,18.624,8,0.2,6.2856
CA-2014-131002,2014-09-07,57.69,3,0.0,23.6529
CA-2014-131002,2014-09-07,42.81,3,0.0,20.1207
CA-2014-131002,2014-09-07,12.96,2,0.0,6.2208
CA-2014-131002,2014-09-07,821.88,6,0.0,213.6888
CA-2014-131002,2014-09-07,104.85,3,0.0,28.3095
US-2016-146794,2016-09-26,424.9575,5,0.15,19.998
CA-2017-112515,2017-09-17,10.776,3,0.2,3.5022
CA-2017-112515,2017-09-17,11.784,3,0.2,4.2717
CA-2017-112515,2017-09-17,164.88,3,0.0,80.7912
CA-2017-112515,2017-09-17,1292.94,3,0.0,77.5764
CA-2017-112515,2017-09-17,25.584,2,0.2,8.9544
CA-2017-112515,2017-09-17,261.74,2,0.0,65.435
CA-2017-112515,2017-09-17,14.4,5,0.0,7.056
CA-2016-150343,2016-08-16,10.86,3,0.0,5.1042
CA-2015-135538,2015-12-24,883.84,4,0.2,99.432
CA-2017-123372,2017-11-28,1979.89,11,0.0,494.9725
CA-2017-123372,2017-11-28,79.96,2,0.0,35.982
CA-2017-159604,2017-04-14,8.76,2,0.0,4.2048
CA-2016-164784,2016-05-01,3.984,1,0.2,1.2948
CA-2016-164784,2016-05-01,370.62,3,0.4,-142.071
CA-2016-164784,2016-05-01,2.742,2,0.7,-2.0108
CA-2016-111794,2016-10-01,79.512,3,0.2,20.8719
CA-2016-111794,2016-10-01,28.352,1,0.2,9.5688
US-2015-139759,2015-08-25,40.784,1,0.2,4.5882
US-2015-139759,2015-08-25,105.96,4,0.0,29.6688
CA-2014-126403,2014-09-09,166.44,3,0.0,79.8912
CA-2014-126403,2014-09-09,785.88,6,0.0,212.1876
CA-2014-126403,2014-09-09,26.2,2,0.0,12.838
CA-2014-126403,2014-09-09,1325.85,5,0.0,238.653
CA-2017-136875,2017-12-03,166.44,3,0.0,79.8912
CA-2017-132185,2017-11-27,8.76,5,0.2,0.7665
CA-2017-132185,2017-11-27,43.584,1,0.2,4.3584
US-2014-160780,2014-06-21,11.088,7,0.7,-8.1312
US-2014-160780,2014-06-21,25.164,2,0.7,-16.776
CA-2017-127026,2017-01-21,14.4,5,0.0,7.056
CA-2017-127026,2017-01-21,619.95,5,0.0,111.591
CA-2017-127026,2017-01-21,89.52,4,0.0,42.0744
CA-2017-127026,2017-01-21,350.973,3,0.1,152.0883
CA-2017-127026,2017-01-21,164.99,1,0.0,49.497
CA-2017-137085,2017-06-29,312.552,9,0.2,101.5794
CA-2016-133123,2016-09-06,95.952,3,0.2,29.985
CA-2016-133123,2016-09-06,3.204,2,0.7,-2.4564
US-2016-128195,2016-08-04,3.98,5,0.8,-6.567
CA-2015-153220,2015-11-12,15.7,5,0.0,7.065
CA-2014-123064,2014-06-30,5.248,4,0.2,1.64
CA-2017-156412,2017-12-04,5.346,3,0.7,-4.455
US-2016-144211,2016-08-28,15.48,3,0.2,5.6115
US-2016-144211,2016-08-28,108.576,3,0.2,8.1432
CA-2016-138079,2016-01-22,109.9,5,0.0,37.366
CA-2014-143182,2014-10-15,15.384,1,0.2,4.0383
CA-2016-161662,2016-02-07,30.352,2,0.2,10.6232
CA-2014-145317,2014-03-18,821.3,4,0.5,-16.426
CA-2014-145317,2014-03-18,22638.48,6,0.5,-1811.0784
CA-2014-145317,2014-03-18,21.376,4,0.2,7.4816
CA-2014-145317,2014-03-18,8.016,3,0.2,1.002
CA-2014-145317,2014-03-18,30.768,2,0.2,8.0766
CA-2014-145317,2014-03-18,18.936,3,0.2,5.9175
CA-2014-145317,2014-03-18,122.352,3,0.2,15.294
CA-2014-143413,2014-05-24,116.28,3,0.0,56.9772
CA-2017-156818,2017-07-11,132.6,6,0.0,17.238
CA-2017-155873,2017-06-16,16.68,2,0.0,4.3368
CA-2017-155873,2017-06-16,19.44,3,0.0,9.3312
CA-2017-155873,2017-06-16,192.16,4,0.0,92.2368
CA-2015-121797,2015-01-30,227.36,7,0.0,81.8496
CA-2015-121797,2015-01-30,1919.976,3,0.2,215.9973
US-2015-120572,2015-12-11,12.828,2,0.7,-8.9796
CA-2017-132430,2017-10-09,45.888,4,0.2,9.1776
CA-2017-146031,2017-07-29,60.12,9,0.0,22.2444
CA-2014-110100,2014-04-25,302.376,3,0.2,37.797
CA-2015-103723,2015-12-01,13.9,5,0.0,5.56
CA-2014-127187,2014-12-04,129.98,2,0.0,62.3904
CA-2017-128475,2017-08-26,71.98,2,0.0,15.1158
CA-2014-100006,2014-09-07,377.97,3,0.0,109.6113
CA-2017-144827,2017-12-21,124.36,2,0.0,33.5772
CA-2014-110030,2014-12-06,23.976,3,0.6,-14.3856
CA-2014-121286,2014-11-04,8.376,3,0.2,2.7222
CA-2014-121286,2014-11-04,58.24,5,0.2,5.096
CA-2016-164735,2016-04-14,81.2,5,0.0,12.18
CA-2014-153479,2014-10-04,14.45,5,0.0,6.7915
CA-2014-153479,2014-10-04,95.648,2,0.2,31.0856
CA-2017-149888,2017-11-07,359.97,5,0.4,-71.994
CA-2017-149888,2017-11-07,350.352,4,0.4,-140.1408
CA-2017-119193,2017-12-22,1.641,1,0.7,-1.3128
CA-2017-119193,2017-12-22,629.958,7,0.4,94.4937
CA-2017-104801,2017-02-13,6.63,3,0.0,1.7901
CA-2017-104801,2017-02-13,799.96,4,0.0,343.9828
CA-2017-104801,2017-02-13,107.53,1,0.0,21.506
CA-2014-107594,2014-07-02,73.98,2,0.0,19.9746
CA-2014-107594,2014-07-02,5.58,1,0.0,2.1762
CA-2015-129770,2015-02-21,49.12,4,0.0,23.0864
CA-2015-115798,2015-11-13,377.97,3,0.0,94.4925
CA-2015-115798,2015-11-13,42.28,7,0.0,19.8716
CA-2015-115798,2015-11-13,299.97,3,0.0,56.9943
CA-2015-115798,2015-11-13,89.98,2,0.0,43.1904
CA-2017-122707,2017-04-16,477.24,4,0.0,9.5448
CA-2017-122707,2017-04-16,25.98,2,0.0,1.5588
CA-2016-165015,2016-02-25,46.72,5,0.2,17.52
CA-2014-149244,2014-11-04,35.34,2,0.0,13.4292
CA-2015-140144,2015-06-20,257.64,6,0.0,100.4796
CA-2015-140144,2015-06-20,125.976,3,0.2,47.241
CA-2017-163321,2017-08-07,79.992,1,0.2,21.9978
CA-2014-155887,2014-05-12,700.056,3,0.3,-130.0104
US-2015-165449,2015-11-22,27.168,4,0.2,-1.3584
CA-2015-110247,2015-12-04,8.226,3,0.7,-6.0324
US-2014-141257,2014-06-08,585.552,3,0.2,73.194
CA-2014-154669,2014-08-08,423.28,11,0.0,110.0528
CA-2014-158029,2014-05-26,225.296,2,0.2,22.5296
CA-2015-155306,2015-04-17,5.56,2,0.0,2.224
CA-2015-155306,2015-04-17,323.37,3,0.0,129.348
CA-2015-155306,2015-04-17,783.96,5,0.2,68.5965
CA-2015-155306,2015-04-17,1447.65,5,0.0,419.8185
CA-2015-155306,2015-04-17,11.96,2,0.0,5.8604
CA-2016-127775,2016-06-11,239.97,3,0.0,71.991
CA-2016-146171,2016-03-11,76.92,4,0.0,31.5372
CA-2016-146171,2016-03-11,481.32,4,0.0,125.1432
CA-2014-129574,2014-05-26,48.4,5,0.0,23.232
CA-2017-126536,2017-10-12,0.99,1,0.0,0.4356
CA-2017-126536,2017-10-12,101.84,5,0.2,36.917
CA-2017-165757,2017-06-22,10.332,3,0.7,-7.5768
CA-2017-165757,2017-06-22,31.155,5,0.7,-23.8855
CA-2017-165757,2017-06-22,8.928,2,0.2,0.6696
CA-2017-167752,2017-01-15,34.384,1,0.2,3.8682
CA-2017-167752,2017-01-15,1924.16,8,0.2,312.676
US-2015-122140,2015-04-02,32.192,2,0.8,-80.48
US-2015-122140,2015-04-02,50.12,7,0.2,-0.6265
US-2015-122140,2015-04-02,47.976,3,0.2,1.7991
CA-2016-163986,2016-09-03,54.5,5,0.0,14.17
CA-2017-158967,2017-12-10,19.104,3,0.2,5.7312
CA-2016-131576,2016-11-22,49.44,3,0.0,24.2256
CA-2017-143455,2017-11-11,10.368,2,0.2,3.6288
CA-2016-144729,2016-10-21,154.44,3,0.0,1.5444
CA-2015-127019,2015-12-21,60.984,7,0.2,4.5738
CA-2015-138534,2015-07-17,195.466,2,0.15,-13.7976
CA-2017-108322,2017-04-30,23.68,8,0.2,6.216
CA-2017-108322,2017-04-30,2.376,3,0.2,0.7425
CA-2017-167668,2017-05-06,59.2,4,0.0,29.6
CA-2017-146724,2017-11-20,22.0,10,0.0,9.68
CA-2016-139878,2016-11-11,257.98,2,0.0,74.8142
US-2016-106677,2016-11-05,23.988,2,0.4,-15.992
CA-2016-116974,2016-10-09,23.976,4,0.4,-15.5844
CA-2015-149972,2015-09-21,601.536,4,0.2,0.0
CA-2015-149972,2015-09-21,7.9,2,0.0,2.528
US-2014-117744,2014-12-02,58.36,5,0.6,-24.803
US-2014-117744,2014-12-02,16.464,7,0.2,1.4406
US-2014-117744,2014-12-02,39.96,5,0.6,-23.976
CA-2014-125514,2014-09-21,25.96,2,0.0,7.5284
CA-2014-125514,2014-09-21,36.27,3,0.0,10.881
CA-2014-125514,2014-09-21,6.48,1,0.0,3.1104
CA-2014-154599,2014-04-12,1075.088,14,0.2,94.0702
CA-2014-154599,2014-04-12,438.368,4,0.2,38.3572
CA-2014-154599,2014-04-12,18.088,7,0.2,6.5569
CA-2014-154599,2014-04-12,308.499,3,0.15,-18.147
CA-2017-158743,2017-10-20,13.36,4,0.0,4.1416
CA-2017-158743,2017-10-20,39.96,2,0.0,18.7812
CA-2017-158743,2017-10-20,145.85,5,0.0,70.008
CA-2016-153318,2016-10-25,783.96,5,0.2,78.396
US-2015-110163,2015-11-01,7.88,1,0.2,1.773
CA-2017-143329,2017-11-03,41.37,3,0.0,17.3754
CA-2015-159380,2015-05-12,12.84,3,0.0,5.778
CA-2015-159380,2015-05-12,25.68,6,0.0,11.556
CA-2015-122623,2015-09-07,47.516,2,0.3,-2.0364
CA-2015-148635,2015-07-25,9.42,2,0.0,0.471
CA-2015-148635,2015-07-25,12.96,2,0.0,6.2208
CA-2015-148635,2015-07-25,704.9,5,0.0,56.392
CA-2015-148635,2015-07-25,561.568,2,0.2,28.0784
CA-2015-135685,2015-11-16,179.82,9,0.0,84.5154
CA-2015-135685,2015-11-16,185.58,6,0.0,76.0878
CA-2015-135685,2015-11-16,214.11,3,0.0,36.3987
CA-2015-135685,2015-11-16,999.96,4,0.0,229.9908
CA-2015-135685,2015-11-16,653.55,3,0.0,111.1035
CA-2015-104626,2015-09-01,114.6,5,0.0,51.57
CA-2015-104626,2015-09-01,60.74,1,0.0,15.185
CA-2015-104626,2015-09-01,124.36,2,0.0,27.3592
CA-2015-104626,2015-09-01,1088.76,6,0.0,315.7404
CA-2016-160500,2016-05-05,6.72,5,0.2,2.352
CA-2016-160500,2016-05-05,298.776,3,0.2,7.4694
CA-2017-100202,2016-12-31,302.376,3,0.2,22.6782
CA-2017-131016,2017-09-18,8.928,2,0.2,0.558
CA-2017-131016,2017-09-18,47.584,2,0.2,-2.974
US-2014-112914,2014-09-25,33.792,8,0.2,10.56
US-2014-112914,2014-09-25,300.5328,2,0.32,-97.2312
US-2014-112914,2014-09-25,2.724,2,0.8,-4.3584
US-2014-112914,2014-09-25,3.264,2,0.2,1.1016
CA-2016-124149,2016-04-23,108.336,6,0.2,37.9176
CA-2016-124149,2016-04-23,55.92,5,0.2,6.291
CA-2016-124149,2016-04-23,78.304,2,0.2,29.364
CA-2014-148915,2014-11-01,443.92,5,0.2,-94.333
CA-2014-148915,2014-11-01,155.976,3,0.2,54.5916
CA-2017-134649,2017-01-26,15.47,7,0.0,4.1769
CA-2017-134649,2017-01-26,7.16,2,0.0,3.4368
CA-2017-110842,2017-11-11,10.89,1,0.0,2.8314
CA-2017-110842,2017-11-11,19.44,3,0.0,9.3312
CA-2017-110842,2017-11-11,121.6,5,0.2,39.52
CA-2016-147368,2016-06-09,695.7,2,0.5,-27.828
US-2015-104185,2015-09-03,120.33,1,0.0,31.2858
US-2014-125521,2014-03-14,1139.92,4,0.0,284.98
US-2017-135062,2017-08-31,229.544,7,0.2,83.2097
CA-2017-135650,2017-03-23,143.728,2,0.2,-32.3388
CA-2017-112865,2017-05-18,36.048,3,0.2,-0.9012
US-2016-162852,2016-12-27,845.488,8,0.3,-12.0784
CA-2017-138163,2017-11-17,50.94,3,0.0,14.2632
CA-2017-152093,2017-09-10,762.594,3,0.8,-1143.891
CA-2017-157854,2017-04-08,56.28,6,0.0,15.7584
CA-2017-157854,2017-04-08,2690.97,3,0.0,1264.7559
CA-2016-123617,2016-11-28,7.434,6,0.7,-5.6994
US-2016-128293,2016-06-02,64.784,1,0.2,-12.9568
CA-2017-107342,2017-12-17,28.16,4,0.0,13.2352
CA-2016-136371,2016-03-19,14.98,1,0.0,6.8908
CA-2016-136371,2016-03-19,20.32,4,0.0,6.9088
CA-2017-137344,2017-08-20,40.29,3,0.0,10.4754
CA-2017-169810,2017-07-25,20.23,7,0.0,9.5081
CA-2016-128594,2016-08-26,1603.136,4,0.2,100.196
CA-2016-154690,2016-08-15,225.296,2,0.2,22.5296
CA-2017-138975,2017-05-19,67.8,4,0.0,4.068
CA-2017-138975,2017-05-19,377.97,3,0.0,98.2722
CA-2017-138975,2017-05-19,1628.82,9,0.0,374.6286
CA-2017-138975,2017-05-19,286.93,7,0.0,140.5957
CA-2017-106537,2017-08-12,20.736,4,0.2,7.2576
US-2017-103828,2017-08-13,31.44,3,0.0,8.4888
US-2017-103828,2017-08-13,83.79,7,0.0,22.6233
US-2017-103828,2017-08-13,59.52,3,0.0,15.4752
US-2017-103828,2017-08-13,31.92,4,0.0,9.2568
CA-2016-115588,2016-11-10,14.72,5,0.2,-3.312
CA-2016-115588,2016-11-10,38.976,3,0.2,-2.436
CA-2017-143861,2017-06-12,17.088,2,0.2,1.068
CA-2014-148040,2014-03-22,74.352,3,0.2,23.235
CA-2014-148040,2014-03-22,314.352,3,0.2,-35.3646
CA-2017-135167,2017-06-15,4.26,1,0.0,1.7466
CA-2017-137022,2017-11-16,811.28,8,0.0,24.3384
US-2017-102638,2017-12-29,6.03,3,0.0,2.9547
US-2016-167339,2016-01-21,153.568,2,0.2,-5.7588
US-2016-167339,2016-01-21,1013.488,7,0.2,76.0116
CA-2016-152072,2016-01-15,52.34,2,0.0,24.5998
CA-2016-152072,2016-01-15,4.66,2,0.0,1.3514
CA-2016-152072,2016-01-15,254.97,3,0.0,91.7892
CA-2016-102932,2016-09-19,25.44,6,0.0,12.72
CA-2016-102932,2016-09-19,27.93,3,0.0,8.0997
CA-2014-165540,2014-02-21,8.85,5,0.8,-13.7175
CA-2016-130799,2016-11-11,6.96,4,0.0,2.2272
CA-2016-164483,2016-01-30,17.456,2,0.2,5.8914
US-2016-159856,2016-10-18,307.92,5,0.2,-34.641
CA-2017-102099,2017-12-18,6.63,3,0.0,1.7901
CA-2017-102099,2017-12-18,12.96,2,0.0,6.2208
CA-2017-102099,2017-12-18,32.4,5,0.0,15.552
CA-2017-164049,2017-11-02,23.85,5,0.0,10.7325
CA-2014-142727,2014-04-29,51.96,2,0.0,12.99
CA-2014-142727,2014-04-29,17.94,3,0.0,8.6112
CA-2017-139913,2017-10-23,11.56,2,0.0,5.6644
CA-2017-139913,2017-10-23,26.4,5,0.0,11.88
CA-2017-139913,2017-10-23,69.08,11,0.0,29.0136
CA-2017-139913,2017-10-23,35.88,3,0.0,10.0464
CA-2014-169033,2014-03-30,49.65,5,0.0,20.853
US-2016-164630,2016-01-04,959.968,4,0.2,119.996
US-2015-114839,2015-04-26,408.422,2,0.3,-5.8346
CA-2015-166464,2015-09-12,479.984,2,0.2,59.998
CA-2015-166464,2015-09-12,12.6,4,0.0,6.048
CA-2017-124898,2017-09-11,184.66,7,0.0,84.9436
CA-2016-164035,2016-06-12,23.12,5,0.2,8.381
CA-2016-153577,2016-06-27,37.464,7,0.2,12.1758
CA-2016-153577,2016-06-27,539.658,3,0.3,-7.7094
CA-2014-127586,2014-09-26,310.12,2,0.0,80.6312
CA-2017-121615,2017-11-03,8.56,2,0.0,3.852
CA-2017-121615,2017-11-03,52.4,5,0.0,14.148
CA-2017-121615,2017-11-03,14.94,3,0.0,6.8724
CA-2017-166415,2017-02-19,11.22,3,0.0,0.2244
CA-2015-118444,2015-11-05,387.136,4,0.2,24.196
CA-2014-113929,2014-06-16,41.4,5,0.0,19.458
CA-2014-113929,2014-06-16,35.0,4,0.0,10.5
CA-2014-113929,2014-06-16,39.552,3,0.2,14.3376
CA-2015-134747,2015-10-12,135.72,3,0.0,35.2872
CA-2015-134747,2015-10-12,12.56,2,0.0,5.652
CA-2015-134747,2015-10-12,263.96,4,0.0,71.2692
CA-2017-155047,2017-08-27,5.952,1,0.2,0.372
CA-2016-160129,2016-11-23,15.8,5,0.2,2.37
CA-2016-160129,2016-11-23,14.368,2,0.2,3.9512
CA-2016-160129,2016-11-23,70.448,7,0.2,12.3284
CA-2017-164329,2017-01-30,129.3,2,0.0,6.465
US-2015-141453,2015-11-30,3.882,3,0.8,-5.823
CA-2014-156993,2014-06-28,6.08,1,0.0,3.04
CA-2014-157721,2014-09-02,19.9,1,0.0,8.955
CA-2014-157721,2014-09-02,70.71,1,0.0,4.9497
CA-2017-128629,2017-07-10,18.84,3,0.0,7.9128
CA-2017-158106,2017-06-04,8.64,3,0.0,2.5056
US-2017-120390,2017-10-19,1633.188,4,0.7,-1306.5504
CA-2017-143434,2017-11-18,19.76,4,0.0,8.2992
CA-2015-168564,2015-08-08,6.608,2,0.2,2.2302
CA-2015-168564,2015-08-08,7.28,2,0.2,2.73
CA-2015-168564,2015-08-08,144.784,1,0.2,10.8588
US-2016-169040,2016-12-06,156.792,1,0.2,13.7193
US-2016-169040,2016-12-06,431.976,3,0.2,26.9985
US-2016-169040,2016-12-06,35.89,1,0.0,16.1505
US-2016-169040,2016-12-06,47.208,7,0.2,15.3426
US-2016-169040,2016-12-06,248.08,7,0.0,116.5976
US-2016-169040,2016-12-06,189.7,5,0.0,89.159
US-2016-169040,2016-12-06,59.808,3,0.2,19.4376
CA-2017-155880,2017-03-25,90.99,1,0.0,14.5584
CA-2017-155880,2017-03-25,1526.56,7,0.0,427.4368
CA-2017-155880,2017-03-25,368.97,3,0.0,40.5867
CA-2017-126242,2017-11-19,305.01,9,0.0,76.2525
CA-2017-126242,2017-11-19,18.7,1,0.0,7.106
CA-2016-166443,2016-11-04,38.29,7,0.0,16.4647
CA-2017-169859,2017-12-14,26.25,3,0.0,11.025
CA-2017-169859,2017-12-14,64.96,14,0.2,22.736
CA-2017-169859,2017-12-14,43.7,5,0.0,20.539
CA-2017-134915,2017-11-12,41.6,4,0.2,13.0
CA-2017-134915,2017-11-12,23.12,5,0.2,8.381
CA-2017-134915,2017-11-12,113.888,2,0.2,9.9652
CA-2017-134915,2017-11-12,113.568,2,0.2,-5.6784
CA-2017-134915,2017-11-12,7.92,2,0.2,0.693
CA-2017-134915,2017-11-12,671.984,2,0.2,50.3988
CA-2016-153353,2016-08-18,39.99,1,0.0,11.5971
CA-2017-123638,2017-06-27,191.646,3,0.1,31.941
CA-2017-168900,2017-05-04,2.313,1,0.7,-1.9275
CA-2015-158456,2015-12-24,19.936,4,0.2,7.2268
CA-2015-158456,2015-12-24,45.92,4,0.0,21.5824
CA-2017-143665,2017-04-26,20.34,3,0.0,9.3564
CA-2017-143665,2017-04-26,39.28,8,0.0,19.2472
CA-2017-137428,2017-12-16,81.568,2,0.2,9.1764
CA-2017-137428,2017-12-16,97.184,2,0.2,6.074
CA-2017-137428,2017-12-16,24.32,5,0.2,8.208
CA-2017-137428,2017-12-16,18.96,2,0.0,7.584
CA-2014-162866,2014-12-27,32.952,6,0.6,-19.7712
CA-2014-162866,2014-12-27,30.016,4,0.2,3.0016
CA-2017-167941,2017-11-06,499.584,3,0.2,43.7136
CA-2017-167941,2017-11-06,31.104,6,0.2,10.8864
CA-2017-167941,2017-11-06,13.272,8,0.7,-10.6176
CA-2017-167941,2017-11-06,28.272,2,0.2,6.3612
CA-2017-167941,2017-11-06,259.136,4,0.2,-51.8272
CA-2017-111808,2017-12-16,10.8,5,0.0,5.184
CA-2015-137512,2015-05-07,244.006,2,0.3,-31.3722
CA-2015-137512,2015-05-07,15.936,4,0.2,5.3784
CA-2017-139773,2017-12-04,188.552,7,0.3,-2.6936
CA-2017-134607,2017-10-03,22.58,2,0.0,5.8708
CA-2014-109232,2014-01-13,545.94,6,0.0,87.3504
CA-2015-139850,2015-06-12,20.736,4,0.2,7.2576
CA-2015-139850,2015-06-12,43.296,2,0.2,4.3296
CA-2014-131310,2014-07-12,123.136,4,0.2,13.8528
CA-2014-131310,2014-07-12,11.264,4,0.2,3.8016
US-2014-112872,2014-12-06,53.424,3,0.2,4.6746
US-2014-112872,2014-12-06,275.49,1,0.5,-170.8038
CA-2016-139269,2016-05-25,24.96,4,0.0,6.24
CA-2016-139269,2016-05-25,19.36,2,0.0,9.2928
CA-2016-139269,2016-05-25,1267.65,9,0.0,152.118
CA-2016-139010,2016-02-21,12.99,1,0.0,0.7794
CA-2016-139010,2016-02-21,18.56,4,0.2,6.496
CA-2016-139010,2016-02-21,449.15,5,0.0,8.983
CA-2016-139010,2016-02-21,31.248,7,0.2,10.9368
CA-2016-134376,2016-10-02,61.44,3,0.0,16.5888
CA-2017-147291,2017-03-11,895.92,4,0.0,421.0824
CA-2016-112893,2016-09-09,55.36,4,0.2,18.684
US-2014-150532,2014-07-14,55.92,5,0.2,6.291
CA-2014-138317,2014-06-21,24.896,4,0.2,8.4024
CA-2014-138317,2014-06-21,3.984,1,0.2,0.6474
CA-2014-138317,2014-06-21,95.968,4,0.2,28.7904
CA-2014-138317,2014-06-21,206.991,3,0.7,-172.4925
CA-2014-138317,2014-06-21,44.416,2,0.2,3.8864
CA-2014-138317,2014-06-21,9.006,2,0.7,-7.2048
CA-2015-130610,2015-07-05,19.0,5,0.0,8.93
CA-2017-104381,2017-12-16,33.376,4,0.2,10.43
CA-2016-131499,2016-09-08,207.48,1,0.0,62.244
CA-2014-148761,2014-05-17,91.68,3,0.0,45.84
CA-2017-116519,2017-10-13,904.9,5,0.0,253.372
CA-2014-130729,2014-10-24,34.272,3,0.2,11.1384
CA-2016-124772,2016-12-05,191.82,3,0.0,74.8098
CA-2016-115525,2016-07-25,243.88,5,0.2,27.4365
CA-2017-134845,2017-04-17,12.03,5,0.7,-9.223
CA-2017-134845,2017-04-17,2549.985,5,0.7,-3399.98
CA-2017-134845,2017-04-17,21.594,2,0.7,-15.8356
CA-2017-134845,2017-04-17,8.964,6,0.7,-6.5736
CA-2017-134845,2017-04-17,20.736,4,0.2,7.2576
US-2015-138919,2015-09-17,344.22,2,0.4,-103.266
US-2016-160528,2016-08-23,727.296,8,0.2,-172.7328
US-2016-160528,2016-08-23,22.608,3,0.6,-10.1736
US-2016-160528,2016-08-23,666.4,7,0.2,-33.32
CA-2015-123568,2015-11-08,5.04,3,0.0,0.2016
CA-2015-123568,2015-11-08,92.94,3,0.0,41.823
CA-2015-123568,2015-11-08,66.69,3,0.0,22.0077
CA-2015-123568,2015-11-08,91.68,5,0.2,28.65
CA-2017-124674,2017-11-17,327.7328,2,0.32,-14.4588
CA-2015-164441,2015-11-08,52.272,11,0.2,17.6418
CA-2015-164441,2015-11-08,17.94,3,0.0,8.073
CA-2017-169054,2017-04-22,254.352,3,0.2,0.0
CA-2014-106719,2014-08-24,8.288,2,0.2,2.6936
CA-2017-116855,2017-12-17,504.9,5,0.0,80.784
US-2016-164189,2016-03-24,403.168,4,0.2,25.198
CA-2015-168480,2015-09-21,194.32,4,0.0,31.0912
CA-2015-168480,2015-09-21,25.99,1,0.0,7.5371
US-2016-114293,2016-11-21,195.136,4,0.2,-12.196
CA-2017-134173,2017-09-16,20.736,4,0.2,7.2576
US-2015-123960,2015-06-11,53.7,6,0.0,10.203
US-2015-123960,2015-06-11,36.26,7,0.0,16.6796
US-2015-123960,2015-06-11,56.3,2,0.0,15.764
US-2015-123960,2015-06-11,32.4,5,0.0,15.552
US-2015-123960,2015-06-11,29.16,2,0.0,10.7892
CA-2017-101749,2017-10-03,171.288,3,0.2,-6.4233
US-2016-147991,2016-05-05,16.72,5,0.2,3.344
CA-2017-149559,2017-09-11,12.96,2,0.0,6.2208
CA-2017-149559,2017-09-11,22.18,2,0.0,10.8682
CA-2017-149559,2017-09-11,2054.272,8,0.2,256.784
CA-2015-135174,2015-04-30,1022.97,5,0.4,-255.7425
CA-2017-125290,2017-11-06,13.9,5,0.0,3.614
CA-2017-125290,2017-11-06,26.38,1,0.0,12.1348
CA-2014-137351,2014-09-30,43.176,7,0.2,13.4925
CA-2017-121419,2017-04-02,411.8,2,0.0,70.006
CA-2017-121419,2017-04-02,360.0,4,0.0,129.6
US-2017-148054,2017-10-06,41.96,2,0.0,2.9372
US-2017-148054,2017-10-06,227.84,4,0.0,66.0736
US-2017-148054,2017-10-06,37.94,2,0.0,18.2112
CA-2016-128517,2016-04-09,517.9,2,0.0,134.654
CA-2016-128517,2016-04-09,5.28,2,0.0,2.4288
US-2015-100377,2015-08-28,2799.96,5,0.2,874.9875
CA-2017-131492,2017-10-19,8.96,2,0.0,4.3008
CA-2017-131492,2017-10-19,31.5,10,0.0,15.12
CA-2017-131492,2017-10-19,30.56,2,0.0,10.3904
CA-2017-131492,2017-10-19,24.368,2,0.2,-3.3506
CA-2016-144554,2016-11-07,119.976,3,0.2,22.4955
CA-2017-127621,2017-03-03,26.88,8,0.2,9.744
CA-2015-145184,2015-11-27,83.97,3,0.0,23.5116
CA-2015-145184,2015-11-27,104.97,3,0.0,7.3479
CA-2017-106859,2017-03-13,90.8,8,0.0,25.424
CA-2017-106859,2017-03-13,140.736,8,0.2,49.2576
CA-2017-106859,2017-03-13,214.95,5,0.0,88.1295
CA-2017-106859,2017-03-13,45.36,7,0.0,21.7728
CA-2017-106859,2017-03-13,288.24,6,0.0,138.3552
US-2017-120089,2017-11-30,663.936,4,0.2,82.992
CA-2014-119375,2014-11-17,2934.33,7,0.0,792.2691
CA-2014-119375,2014-11-17,124.41,3,0.0,14.9292
CA-2014-119375,2014-11-17,57.75,5,0.0,26.565
CA-2016-125206,2016-01-03,114.46,2,0.0,28.615
CA-2015-126137,2015-10-03,120.666,2,0.15,18.4548
CA-2014-143903,2014-07-20,342.864,3,0.2,38.5722
CA-2014-143903,2014-07-20,16.74,5,0.6,-14.229
CA-2014-143903,2014-07-20,981.372,2,0.3,-140.196
CA-2014-104780,2014-05-21,31.84,8,0.0,10.5072
CA-2017-101182,2017-09-04,12.96,2,0.0,6.2208
CA-2017-101182,2017-09-04,43.176,3,0.2,15.1116
US-2017-132297,2017-05-27,58.34,2,0.0,28.0032
US-2017-132297,2017-05-27,539.97,3,0.0,134.9925
CA-2014-100328,2014-01-28,3.928,1,0.2,1.3257
CA-2017-118773,2017-02-09,252.784,4,0.8,-417.0936
CA-2017-118773,2017-02-09,127.984,2,0.2,15.998
CA-2017-118773,2017-02-09,3.984,2,0.6,-2.6892
CA-2017-118773,2017-02-09,12.992,2,0.8,-32.48
US-2017-159205,2017-03-31,61.0,5,0.0,25.62
US-2017-159205,2017-03-31,671.93,7,0.0,188.1404
CA-2016-112123,2016-03-03,447.86,7,0.0,219.4514
CA-2016-112123,2016-03-03,479.95,5,0.0,129.5865
CA-2016-112123,2016-03-03,166.44,3,0.0,79.8912
CA-2015-114468,2015-08-23,31.68,4,0.2,2.772
CA-2015-114468,2015-08-23,10.368,2,0.2,3.6288
CA-2015-114468,2015-08-23,12.032,8,0.2,2.256
CA-2015-114468,2015-08-23,5.768,2,0.8,-13.5548
CA-2017-135692,2017-04-27,33.12,4,0.2,11.592
CA-2017-135692,2017-04-27,220.2656,4,0.32,-42.1096
CA-2017-131233,2017-04-14,10.776,3,0.2,3.5022
CA-2017-131233,2017-04-14,242.352,3,0.2,9.0882
CA-2017-119578,2017-12-22,695.16,6,0.0,34.758
CA-2017-119578,2017-12-22,220.98,1,0.0,50.8254
CA-2016-124562,2016-12-08,12.957,7,0.7,-9.5018
US-2017-140074,2017-03-23,25.68,6,0.0,11.556
CA-2016-103037,2016-07-25,15.712,4,0.2,5.6956
CA-2017-127460,2017-07-10,298.464,6,0.2,26.1156
CA-2016-121671,2016-07-17,21.93,3,0.0,10.0878
CA-2016-121671,2016-07-17,242.94,3,0.0,4.8588
CA-2016-121671,2016-07-17,7.64,1,0.0,3.7436
CA-2016-121671,2016-07-17,51.84,8,0.0,25.4016
CA-2016-121671,2016-07-17,265.17,1,0.0,47.7306
CA-2016-150350,2016-08-23,837.6,3,0.2,62.82
CA-2016-150350,2016-08-23,135.9,5,0.0,63.873
CA-2016-150350,2016-08-23,34.68,6,0.0,16.9932
CA-2016-150350,2016-08-23,532.704,6,0.2,-39.9528
CA-2016-150350,2016-08-23,43.1,5,0.0,11.206
CA-2016-150350,2016-08-23,15.88,4,0.0,0.1588
CA-2015-121720,2015-06-11,1123.92,5,0.2,-182.637
CA-2015-121720,2015-06-11,249.584,2,0.2,31.198
CA-2015-121720,2015-06-11,48.672,3,0.2,7.3008
CA-2015-121720,2015-06-11,60.768,2,0.2,7.596
CA-2015-121720,2015-06-11,78.6,5,0.7,-62.88
CA-2015-121720,2015-06-11,3.768,2,0.7,-3.14
CA-2015-121720,2015-06-11,1036.624,2,0.2,51.8312
CA-2015-121720,2015-06-11,563.808,4,0.2,21.1428
CA-2017-149895,2017-09-08,258.528,2,0.4,-47.3968
CA-2017-147564,2017-10-02,49.12,4,0.0,23.0864
CA-2014-136399,2014-12-16,44.46,2,0.0,14.6718
CA-2014-136399,2014-12-16,241.568,2,0.2,18.1176
CA-2014-136399,2014-12-16,395.0,5,0.0,39.5
CA-2014-136399,2014-12-16,627.168,4,0.2,70.5564
CA-2014-107916,2014-08-24,13.28,2,0.0,6.3744
CA-2014-107916,2014-08-24,12.672,3,0.2,4.4352
CA-2017-164168,2017-11-12,30.56,5,0.8,-45.84
CA-2017-164168,2017-11-12,77.952,3,0.2,-15.5904
CA-2017-164168,2017-11-12,67.992,1,0.2,8.499
CA-2017-164168,2017-11-12,12.224,2,0.2,4.4312
CA-2017-164168,2017-11-12,44.784,2,0.2,-0.5598
CA-2017-164168,2017-11-12,22.848,3,0.6,-17.7072
CA-2015-112557,2015-04-25,206.43,3,0.0,90.8292
US-2014-122959,2014-12-12,210.392,2,0.8,-336.6272
CA-2017-162572,2017-09-25,119.96,5,0.2,35.988
CA-2017-162572,2017-09-25,10.608,6,0.2,0.9282
US-2016-148110,2016-09-05,347.802,7,0.3,-24.843
CA-2017-131828,2017-02-11,963.136,4,0.2,108.3528
CA-2017-131828,2017-02-11,88.776,3,0.2,7.7679
CA-2014-109218,2014-06-30,32.4,5,0.0,10.368
CA-2016-120558,2016-06-07,32.4,5,0.0,15.552
US-2014-109036,2014-12-20,31.05,3,0.0,14.904
CA-2015-147830,2015-12-15,2025.36,6,0.2,607.608
CA-2015-147830,2015-12-15,1799.994,2,0.7,-2639.9912
CA-2015-147830,2015-12-15,101.988,2,0.4,-16.998
CA-2015-147830,2015-12-15,262.864,7,0.2,69.0018
CA-2017-150497,2017-07-20,735.98,2,0.0,331.191
CA-2014-128986,2014-08-03,93.024,3,0.2,33.7212
CA-2015-139584,2015-08-24,284.364,2,0.4,-75.8304
CA-2015-139584,2015-08-24,26.0,2,0.0,11.7
US-2016-162677,2016-03-26,67.64,5,0.2,5.9185
US-2016-162677,2016-03-26,119.976,3,0.2,-17.9964
US-2014-150924,2014-09-12,5.18,5,0.8,-8.029
CA-2014-153969,2014-09-21,15.56,2,0.0,7.3132
CA-2014-153969,2014-09-21,78.35,5,0.0,36.8245
CA-2014-153969,2014-09-21,59.52,3,0.0,15.4752
CA-2014-153969,2014-09-21,38.52,9,0.0,17.334
CA-2014-153969,2014-09-21,239.984,2,0.2,23.9984
CA-2014-153969,2014-09-21,19.35,3,0.0,9.4815
CA-2016-146682,2016-10-29,67.0,5,0.0,32.16
CA-2016-138695,2016-05-28,390.272,8,0.2,-24.392
CA-2016-138695,2016-05-28,62.192,13,0.2,19.435
CA-2017-107461,2017-12-21,23.88,6,0.0,11.2236
US-2016-133879,2016-03-21,3.168,2,0.8,-4.752
US-2016-133879,2016-03-21,528.43,5,0.3,0.0
US-2016-133879,2016-03-21,13.392,3,0.2,1.5066
CA-2017-157483,2017-11-11,181.86,7,0.0,50.9208
US-2017-132059,2017-09-23,180.588,2,0.7,-240.784
US-2017-132059,2017-09-23,47.984,2,0.2,0.5998
CA-2017-122280,2017-09-10,18.76,2,0.0,9.0048
CA-2017-105235,2017-12-05,20.94,3,0.0,6.0726
CA-2017-105235,2017-12-05,58.68,2,0.0,18.1908
CA-2017-105235,2017-12-05,254.9,5,0.0,68.823
CA-2017-152912,2017-11-09,9.64,2,0.0,4.4344
CA-2017-152912,2017-11-09,826.62,3,0.0,355.4466
CA-2017-152912,2017-11-09,1633.14,9,0.0,473.6106
CA-2017-152912,2017-11-09,544.38,3,0.0,157.8702
CA-2014-123498,2014-11-07,26.046,3,0.8,-44.2782
CA-2014-123498,2014-11-07,74.352,3,0.2,26.9526
CA-2017-159352,2017-03-12,69.93,7,0.0,32.1678
US-2017-146416,2017-10-20,3.75,1,0.0,1.8
US-2017-146416,2017-10-20,20.928,4,0.2,7.5864
US-2015-163783,2015-12-27,12.672,3,0.2,-3.168
CA-2017-123981,2017-10-02,65.99,1,0.0,17.1574
CA-2017-158953,2017-06-04,6.37,7,0.8,-9.555
CA-2014-165428,2014-09-01,3.648,3,0.8,-6.0192
CA-2014-165428,2014-09-01,31.104,6,0.2,10.8864
CA-2016-169026,2016-08-08,23.34,3,0.0,0.2334
CA-2017-109750,2017-07-22,29.97,3,0.0,14.0859
CA-2015-149384,2015-07-10,3.366,3,0.7,-2.244
CA-2014-131527,2014-12-01,95.968,4,0.2,9.5968
CA-2017-164000,2017-12-18,18.704,7,0.2,2.338
CA-2014-164224,2014-05-18,149.232,3,0.2,3.7308
CA-2014-164224,2014-05-18,15.936,4,0.2,5.7768
CA-2014-158372,2014-11-10,601.536,8,0.2,60.1536
CA-2014-158372,2014-11-10,10.99,1,0.0,4.2861
CA-2014-158372,2014-11-10,39.88,2,0.0,11.1664
CA-2014-158372,2014-11-10,62.24,8,0.0,28.008
CA-2014-158372,2014-11-10,53.2,5,0.0,14.896
CA-2014-158372,2014-11-10,39.84,8,0.0,18.3264
CA-2016-108882,2016-01-09,349.95,5,0.0,118.983
CA-2016-108882,2016-01-09,377.928,9,0.2,141.723
US-2017-108245,2017-09-22,13.392,3,0.2,5.022
US-2017-108245,2017-09-22,11.228,7,0.8,-18.5262
CA-2014-142314,2014-12-23,207.24,11,0.0,58.0272
CA-2016-132409,2016-05-26,1.504,1,0.2,0.1692
CA-2016-132409,2016-05-26,34.848,2,0.2,6.534
CA-2017-150189,2017-07-08,75.18,6,0.0,35.3346
CA-2014-114433,2014-05-13,149.97,3,0.0,52.4895
CA-2017-104640,2017-11-10,931.176,3,0.2,314.2719
CA-2017-104640,2017-11-10,430.88,2,0.0,124.9552
US-2015-137008,2015-10-02,94.85,5,0.0,45.528
US-2015-137008,2015-10-02,51.12,4,0.0,23.004
US-2015-137008,2015-10-02,90.0,1,0.0,32.4
CA-2014-108189,2014-10-02,9.408,2,0.2,3.4104
CA-2014-108189,2014-10-02,4.672,2,0.2,1.46
CA-2014-108189,2014-10-02,318.4,2,0.2,107.46
CA-2014-108189,2014-10-02,12.768,6,0.2,4.6284
CA-2014-108189,2014-10-02,15.36,2,0.2,-3.264
CA-2014-108189,2014-10-02,230.376,3,0.2,20.1579
CA-2014-108189,2014-10-02,7.16,1,0.2,-0.0895
CA-2014-154641,2014-08-11,375.34,1,0.0,18.767
CA-2017-131625,2017-09-01,114.9,5,0.0,39.066
US-2017-156356,2017-04-16,26.046,3,0.8,-44.2782
US-2017-156356,2017-04-16,2.896,1,0.8,-4.7784
US-2017-156356,2017-04-16,32.544,2,0.2,-7.7292
CA-2016-138933,2016-04-24,3.984,1,0.2,1.3944
CA-2016-140746,2016-01-15,181.797,1,0.3,-15.5826
CA-2016-146836,2016-05-02,44.94,3,0.0,12.5832
CA-2016-146836,2016-05-02,45.576,3,0.2,15.9516
US-2016-127971,2016-11-20,318.43,5,0.3,-77.333
US-2016-127971,2016-11-20,122.92,7,0.2,46.095
US-2016-127971,2016-11-20,7.068,3,0.6,-2.8272
US-2016-140809,2016-02-01,56.45,5,0.0,14.677
CA-2017-114524,2017-03-31,13.468,13,0.8,-22.8956
CA-2017-113355,2017-12-01,219.8,5,0.2,24.7275
CA-2017-113355,2017-12-01,317.058,3,0.3,-18.1176
US-2017-140907,2017-12-10,49.08,3,0.0,4.908
US-2017-140907,2017-12-10,324.9,5,0.0,38.988
US-2017-140907,2017-12-10,18.24,3,0.0,5.2896
CA-2016-159730,2016-09-17,113.888,2,0.2,9.9652
CA-2016-159730,2016-09-17,105.584,2,0.2,7.9188
CA-2016-157868,2016-12-23,24.85,7,0.0,11.6795
CA-2017-119389,2017-04-17,60.312,3,0.2,5.2773
CA-2017-110373,2017-10-27,7.056,3,0.2,2.205
CA-2017-110373,2017-10-27,27.184,2,0.2,2.0388
CA-2016-155474,2016-07-08,107.984,1,0.2,9.4486
CA-2016-155474,2016-07-08,19.296,3,0.2,6.03
CA-2015-155453,2015-08-09,4.608,2,0.2,1.6704
US-2016-161844,2016-12-09,79.974,3,0.4,-29.3238
US-2016-161844,2016-12-09,2.946,2,0.7,-2.0622
US-2016-162103,2016-11-13,3.136,2,0.8,-4.704
CA-2014-151554,2014-11-14,20.736,4,0.2,7.2576
CA-2014-140662,2014-11-17,99.98,2,0.0,7.9984
CA-2014-140662,2014-11-17,733.95,7,0.0,352.296
CA-2014-140662,2014-11-17,241.44,3,0.0,72.432
CA-2016-122518,2016-03-04,10.08,4,0.2,3.528
US-2014-126571,2014-10-11,281.904,2,0.2,10.5714
US-2014-126571,2014-10-11,201.432,3,0.2,67.9833
CA-2014-143840,2014-05-22,135.98,2,0.0,33.995
CA-2014-143840,2014-05-22,44.95,1,0.0,12.586
CA-2014-115980,2014-07-15,2.97,3,0.0,1.3068
CA-2014-115980,2014-07-15,6.54,3,0.0,2.6814
CA-2015-155145,2015-12-27,7.92,8,0.0,3.4848
CA-2015-146038,2015-02-09,203.92,5,0.2,22.941
CA-2017-133865,2017-05-08,3359.952,6,0.2,1049.985
CA-2017-116358,2017-11-02,18.24,3,0.0,9.12
CA-2017-116358,2017-11-02,27.78,6,0.0,9.1674
CA-2014-102988,2014-04-05,22.96,7,0.0,7.5768
CA-2014-102988,2014-04-05,28.99,1,0.0,8.4071
CA-2014-102988,2014-04-05,12.96,2,0.0,6.3504
CA-2014-102988,2014-04-05,22.96,7,0.0,6.6584
CA-2014-102988,2014-04-05,4164.05,5,0.0,83.281
US-2014-117170,2014-09-17,47.984,2,0.2,13.1956
US-2014-117170,2014-09-17,4.624,1,0.2,1.6762
CA-2014-159478,2014-09-30,15.24,3,0.0,5.1816
CA-2014-103702,2014-09-12,63.924,7,0.7,-46.8776
CA-2017-150525,2017-02-20,6.56,2,0.0,1.9024
CA-2017-150525,2017-02-20,13.11,3,0.0,3.4086
CA-2015-157770,2015-12-13,494.376,3,0.2,49.4376
CA-2015-157770,2015-12-13,29.2,5,0.2,9.855
CA-2015-157770,2015-12-13,248.85,5,0.0,27.3735
CA-2015-157770,2015-12-13,36.24,1,0.0,15.2208
CA-2016-167290,2016-10-30,11.68,2,0.0,3.504
CA-2014-106264,2014-12-26,11.91,3,0.0,0.1191
CA-2014-106264,2014-12-26,3.48,2,0.0,1.1136
CA-2014-138023,2014-08-15,30.96,8,0.8,-52.632
CA-2017-113418,2017-10-01,1704.89,11,0.0,767.2005
US-2015-110569,2015-05-23,19.194,7,0.7,-12.796
US-2015-110569,2015-05-23,121.792,4,0.2,13.7016
CA-2017-136308,2017-11-16,1919.976,3,0.2,215.9973
US-2014-159926,2014-11-18,50.997,1,0.7,-40.7976
US-2014-159926,2014-11-18,76.792,1,0.2,-16.3183
US-2014-159926,2014-11-18,539.964,6,0.4,-107.9928
US-2014-159926,2014-11-18,60.312,3,0.2,5.2773
US-2014-159926,2014-11-18,1.944,3,0.7,-1.4256
CA-2014-104738,2014-12-30,12.984,3,0.2,4.7067
CA-2014-104738,2014-12-30,217.584,2,0.2,19.0386
CA-2014-104738,2014-12-30,328.776,3,0.2,28.7679
CA-2014-104738,2014-12-30,2.286,3,0.8,-3.6576
CA-2014-104738,2014-12-30,47.984,2,0.2,14.3952
CA-2015-144386,2015-11-05,25.344,6,0.2,8.8704
CA-2016-111416,2016-09-17,232.4,5,0.2,78.435
CA-2016-162747,2016-03-20,86.45,7,0.0,38.038
US-2014-133130,2014-09-27,603.92,5,0.2,45.294
US-2014-133130,2014-09-27,81.98,2,0.0,40.1702
CA-2017-169978,2017-12-24,271.764,2,0.1,48.3136
CA-2017-169978,2017-12-24,14.376,3,0.2,4.8519
CA-2017-161739,2017-11-10,341.96,5,0.6,-427.45
CA-2015-165057,2015-09-11,181.35,9,0.0,48.9645
CA-2015-165057,2015-09-11,8.64,3,0.0,4.2336
CA-2014-134551,2014-12-20,43.512,7,0.2,3.8073
CA-2014-134551,2014-12-20,662.88,3,0.2,74.574
CA-2014-134551,2014-12-20,25.92,5,0.2,9.072
CA-2015-120810,2015-07-23,68.94,3,0.0,20.682
CA-2015-120810,2015-07-23,128.82,3,0.0,50.2398
CA-2014-165309,2014-11-11,896.99,5,0.8,-1480.0335
CA-2014-165309,2014-11-11,1.234,1,0.8,-1.9744
CA-2014-165309,2014-11-11,67.56,3,0.2,6.756
CA-2014-165309,2014-11-11,21.72,5,0.2,7.8735
CA-2014-165309,2014-11-11,262.336,8,0.2,95.0968
CA-2014-165309,2014-11-11,148.48,2,0.2,16.704
CA-2014-165309,2014-11-11,241.176,3,0.2,15.0735
CA-2017-122595,2017-12-14,227.976,3,0.2,28.497
CA-2017-122595,2017-12-14,52.68,3,0.2,19.755
CA-2017-122595,2017-12-14,2.032,1,0.6,-1.3208
US-2017-109253,2017-08-21,17.12,4,0.0,4.9648
US-2017-109253,2017-08-21,431.968,4,0.2,37.7972
US-2017-109253,2017-08-21,129.92,4,0.0,10.3936
US-2017-109253,2017-08-21,568.728,3,0.2,28.4364
US-2017-109253,2017-08-21,117.144,9,0.2,42.4647
US-2017-109253,2017-08-21,203.52,3,0.0,54.9504
US-2017-109253,2017-08-21,51.75,5,0.0,24.84
CA-2016-145982,2016-08-27,122.97,3,0.0,60.2553
CA-2016-145982,2016-08-27,244.615,1,0.3,20.967
CA-2016-145982,2016-08-27,59.97,3,0.0,28.7856
CA-2016-145982,2016-08-27,81.54,9,0.0,36.693
CA-2016-145982,2016-08-27,11.68,4,0.0,5.256
CA-2016-145982,2016-08-27,29.0,5,0.0,13.92
CA-2015-112014,2015-08-13,50.8,5,0.0,13.208
CA-2017-154732,2017-11-05,16.03,5,0.8,-25.648
US-2016-157308,2016-08-17,15.712,4,0.2,5.6956
CA-2016-147536,2016-12-26,89.97,3,0.0,18.8937
US-2014-134733,2014-09-23,435.999,3,0.15,20.5176
US-2014-134733,2014-09-23,83.984,2,0.2,31.494
US-2014-150434,2014-07-19,359.98,2,0.0,93.5948
US-2014-150434,2014-07-19,70.56,1,0.3,-4.032
US-2014-150434,2014-07-19,20.88,2,0.0,9.6048
US-2014-150434,2014-07-19,3.81,1,0.0,1.8288
CA-2017-100335,2017-09-07,73.008,9,0.2,26.4654
CA-2016-139234,2016-05-06,3.208,2,0.8,-5.2932
CA-2016-139234,2016-05-06,26.176,2,0.2,-3.272
US-2015-142020,2015-06-04,30.44,4,0.0,14.3068
US-2015-142020,2015-06-04,35.28,3,0.0,11.9952
CA-2015-139962,2015-12-13,19.44,3,0.0,9.3312
CA-2015-139962,2015-12-13,37.88,2,0.0,18.94
CA-2016-130050,2016-07-16,9.552,3,0.6,-3.8208
CA-2014-115161,2014-01-31,290.666,2,0.15,3.4196
CA-2014-165379,2014-07-09,10.368,2,0.2,3.6288
CA-2014-165379,2014-07-09,14.352,3,0.2,4.485
CA-2015-115511,2015-11-21,141.96,2,0.0,41.1684
CA-2015-115511,2015-11-21,66.048,4,0.2,23.1168
CA-2016-134887,2016-03-25,1287.45,5,0.0,244.6155
CA-2017-123778,2017-09-23,25.824,6,0.2,9.0384
CA-2017-123778,2017-09-23,160.96,2,0.0,48.288
CA-2015-161718,2015-12-04,28.44,3,0.0,11.376
CA-2015-161718,2015-12-04,364.41,5,0.1,8.098
CA-2015-161718,2015-12-04,39.96,4,0.0,10.3896
CA-2015-161718,2015-12-04,361.764,2,0.1,68.3332
CA-2016-100671,2016-11-01,111.672,9,0.2,6.9795
CA-2017-142867,2017-03-17,13.776,6,0.8,-22.0416
CA-2017-142867,2017-03-17,10.272,3,0.2,3.21
CA-2017-103156,2017-11-23,24.048,9,0.2,7.2144
US-2017-162208,2017-08-27,2.896,1,0.2,0.9774
CA-2015-130659,2015-12-04,17.94,3,0.0,8.7906
CA-2015-130659,2015-12-04,384.174,7,0.1,29.8802
CA-2015-130659,2015-12-04,1799.75,5,0.0,539.925
CA-2017-148404,2017-10-07,580.672,4,0.2,65.3256
CA-2017-148404,2017-10-07,18.936,3,0.2,5.9175
CA-2017-148404,2017-10-07,222.384,2,0.2,16.6788
CA-2017-148404,2017-10-07,50.454,6,0.7,-33.636
CA-2017-148404,2017-10-07,154.764,3,0.4,-36.1116
CA-2017-101077,2017-03-25,6.848,2,0.2,2.14
CA-2014-166471,2014-08-09,1091.168,4,0.2,68.198
CA-2014-166471,2014-08-09,219.168,2,0.2,-43.8336
CA-2014-105340,2014-11-22,6.928,1,0.8,-11.0848
US-2017-131583,2017-06-10,40.032,6,0.2,15.012
US-2017-148362,2017-07-01,443.92,4,0.0,13.3176
US-2017-148362,2017-07-01,169.99,1,0.0,78.1954
US-2017-148362,2017-07-01,25.92,4,0.0,12.4416
CA-2014-102274,2014-11-21,36.99,1,0.0,9.9873
CA-2014-102274,2014-11-21,629.1,6,0.0,301.968
CA-2014-102274,2014-11-21,193.95,3,0.0,9.6975
CA-2014-102274,2014-11-21,5.46,3,0.0,1.4742
CA-2015-129700,2015-05-04,22.288,7,0.6,-8.9152
CA-2017-168739,2017-05-29,65.424,4,0.6,-52.3392
CA-2015-152527,2015-10-17,77.88,2,0.0,3.894
US-2014-150119,2014-04-23,281.372,2,0.3,-12.0588
US-2014-150119,2014-04-23,281.372,2,0.3,-12.0588
US-2014-150119,2014-04-23,7.488,8,0.7,-5.2416
US-2014-150119,2014-04-23,22.336,4,0.2,7.8176
US-2017-150847,2017-04-30,10.368,2,0.2,3.6288
CA-2016-100244,2016-09-20,65.79,9,0.0,30.2634
CA-2016-100244,2016-09-20,271.984,2,0.2,88.3948
CA-2016-100244,2016-09-20,11.76,4,0.0,3.1752
CA-2016-100244,2016-09-20,77.52,2,0.0,37.9848
CA-2016-100244,2016-09-20,48.64,2,0.2,15.808
CA-2016-116540,2016-09-02,1.81,1,0.0,0.6516
CA-2016-116540,2016-09-02,8.26,2,0.0,3.8822
CA-2015-151841,2015-04-27,43.56,5,0.2,3.267
CA-2015-151841,2015-04-27,5.84,2,0.2,0.73
CA-2015-150791,2015-09-06,271.764,2,0.1,60.392
CA-2016-134803,2016-05-28,262.24,2,0.0,78.672
CA-2016-134803,2016-05-28,182.72,8,0.0,84.0512
CA-2016-134803,2016-05-28,131.6,7,0.0,7.896
CA-2016-134803,2016-05-28,22.72,4,0.2,7.384
CA-2016-134803,2016-05-28,558.4,2,0.2,41.88
CA-2015-153381,2015-09-24,15.24,4,0.0,6.858
CA-2015-153381,2015-09-24,1408.1,10,0.0,394.268
US-2017-111024,2017-07-03,32.896,4,0.2,11.1024
US-2017-111024,2017-07-03,215.148,2,0.4,-103.9882
US-2017-111024,2017-07-03,30.96,6,0.2,11.223
CA-2017-148264,2017-12-08,29.79,3,0.0,8.6391
CA-2017-148264,2017-12-08,128.9,2,0.0,15.468
CA-2017-148264,2017-12-08,60.12,9,0.0,28.8576
CA-2017-131212,2017-12-05,24.816,3,0.2,8.3754
CA-2017-131212,2017-12-05,14.976,6,0.2,5.4288
US-2015-100531,2015-09-27,15.08,2,0.8,-22.62
US-2015-100531,2015-09-27,24.288,3,0.6,-12.7512
CA-2017-152583,2017-10-30,16.192,2,0.6,-8.5008
CA-2017-152583,2017-10-30,251.006,2,0.3,-68.1302
CA-2017-152583,2017-10-30,54.192,6,0.2,4.0644
CA-2015-144099,2015-11-29,4.304,1,0.2,1.5602
CA-2014-158337,2014-03-11,108.92,14,0.0,49.014
CA-2017-168858,2017-11-19,16.74,3,0.0,8.37
CA-2017-168858,2017-11-19,2504.74,7,0.0,626.185
CA-2016-116344,2016-07-29,84.784,2,0.2,-16.9568
CA-2015-131779,2015-06-12,29.9,5,0.0,5.083
CA-2016-158869,2016-08-06,70.88,2,0.0,33.3136
CA-2017-102554,2017-06-11,3.76,2,0.0,1.0904
CA-2016-162614,2016-10-07,27.264,2,0.2,8.8608
CA-2014-168592,2014-09-08,56.65,5,0.0,24.3595
CA-2014-168592,2014-09-08,14.97,1,0.0,4.1916
CA-2014-168592,2014-09-08,4.02,2,0.0,1.9698
CA-2014-157609,2014-03-16,471.92,2,0.2,29.495
CA-2015-153325,2015-03-01,58.72,4,0.0,27.0112
CA-2015-153626,2015-07-09,5.16,3,0.2,0.8385
CA-2016-166485,2016-02-20,16.496,2,0.2,5.5674
CA-2017-136448,2017-09-16,71.976,3,0.2,19.7934
CA-2017-136448,2017-09-16,22.512,3,0.2,2.2512
CA-2017-136448,2017-09-16,3.444,2,0.7,-2.7552
CA-2017-136448,2017-09-16,538.194,2,0.7,-412.6154
CA-2017-136448,2017-09-16,47.984,2,0.2,14.3952
CA-2017-114258,2017-11-05,492.768,4,0.2,55.4364
CA-2015-152611,2015-02-20,286.79,7,0.0,74.5654
CA-2016-165470,2016-11-25,5.08,1,0.2,1.651
CA-2017-128699,2017-12-03,47.992,1,0.2,7.1988
US-2015-147242,2015-09-10,61.96,2,0.0,16.1096
US-2015-147242,2015-09-10,361.96,2,0.0,83.2508
US-2015-147242,2015-09-10,278.82,9,0.0,125.469
CA-2016-146143,2016-12-14,133.38,6,0.0,58.6872
CA-2015-100888,2015-04-06,47.952,3,0.2,16.1838
US-2016-150035,2016-12-01,16.74,2,0.0,4.3524
CA-2017-122644,2017-11-12,10.848,2,0.2,3.5256
CA-2017-122644,2017-11-12,18.544,2,0.2,3.0134
CA-2017-111815,2017-03-03,180.98,1,0.0,47.0548
CA-2017-111815,2017-03-03,99.98,2,0.0,42.9914
CA-2016-144911,2016-11-27,34.95,5,0.0,15.378
CA-2016-144911,2016-11-27,152.0,5,0.0,69.92
CA-2014-143385,2014-08-31,92.52,9,0.0,18.504
CA-2016-131289,2016-12-08,8.56,2,0.0,2.4824
CA-2016-131289,2016-12-08,45.36,7,0.0,21.7728
CA-2016-131289,2016-12-08,1421.664,6,0.2,-195.4788
CA-2014-124023,2014-04-07,8.96,2,0.0,2.7776
CA-2014-124688,2014-08-27,579.95,5,0.0,168.1855
CA-2014-124688,2014-08-27,29.12,4,0.0,12.5216
CA-2014-124688,2014-08-27,1202.94,3,0.0,300.735
CA-2016-151169,2016-10-21,7.92,4,0.0,3.564
US-2016-134761,2016-11-30,36.192,1,0.2,2.7144
CA-2017-120705,2017-09-05,147.184,2,0.2,-29.4368
CA-2015-157322,2015-07-02,408.422,2,0.3,-5.8346
CA-2015-157322,2015-07-02,382.116,6,0.3,-92.7996
CA-2015-157322,2015-07-02,68.6,5,0.2,6.0025
CA-2015-157322,2015-07-02,435.504,3,0.2,48.9942
CA-2015-157322,2015-07-02,11.168,2,0.2,3.7692
CA-2017-142034,2017-09-24,72.0,4,0.0,12.96
CA-2017-142034,2017-09-24,655.9,5,0.0,275.478
CA-2017-142034,2017-09-24,603.92,4,0.0,181.176
CA-2016-107328,2016-08-08,513.024,2,0.2,12.8256
CA-2016-107328,2016-08-08,487.92,6,0.0,136.6176
CA-2016-107328,2016-08-08,15.24,5,0.2,5.334
CA-2016-108616,2016-09-29,209.97,3,0.0,71.3898
CA-2016-108616,2016-09-29,62.94,3,0.0,30.2112
CA-2016-108616,2016-09-29,25.92,9,0.0,7.776
CA-2017-125115,2017-04-10,10.368,2,0.2,3.6288
CA-2017-125115,2017-04-10,95.736,3,0.2,20.3439
CA-2016-150945,2016-12-18,900.08,4,0.0,117.0104
CA-2014-166863,2014-06-20,201.584,2,0.2,20.1584
CA-2014-166863,2014-06-20,3.392,4,0.8,-5.088
CA-2014-166863,2014-06-20,193.0656,4,0.32,-19.8744
CA-2014-166863,2014-06-20,15.552,3,0.2,5.4432
CA-2014-166863,2014-06-20,11.648,2,0.2,4.0768
CA-2014-166863,2014-06-20,418.8,2,0.4,-97.72
CA-2014-166863,2014-06-20,509.488,7,0.2,-127.372
CA-2017-140326,2017-09-04,825.174,9,0.3,-117.882
CA-2017-140326,2017-09-04,17.76,3,0.2,5.55
CA-2017-140326,2017-09-04,6.912,3,0.2,0.864
CA-2016-168536,2016-12-20,66.3,3,0.0,8.619
US-2016-113649,2016-08-09,30.816,9,0.2,9.63
US-2016-113649,2016-08-09,44.784,2,0.2,4.4784
US-2016-113649,2016-08-09,569.536,4,0.2,64.0728
CA-2015-124975,2015-06-22,796.425,7,0.5,-525.6405
CA-2015-168767,2015-04-10,12.832,2,0.2,4.3308
CA-2016-114482,2016-11-21,40.46,7,0.0,19.8254
CA-2016-114482,2016-11-21,404.94,3,0.0,109.3338
CA-2016-137673,2016-09-05,116.0,8,0.0,29.0
CA-2016-132731,2016-11-24,657.552,6,0.2,49.3164
CA-2017-148922,2017-12-10,599.97,3,0.0,257.9871
CA-2017-148922,2017-12-10,38.97,3,0.0,0.7794
CA-2017-148922,2017-12-10,45.84,8,0.0,22.0032
CA-2016-130680,2016-06-24,38.24,4,0.2,-9.56
CA-2015-141145,2015-09-17,87.168,3,0.2,10.896
US-2016-152835,2016-05-19,21.4,5,0.0,6.206
CA-2016-155565,2016-05-28,54.9,5,0.0,15.372
CA-2014-110849,2014-04-18,287.968,4,0.2,97.1892
CA-2014-110849,2014-04-18,13.12,4,0.0,3.8048
CA-2014-110849,2014-04-18,10.75,5,0.0,3.5475
CA-2014-110849,2014-04-18,11.62,2,0.0,3.6022
CA-2016-145842,2016-06-17,40.74,3,0.0,0.4074
CA-2014-158771,2014-05-09,83.25,3,0.0,14.985
CA-2014-158771,2014-05-09,9.45,3,0.0,4.536
CA-2014-158771,2014-05-09,20.65,5,0.0,9.499
CA-2014-158771,2014-05-09,45.36,7,0.0,21.7728
CA-2016-157511,2016-09-18,5.352,3,0.2,1.6056
CA-2016-157511,2016-09-18,99.372,2,0.3,-7.098
CA-2016-157511,2016-09-18,2.672,1,0.2,0.3674
CA-2017-121216,2017-12-23,28.672,8,0.2,10.3936
CA-2017-121216,2017-12-23,29.312,8,0.8,-74.7456
CA-2017-155292,2017-10-30,105.98,7,0.0,4.2392
CA-2017-155292,2017-10-30,35.06,2,0.0,10.518
CA-2017-155292,2017-10-30,33.94,1,0.0,9.1638
CA-2017-155292,2017-10-30,30.0,8,0.0,14.4
CA-2016-152555,2016-03-29,45.528,3,0.2,15.9348
CA-2016-152555,2016-03-29,844.116,6,0.3,-36.1764
CA-2016-152555,2016-03-29,812.736,8,0.2,60.9552
CA-2017-107832,2017-11-23,7.476,1,0.7,-5.9808
CA-2014-120838,2014-03-23,330.4,2,0.0,85.904
CA-2014-120838,2014-03-23,604.752,6,0.2,37.797
CA-2017-118542,2017-12-01,45.36,7,0.0,21.7728
CA-2017-118542,2017-12-01,10.128,2,0.2,3.6714
CA-2017-152737,2017-11-07,21.792,4,0.2,7.6272
CA-2017-152737,2017-11-07,439.8,4,0.0,145.134
CA-2017-109757,2017-09-04,8.256,4,0.2,0.6192
CA-2017-109757,2017-09-04,25.56,5,0.7,-20.448
CA-2017-109757,2017-09-04,4.368,2,0.7,-3.0576
CA-2017-109757,2017-09-04,11.52,4,0.2,3.744
CA-2016-130029,2016-07-03,12.96,2,0.0,6.2208
CA-2016-130029,2016-07-03,3.96,2,0.0,0.0792
CA-2017-103877,2017-09-07,1577.94,3,0.0,757.4112
CA-2016-137176,2016-09-09,15.008,4,0.6,-12.0064
CA-2017-168109,2017-07-03,59.98,2,0.0,26.3912
CA-2017-168109,2017-07-03,2395.2,6,0.2,209.58
CA-2017-168109,2017-07-03,1687.8,4,0.0,742.632
CA-2017-168109,2017-07-03,7.992,1,0.2,2.6973
US-2017-126081,2017-06-29,5.184,1,0.2,1.8144
CA-2017-117023,2017-08-07,11.68,2,0.0,5.4896
CA-2017-117023,2017-08-07,104.8,10,0.0,26.2
CA-2015-143532,2015-03-19,14.496,3,0.2,4.8924
CA-2016-103163,2016-06-07,4.784,1,0.2,1.5548
CA-2016-103163,2016-06-07,4.73,1,0.0,2.3177
CA-2016-104157,2016-07-25,7.89,1,0.0,0.3156
CA-2016-104157,2016-07-25,65.5,5,0.0,32.095
CA-2016-104157,2016-07-25,2430.08,8,0.0,388.8128
CA-2017-117807,2017-10-01,104.85,1,0.0,50.328
CA-2015-121650,2015-12-10,3.9,2,0.0,1.521
CA-2015-121650,2015-12-10,801.96,2,0.0,200.49
CA-2015-121650,2015-12-10,191.96,2,0.0,32.6332
CA-2015-121650,2015-12-10,2.61,1,0.0,1.2006
CA-2017-161823,2017-09-03,5.96,2,0.0,1.6688
CA-2017-121839,2017-09-24,1169.694,3,0.4,-253.4337
CA-2017-158729,2017-12-19,1665.62,2,0.0,33.3124
CA-2017-146535,2017-11-24,2.88,1,0.0,1.4112
CA-2017-146535,2017-11-24,1443.96,12,0.0,375.4296
CA-2014-154186,2014-12-13,2.92,1,0.2,0.365
CA-2016-108434,2016-12-05,465.18,3,0.0,120.9468
CA-2016-164154,2016-09-11,22.428,3,0.7,-17.9424
CA-2016-164154,2016-09-11,37.52,5,0.2,3.752
CA-2017-148012,2017-12-09,2.624,1,0.2,0.4264
CA-2014-102869,2014-09-09,15.552,3,0.2,5.4432
CA-2014-102869,2014-09-09,64.704,6,0.2,-4.8528
CA-2014-102869,2014-09-09,17.472,3,0.2,5.0232
CA-2014-102869,2014-09-09,135.516,1,0.4,-31.6204
CA-2017-138310,2017-06-26,431.928,9,0.2,64.7892
CA-2014-159835,2014-11-17,12.448,2,0.2,3.89
CA-2014-159835,2014-11-17,657.93,5,0.3,-93.99
CA-2017-112956,2017-08-21,277.4,5,0.0,133.152
CA-2017-112956,2017-08-21,25.16,2,0.0,8.5544
CA-2017-112956,2017-08-21,91.92,4,0.0,31.2528
CA-2016-119683,2016-03-12,29.34,3,0.0,13.4964
CA-2014-163559,2014-09-23,139.44,3,0.2,47.061
CA-2014-140228,2014-04-28,6.912,3,0.2,2.5056
CA-2014-140228,2014-04-28,27.096,3,0.2,2.0322
CA-2014-140228,2014-04-28,177.568,2,0.2,-37.7332
US-2016-131674,2016-11-29,58.416,2,0.2,16.7946
CA-2015-110093,2015-12-03,16.448,2,0.2,5.5512
CA-2015-110093,2015-12-03,36.784,2,0.2,10.5754
CA-2017-112529,2017-11-19,718.116,6,0.3,-71.8116
CA-2017-112529,2017-11-19,31.776,4,0.2,8.7384
CA-2016-154536,2016-09-05,9.555,5,0.7,-7.3255
CA-2017-141929,2017-09-04,487.984,2,0.2,152.495
CA-2017-141929,2017-09-04,5.56,1,0.2,1.7375
CA-2017-141929,2017-09-04,217.85,5,0.0,65.355
CA-2016-109743,2016-09-22,40.776,3,0.2,4.5873
CA-2016-109743,2016-09-22,63.936,8,0.2,5.5944
CA-2014-159184,2014-09-14,142.4,5,0.0,52.688
CA-2014-159184,2014-09-14,7.16,2,0.0,3.4368
CA-2017-113530,2017-05-19,681.408,12,0.2,42.588
CA-2017-113530,2017-05-19,3.52,2,0.0,1.0208
CA-2017-113530,2017-05-19,5.58,1,0.0,1.395
CA-2017-113530,2017-05-19,36.32,1,0.0,10.896
CA-2014-169726,2014-08-09,2060.744,7,0.2,643.9825
CA-2017-155957,2017-11-26,52.272,3,0.2,9.801
CA-2017-155957,2017-11-26,213.136,7,0.2,23.9778
CA-2017-132178,2017-05-03,69.52,2,0.0,19.4656
CA-2017-132178,2017-05-03,763.44,8,0.0,45.8064
CA-2016-145177,2016-11-10,9.216,4,0.2,3.3408
CA-2016-145177,2016-11-10,41.958,7,0.4,-9.7902
CA-2016-145177,2016-11-10,89.568,2,0.2,32.4684
CA-2016-145177,2016-11-10,22.248,3,0.2,7.5087
CA-2016-145177,2016-11-10,334.88,4,0.2,29.302
CA-2016-145177,2016-11-10,148.288,7,0.2,29.6576
CA-2016-145177,2016-11-10,4.624,1,0.2,1.6762
CA-2016-145177,2016-11-10,178.92,7,0.2,-29.0745
CA-2016-145177,2016-11-10,69.888,7,0.7,-46.592
CA-2014-156594,2014-12-20,487.984,2,0.2,152.495
CA-2014-156594,2014-12-20,47.3,2,0.0,12.298
CA-2014-156594,2014-12-20,4.13,1,0.0,1.1564
CA-2014-156594,2014-12-20,155.12,5,0.2,50.414
CA-2014-146528,2014-07-25,6.48,1,0.0,3.1752
CA-2014-146528,2014-07-25,15.52,4,0.0,4.5008
CA-2015-168459,2015-11-22,2.946,2,0.7,-2.0622
CA-2015-168459,2015-11-22,55.104,6,0.2,18.5976
CA-2017-109960,2017-12-09,104.88,6,0.0,41.952
CA-2017-109960,2017-12-09,34.7,5,0.0,12.492
CA-2017-109960,2017-12-09,33.72,4,0.0,15.5112
CA-2017-109960,2017-12-09,14.94,3,0.0,7.0218
CA-2017-133004,2017-08-31,638.73,9,0.0,166.0698
CA-2017-168102,2017-04-24,113.568,2,0.2,-21.294
CA-2017-158036,2017-09-08,9.096,1,0.2,1.7055
CA-2015-128083,2015-03-12,8.688,3,0.2,2.9322
CA-2015-128083,2015-03-12,30.88,4,0.2,3.86
CA-2015-128083,2015-03-12,6.408,3,0.2,1.4418
CA-2016-161676,2016-07-18,33.8,5,0.2,4.225
CA-2016-155005,2016-06-13,377.97,3,0.0,94.4925
US-2017-129777,2017-07-03,258.9,10,0.0,93.204
US-2017-129777,2017-07-03,24.56,2,0.0,11.5432
CA-2014-129364,2014-12-08,27.888,7,0.2,9.0636
CA-2014-129364,2014-12-08,6.456,4,0.7,-4.5192
CA-2014-129364,2014-12-08,52.68,3,0.2,19.755
CA-2014-129364,2014-12-08,13.88,5,0.2,-2.6025
CA-2014-129364,2014-12-08,103.92,10,0.2,-18.186
CA-2014-129364,2014-12-08,11.52,5,0.2,3.744
CA-2014-129364,2014-12-08,10.368,2,0.2,3.6288
CA-2014-129364,2014-12-08,39.072,3,0.2,2.9304
CA-2016-104969,2016-04-08,8.872,1,0.2,3.2161
CA-2016-104969,2016-04-08,121.104,6,0.7,-100.92
CA-2017-154109,2017-11-06,127.372,2,0.3,-30.9332
CA-2017-154109,2017-11-06,47.952,3,0.2,16.1838
CA-2015-156440,2015-12-05,44.46,2,0.0,14.6718
CA-2015-132626,2015-07-09,15.8,4,0.0,5.056
CA-2015-132626,2015-07-09,464.97,3,0.0,209.2365
CA-2015-132626,2015-07-09,181.96,2,0.0,20.0156
CA-2015-132626,2015-07-09,12.39,3,0.0,5.6994
CA-2015-132626,2015-07-09,84.09,3,0.0,42.045
CA-2015-132626,2015-07-09,79.36,4,0.0,32.5376
CA-2015-132626,2015-07-09,153.36,9,0.0,70.5456
CA-2015-132626,2015-07-09,43.68,6,0.0,21.4032
CA-2015-132626,2015-07-09,98.21,7,0.0,28.4809
CA-2016-102792,2016-12-13,9.84,3,0.0,3.2472
CA-2016-108567,2016-05-20,2.694,2,0.7,-2.245
CA-2017-140760,2017-06-02,25.344,6,0.2,7.92
CA-2017-140760,2017-06-02,43.92,5,0.2,15.921
US-2015-131359,2015-10-30,59.994,2,0.7,-45.9954
US-2015-131359,2015-10-30,439.992,1,0.2,164.997
US-2015-131359,2015-10-30,87.96,5,0.2,30.786
US-2015-131359,2015-10-30,15.488,4,0.2,3.6784
CA-2016-142097,2016-10-15,232.96,7,0.0,116.48
CA-2016-142097,2016-10-15,66.54,6,0.0,32.6046
CA-2016-142097,2016-10-15,43.26,3,0.0,14.2758
CA-2015-151680,2015-11-19,141.96,2,0.0,22.7136
CA-2014-140039,2014-09-13,79.4,5,0.2,5.955
CA-2017-160416,2017-11-13,163.96,4,0.0,70.5028
CA-2017-169411,2017-12-24,37.93,1,0.0,6.8274
CA-2016-126543,2016-01-09,15.168,2,0.2,3.792
CA-2015-104941,2015-06-13,24.78,6,0.0,6.9384
CA-2015-104941,2015-06-13,19.14,3,0.0,8.8044
CA-2015-104941,2015-06-13,899.97,3,0.0,314.9895
CA-2015-104941,2015-06-13,32.4,5,0.0,15.552
CA-2017-160087,2017-03-18,23.832,3,0.2,6.5538
CA-2014-120544,2014-11-23,6.368,2,0.6,-2.5472
CA-2014-120544,2014-11-23,34.176,3,0.8,-87.1488
CA-2014-120544,2014-11-23,5.544,7,0.2,1.6632
CA-2017-113670,2017-10-15,510.24,3,0.2,6.378
CA-2017-113670,2017-10-15,204.95,5,0.0,100.4255
CA-2017-166198,2017-04-21,11.54,1,0.0,3.462
CA-2017-166198,2017-04-21,162.6,3,0.0,34.146
CA-2014-135608,2014-12-08,45.68,2,0.0,21.0128
CA-2014-135608,2014-12-08,603.92,5,0.2,45.294
CA-2017-144568,2017-05-29,23.55,5,0.0,1.1775
CA-2016-142370,2016-09-19,5.04,2,0.0,0.1512
CA-2016-142370,2016-09-19,249.95,5,0.0,107.4785
CA-2016-105900,2016-09-17,33.4,5,0.0,12.358
CA-2016-151155,2016-12-20,18.92,4,0.0,7.3788
CA-2016-151155,2016-12-20,15.42,2,0.0,6.939
CA-2017-144036,2017-11-22,35.712,8,0.2,2.232
US-2014-169789,2014-12-30,551.985,5,0.7,-459.9875
CA-2017-127264,2017-04-03,7.056,3,0.2,2.205
CA-2016-151512,2016-12-26,18.72,2,0.2,3.51
CA-2016-165169,2016-06-05,360.38,2,0.0,93.6988
CA-2016-165169,2016-06-05,11.16,2,0.0,2.79
CA-2016-165169,2016-06-05,14.94,3,0.0,6.8724
CA-2015-109575,2015-09-18,41.96,2,0.0,7.9724
CA-2015-109575,2015-09-18,636.86,7,0.0,0.0
CA-2015-109575,2015-09-18,499.99,1,0.0,129.9974
CA-2015-109575,2015-09-18,1259.93,7,0.0,327.5818
CA-2015-109575,2015-09-18,65.08,4,0.0,31.8892
CA-2017-168193,2017-03-06,26.38,1,0.0,12.1348
CA-2017-168193,2017-03-06,71.97,3,0.0,16.5531
CA-2016-115476,2016-03-17,129.98,2,0.0,62.3904
CA-2016-115476,2016-03-17,32.54,2,0.0,15.9446
CA-2016-133340,2016-12-09,10.9,1,0.0,3.052
CA-2016-133340,2016-12-09,59.98,2,0.0,25.1916
CA-2016-133340,2016-12-09,61.929,1,0.1,23.3954
CA-2016-137848,2016-01-15,16.52,4,0.0,7.5992
CA-2016-137848,2016-01-15,60.12,9,0.0,28.8576
CA-2016-137848,2016-01-15,49.536,3,0.2,17.3376
CA-2014-113047,2014-10-24,11.85,3,0.0,3.792
CA-2016-149979,2016-09-23,118.25,5,0.0,34.2925
CA-2016-149979,2016-09-23,368.97,3,0.0,81.1734
CA-2017-161956,2017-08-27,198.46,2,0.0,99.23
CA-2017-161956,2017-08-27,321.92,4,0.0,96.576
CA-2017-161956,2017-08-27,879.984,2,0.2,329.994
CA-2017-161956,2017-08-27,28.4,5,0.0,8.236
CA-2017-161956,2017-08-27,230.28,3,0.2,23.028
CA-2017-161956,2017-08-27,116.28,3,0.0,56.9772
CA-2017-161956,2017-08-27,841.568,2,0.2,294.5488
CA-2017-161956,2017-08-27,354.9,5,0.0,17.745
CA-2016-116799,2016-03-03,42.784,7,0.2,15.5092
CA-2016-116799,2016-03-03,563.43,5,0.3,-56.343
CA-2016-111283,2016-02-29,111.104,7,0.2,8.3328
CA-2015-167745,2015-09-18,11.68,2,0.0,5.4896
CA-2015-167745,2015-09-18,16.9,2,0.0,5.07
CA-2015-167745,2015-09-18,24.4,2,0.0,10.248
CA-2017-104577,2017-05-12,87.6,5,0.0,42.048
CA-2016-156251,2016-08-13,241.96,2,0.0,24.196
CA-2016-156251,2016-08-13,8.52,3,0.0,4.1748
CA-2017-125878,2017-02-25,1.788,3,0.8,-3.0396
CA-2016-163153,2016-03-21,99.372,2,0.3,-1.4196
CA-2016-163153,2016-03-21,1.344,1,0.2,0.504
CA-2015-103205,2015-12-08,119.96,5,0.2,11.996
CA-2014-153913,2014-12-16,1013.832,9,0.2,101.3832
CA-2014-153913,2014-12-16,1.984,2,0.2,0.6696
CA-2016-155530,2016-12-17,2003.52,6,0.2,-325.572
US-2016-101196,2016-05-12,82.368,2,0.2,-19.5624
CA-2014-115357,2014-08-06,62.91,3,0.0,22.6476
US-2014-102715,2014-04-11,6.912,3,0.2,2.3328
US-2014-102715,2014-04-11,383.976,3,0.2,81.5949
US-2014-102715,2014-04-11,10.368,2,0.2,3.6288
US-2014-102715,2014-04-11,335.944,7,0.2,41.993
CA-2015-107937,2015-05-03,665.88,6,0.0,106.5408
US-2017-148768,2017-11-30,71.976,3,0.2,8.997
CA-2017-118521,2017-02-16,37.94,2,0.0,18.2112
CA-2014-149643,2014-11-16,273.96,2,0.0,10.9584
CA-2015-135314,2015-07-09,269.982,3,0.4,40.4973
CA-2017-165204,2017-11-13,8.904,3,0.2,3.339
CA-2017-165204,2017-11-13,720.064,4,0.2,-63.0056
CA-2017-125752,2017-07-31,41.424,2,0.2,8.2848
CA-2017-112487,2017-12-26,3.132,2,0.7,-2.61
CA-2016-144218,2016-10-31,1085.42,7,0.0,282.2092
CA-2016-169971,2016-09-04,3.912,1,0.2,1.0269
CA-2016-169971,2016-09-04,62.376,3,0.2,7.0173
US-2016-133508,2016-04-17,29.05,5,0.0,9.0055
CA-2014-107139,2014-07-05,180.96,6,0.2,67.86
CA-2015-111325,2015-02-27,4.419,3,0.7,-3.3879
CA-2015-111325,2015-02-27,16.032,6,0.2,2.2044
CA-2015-163762,2015-11-27,29.79,3,0.0,12.5118
US-2014-117163,2014-01-27,57.23,1,0.0,14.3075
US-2014-117163,2014-01-27,333.0,3,0.2,-16.65
US-2014-117163,2014-01-27,36.44,4,0.0,12.0252
CA-2017-121314,2017-09-23,251.64,3,0.2,88.074
CA-2017-147760,2017-11-04,523.764,3,0.4,-192.0468
CA-2017-147760,2017-11-04,1359.96,5,0.2,118.9965
CA-2016-156503,2016-10-14,102.592,1,0.2,10.2592
CA-2016-156503,2016-10-14,22.704,1,0.2,5.9598
CA-2016-156503,2016-10-14,93.024,3,0.2,33.7212
CA-2016-156503,2016-10-14,12.768,2,0.2,1.4364
CA-2016-156503,2016-10-14,35.008,4,0.2,13.128
CA-2016-156503,2016-10-14,39.152,1,0.2,14.682
CA-2015-113628,2015-11-12,11.76,5,0.2,1.323
CA-2015-113628,2015-11-12,5.238,2,0.7,-4.0158
CA-2015-113628,2015-11-12,4.662,3,0.7,-3.7296
CA-2015-113628,2015-11-12,523.92,5,0.2,-72.039
CA-2015-113628,2015-11-12,100.792,1,0.2,10.0792
CA-2015-113628,2015-11-12,146.136,3,0.2,16.4403
CA-2017-147753,2017-03-05,25.06,2,0.0,11.7782
CA-2015-103961,2015-11-05,19.824,6,0.2,6.4428
CA-2016-152471,2016-07-08,823.96,5,0.2,51.4975
CA-2016-152471,2016-07-08,15.984,2,0.2,4.995
CA-2015-102582,2015-09-15,801.96,2,0.0,200.49
CA-2015-102582,2015-09-15,59.97,3,0.0,0.0
CA-2015-102582,2015-09-15,1056.86,7,0.0,306.4894
CA-2017-141873,2017-10-09,12.816,3,0.2,4.3254
CA-2017-141873,2017-10-09,314.352,3,0.2,-15.7176
CA-2017-141873,2017-10-09,18.98,2,0.0,8.9206
CA-2017-141873,2017-10-09,18.24,6,0.2,6.156
CA-2015-140984,2015-09-14,991.2,6,0.0,257.712
CA-2015-140984,2015-09-14,879.984,2,0.2,329.994
CA-2015-140984,2015-09-14,12.96,9,0.2,4.536
CA-2014-132801,2014-10-07,107.44,10,0.2,10.744
CA-2017-141733,2017-05-07,1458.65,5,0.0,423.0085
CA-2017-141733,2017-05-07,26.64,1,0.0,7.4592
CA-2017-141733,2017-05-07,476.8,2,0.0,119.2
CA-2017-141733,2017-05-07,87.444,2,0.1,18.4604
US-2015-111927,2015-11-14,76.14,3,0.0,26.649
US-2015-111927,2015-11-14,19.96,2,0.0,9.3812
CA-2014-105984,2014-11-24,1049.97,5,0.4,-209.994
CA-2014-105984,2014-11-24,611.058,3,0.3,-34.9176
CA-2014-100363,2014-04-08,2.368,2,0.2,0.8288
CA-2014-100363,2014-04-08,19.008,3,0.2,6.8904
CA-2014-126760,2014-07-26,911.984,2,0.2,113.998
CA-2014-126760,2014-07-26,674.352,3,0.2,-109.5822
CA-2014-126760,2014-07-26,134.01,9,0.0,36.1827
CA-2014-126760,2014-07-26,170.97,3,0.0,70.0977
US-2014-109162,2014-06-08,170.352,3,0.2,10.647
CA-2014-101931,2014-10-28,7.184,2,0.2,2.245
CA-2014-101931,2014-10-28,6.28,2,0.0,0.0628
CA-2014-101931,2014-10-28,480.74,2,0.0,14.4222
CA-2014-101931,2014-10-28,616.998,6,0.15,-36.294
CA-2014-101931,2014-10-28,141.4,5,0.0,38.178
CA-2017-129000,2017-11-25,501.81,3,0.0,0.0
CA-2017-161053,2017-09-22,691.96,4,0.0,318.3016
CA-2017-161053,2017-09-22,34.95,5,0.0,15.378
CA-2015-142377,2015-12-04,85.96,7,0.0,40.4012
CA-2015-127593,2015-09-21,85.3,2,0.0,14.501
CA-2017-130526,2017-11-26,33.568,8,0.8,-53.7088
US-2017-131849,2017-06-06,4.95,1,0.0,2.178
US-2017-131849,2017-06-06,26.4,5,0.0,0.0
US-2017-105389,2017-10-23,3.564,3,0.8,-6.237
US-2017-105389,2017-10-23,823.96,5,0.2,51.4975
US-2017-105389,2017-10-23,10.272,3,0.2,0.8988
CA-2014-140816,2014-12-20,447.944,7,0.2,89.5888
CA-2017-154039,2017-02-17,480.96,3,0.5,-269.3376
CA-2017-154039,2017-02-17,124.792,1,0.2,10.9193
CA-2014-135755,2014-05-03,40.176,3,0.2,14.5638
CA-2014-135755,2014-05-03,10.896,3,0.2,3.9498
CA-2017-123246,2017-10-17,10.64,4,0.0,2.7664
CA-2015-157133,2015-11-28,151.96,5,0.6,-182.352
CA-2014-124709,2014-07-27,238.0,2,0.0,38.08
CA-2017-146360,2017-04-23,155.34,6,0.0,55.9224
CA-2015-132486,2015-10-23,148.32,9,0.0,63.7776
CA-2015-132486,2015-10-23,240.784,1,0.2,27.0882
CA-2015-132486,2015-10-23,191.968,7,0.2,16.7972
CA-2015-132486,2015-10-23,11.56,2,0.0,5.6644
CA-2015-132486,2015-10-23,11.8,4,0.0,5.664
CA-2015-132486,2015-10-23,842.352,3,0.2,42.1176
CA-2016-136231,2016-09-05,23.472,3,0.2,7.6284
CA-2016-136231,2016-09-05,86.058,7,0.7,-63.1092
CA-2016-136231,2016-09-05,108.784,2,0.2,6.799
CA-2016-136231,2016-09-05,10.272,3,0.2,3.21
CA-2016-140641,2016-10-28,38.19,5,0.7,-26.733
CA-2014-151001,2014-04-05,49.632,4,0.2,3.7224
CA-2014-151001,2014-04-05,52.096,4,0.2,3.9072
CA-2015-129896,2015-06-15,9.568,2,0.2,2.99
CA-2015-129896,2015-06-15,82.368,2,0.2,-19.5624
CA-2015-129896,2015-06-15,364.704,6,0.2,-36.4704
CA-2015-129896,2015-06-15,40.256,4,0.2,11.0704
CA-2014-152849,2014-07-05,4.368,3,0.2,0.3822
US-2017-127341,2017-01-29,12.128,4,0.8,-20.6176
CA-2016-167759,2016-03-03,134.85,3,0.0,37.758
CA-2014-100895,2014-06-02,8.56,2,0.0,2.6536
CA-2014-100895,2014-06-02,239.97,3,0.0,67.1916
CA-2014-100895,2014-06-02,356.94,2,0.0,107.082
US-2016-163881,2016-11-24,659.9,2,0.0,217.767
US-2016-163881,2016-11-24,1684.752,6,0.2,210.594
US-2016-163881,2016-11-24,559.92,8,0.0,190.3728
US-2016-144547,2016-11-10,279.944,7,0.2,48.9902
US-2014-112200,2014-11-22,9.98,5,0.8,-16.467
CA-2017-110212,2017-05-01,48.9,5,0.0,18.093
CA-2017-134285,2017-12-07,3.552,3,0.2,1.2432
CA-2017-134285,2017-12-07,15.552,3,0.2,5.4432
CA-2017-102267,2017-11-30,2.368,2,0.2,0.8288
CA-2017-157980,2017-12-07,127.984,2,0.2,25.5968
CA-2015-121097,2015-01-03,10.368,2,0.2,3.6288
CA-2015-151043,2015-11-14,47.984,2,0.2,-1.1996
US-2015-119312,2015-10-02,270.34,14,0.0,75.6952
CA-2015-167010,2015-04-05,98.112,7,0.2,18.396
CA-2015-167010,2015-04-05,563.808,4,0.2,21.1428
CA-2015-167010,2015-04-05,10.428,4,0.7,-6.952
CA-2015-167010,2015-04-05,547.136,4,0.2,-68.392
CA-2015-167010,2015-04-05,14.85,5,0.4,-3.2175
CA-2015-167010,2015-04-05,41.988,2,0.4,-9.7972
CA-2015-167010,2015-04-05,7.584,1,0.2,2.37
CA-2015-167010,2015-04-05,352.45,5,0.5,-211.47
CA-2017-126788,2017-06-05,470.376,3,0.2,52.9173
CA-2017-148068,2017-09-18,19.44,3,0.0,9.3312
CA-2017-148068,2017-09-18,9.82,2,0.0,3.2406
US-2017-142573,2017-07-18,801.6,5,0.5,-448.896
US-2017-142573,2017-07-18,161.568,2,0.2,10.098
US-2017-142573,2017-07-18,16.096,2,0.2,5.2312
US-2017-142573,2017-07-18,7.656,4,0.7,-6.1248
US-2017-142573,2017-07-18,311.976,3,0.2,-42.8967
US-2015-148817,2015-12-01,61.68,4,0.0,16.6536
US-2015-148817,2015-12-01,63.96,4,0.0,30.7008
CA-2016-110044,2016-06-28,359.976,3,0.2,35.9976
CA-2017-146920,2017-08-28,25.344,6,0.2,7.92
CA-2017-146920,2017-08-28,26.72,5,0.2,9.352
CA-2014-103940,2014-09-17,30.28,2,0.0,1.2112
CA-2014-103940,2014-09-17,57.93,3,0.0,16.2204
CA-2014-103940,2014-09-17,35.34,2,0.0,13.4292
CA-2014-103940,2014-09-17,137.24,5,0.2,46.3185
CA-2016-162082,2016-03-14,241.332,5,0.32,-14.196
CA-2016-162082,2016-03-14,5.184,1,0.2,1.8792
CA-2016-162082,2016-03-14,145.544,7,0.2,16.3737
CA-2016-132094,2016-08-26,5.472,3,0.2,1.6416
CA-2016-132094,2016-08-26,47.984,2,0.2,13.1956
CA-2017-123001,2017-09-02,9.4,5,0.0,2.726
CA-2017-123001,2017-09-02,74.0,5,0.0,37.0
CA-2017-123001,2017-09-02,201.584,2,0.2,12.599
CA-2015-118955,2015-06-16,28.752,3,0.2,9.3444
CA-2015-118955,2015-06-16,27.216,3,0.2,9.8658
CA-2015-118955,2015-06-16,197.372,2,0.3,-25.3764
US-2016-143448,2016-12-10,1424.9,5,0.0,356.225
CA-2017-117863,2017-05-18,14.56,2,0.0,6.2608
CA-2017-117863,2017-05-18,3.048,1,0.2,1.0287
CA-2017-160458,2017-05-27,25.92,5,0.2,9.072
US-2016-142685,2016-06-23,835.17,7,0.0,16.7034
CA-2016-133144,2016-05-16,17.34,3,0.0,8.4966
CA-2017-167871,2017-11-18,44.384,1,0.2,15.5344
CA-2017-167871,2017-11-18,2.944,1,0.2,-0.6624
CA-2016-119963,2016-11-18,6.368,2,0.2,1.0348
CA-2016-119963,2016-11-18,48.848,2,0.2,15.8756
CA-2016-119963,2016-11-18,19.648,2,0.2,6.6312
CA-2016-119963,2016-11-18,255.108,6,0.3,-18.222
CA-2014-121167,2014-11-28,17.248,2,0.2,6.0368
US-2016-151862,2016-03-01,159.984,2,0.2,13.9986
CA-2017-152961,2017-01-15,12.7,2,0.0,5.842
CA-2014-133228,2014-04-04,5.47,1,0.0,2.3521
CA-2014-133228,2014-04-04,79.36,4,0.0,23.808
CA-2016-114951,2016-06-26,22.14,3,0.0,6.4206
CA-2016-156573,2016-05-29,11.277,3,0.7,-8.6457
CA-2016-156573,2016-05-29,4.448,2,0.2,0.3336
CA-2016-156573,2016-05-29,44.76,3,0.2,14.547
CA-2015-113901,2015-10-19,38.28,6,0.0,17.6088
CA-2015-113901,2015-10-19,149.95,5,0.0,44.985
CA-2017-134838,2017-02-19,12.84,3,0.0,3.4668
CA-2017-134838,2017-02-19,44.67,3,0.0,12.0609
CA-2016-120257,2016-09-22,7.872,3,0.2,0.8856
CA-2014-164910,2014-11-12,7.872,3,0.2,0.8856
CA-2016-149902,2016-04-01,88.04,4,0.0,22.8904
CA-2016-146010,2016-05-20,40.635,7,0.7,-32.508
US-2015-163685,2015-06-01,5.728,8,0.8,-9.1648
US-2015-163685,2015-06-01,42.24,10,0.2,13.2
CA-2014-135090,2014-11-22,53.82,9,0.0,24.219
CA-2015-132374,2015-02-22,79.36,4,0.0,20.6336
CA-2016-167556,2016-03-29,13.48,2,0.0,6.74
CA-2016-167556,2016-03-29,29.8,5,0.2,9.3125
CA-2016-167556,2016-03-29,414.0,8,0.0,124.2
CA-2016-167556,2016-03-29,41.328,7,0.2,14.9814
US-2016-116400,2016-10-22,39.92,4,0.0,11.1776
CA-2017-101308,2017-10-02,8.94,3,0.0,4.1124
CA-2017-101308,2017-10-02,84.784,2,0.2,-20.1362
CA-2014-114517,2014-12-23,53.316,2,0.4,-19.5492
CA-2014-114517,2014-12-23,56.52,3,0.0,15.8256
CA-2017-119564,2017-12-15,22.77,3,0.0,9.7911
CA-2016-135265,2016-07-07,287.968,4,0.2,-3.5996
CA-2016-135265,2016-07-07,2799.96,5,0.2,944.9865
CA-2016-135265,2016-07-07,48.94,1,0.0,24.47
CA-2016-108735,2016-04-17,257.499,3,0.15,24.2352
CA-2017-112333,2017-04-08,2591.56,4,0.0,621.9744
CA-2017-112333,2017-04-08,41.95,5,0.0,10.4875
US-2016-159415,2016-04-17,79.12,5,0.2,13.846
CA-2014-122588,2014-11-25,52.96,2,0.0,20.1248
CA-2014-137589,2014-11-03,286.344,3,0.2,-64.4274
CA-2015-161998,2015-05-01,63.552,3,0.2,14.2992
CA-2015-161998,2015-05-01,41.376,3,0.2,4.6548
CA-2015-161998,2015-05-01,172.704,6,0.2,10.794
CA-2015-105627,2015-03-08,512.94,3,0.0,97.4586
CA-2015-105627,2015-03-08,860.93,7,0.0,189.4046
CA-2015-105627,2015-03-08,769.95,5,0.0,223.2855
CA-2015-105627,2015-03-08,14.98,1,0.0,4.494
CA-2015-105627,2015-03-08,373.08,6,0.0,82.0776
US-2015-149629,2015-07-17,231.92,5,0.2,5.798
CA-2014-116834,2014-10-11,63.47,11,0.0,19.041
CA-2014-116834,2014-10-11,345.0,5,0.0,58.65
CA-2016-145730,2016-03-03,637.896,3,0.3,-127.5792
CA-2016-145730,2016-03-03,287.91,3,0.4,33.5895
CA-2016-145730,2016-03-03,36.6,3,0.2,11.895
US-2015-168732,2015-12-10,1.78,1,0.0,0.4984
US-2015-168732,2015-12-10,25.92,4,0.0,12.4416
US-2015-168732,2015-12-10,101.94,6,0.0,21.4074
CA-2015-107468,2015-12-18,6.848,2,0.2,0.5992
CA-2017-144463,2017-01-01,474.43,11,0.0,199.2606
CA-2017-100811,2017-11-21,8.448,2,0.2,2.64
CA-2017-100811,2017-11-21,39.296,4,0.2,3.9296
CA-2015-153612,2015-12-22,17.12,4,0.0,4.9648
CA-2015-165624,2015-08-23,542.94,3,0.0,152.0232
CA-2015-165624,2015-08-23,8.64,3,0.0,4.2336
CA-2015-165624,2015-08-23,193.8,5,0.0,94.962
CA-2015-165624,2015-08-23,21.4,5,0.0,9.63
CA-2015-165624,2015-08-23,97.88,2,0.0,48.94
CA-2015-165624,2015-08-23,251.91,9,0.0,47.8629
CA-2015-165624,2015-08-23,25.86,3,0.0,6.7236
CA-2014-154963,2014-06-22,170.058,3,0.3,-4.8588
CA-2014-154963,2014-06-22,82.782,3,0.4,-15.1767
CA-2014-154963,2014-06-22,853.93,5,0.3,0.0
CA-2017-130764,2017-10-27,556.665,5,0.15,6.549
CA-2017-130764,2017-10-27,95.84,4,0.2,34.742
CA-2017-139311,2017-08-11,29.664,4,0.2,10.0116
CA-2017-139311,2017-08-11,9.184,7,0.2,2.87
CA-2017-139311,2017-08-11,153.584,2,0.2,13.4386
CA-2017-139311,2017-08-11,12.864,8,0.8,-22.512
CA-2017-124296,2017-12-24,479.97,3,0.0,239.985
CA-2017-124296,2017-12-24,232.88,4,0.0,60.5488
CA-2016-169957,2016-09-26,236.88,6,0.0,66.3264
CA-2016-169957,2016-09-26,29.9,5,0.0,14.651
CA-2016-169957,2016-09-26,100.0,4,0.0,21.0
US-2016-108777,2016-12-12,18.693,3,0.7,-14.3313
US-2016-108777,2016-12-12,383.952,6,0.2,76.7904
CA-2015-148859,2015-12-28,24.816,2,0.2,1.551
CA-2014-110786,2014-12-29,24.9,5,0.0,8.217
CA-2014-110786,2014-12-29,21.12,4,0.0,9.504
CA-2014-110786,2014-12-29,767.952,6,0.2,287.982
CA-2014-110786,2014-12-29,14.352,3,0.2,4.6644
CA-2014-110786,2014-12-29,191.976,3,0.2,19.1976
CA-2014-110786,2014-12-29,274.77,9,0.0,126.3942
CA-2014-110786,2014-12-29,70.56,6,0.0,23.9904
CA-2015-137750,2015-06-25,204.85,5,0.0,57.358
CA-2015-136378,2015-04-02,9.156,3,0.8,-13.734
CA-2017-100356,2017-10-21,23.992,2,0.8,-62.3792
US-2015-166520,2015-07-16,80.88,3,0.0,39.6312
US-2015-166520,2015-07-16,599.9,10,0.0,191.968
CA-2017-136350,2017-06-24,276.69,3,0.0,49.8042
CA-2017-136350,2017-06-24,172.764,2,0.1,32.6332
CA-2014-122931,2014-09-29,4.224,3,0.2,1.4784
CA-2014-122931,2014-09-29,409.272,2,0.4,-81.8544
CA-2014-122931,2014-09-29,55.44,11,0.2,18.018
CA-2014-122931,2014-09-29,20.928,4,0.2,6.8016
CA-2014-122931,2014-09-29,1801.632,6,0.2,-337.806
CA-2014-122931,2014-09-29,67.176,1,0.4,-20.1528
CA-2014-163034,2014-11-24,646.2,5,0.2,-8.0775
CA-2015-124058,2015-11-20,72.744,7,0.2,-15.4581
CA-2015-124058,2015-11-20,572.16,3,0.2,35.76
CA-2016-129196,2016-11-01,68.112,3,0.2,17.8794
US-2015-138716,2015-09-17,25.032,3,0.2,7.8225
US-2016-122182,2016-03-10,39.992,1,0.2,7.4985
US-2014-130358,2014-06-23,20.016,9,0.2,1.7514
US-2014-130358,2014-06-23,3.104,1,0.2,0.3492
CA-2014-102673,2014-11-01,7.52,5,0.2,1.41
CA-2014-102673,2014-11-01,10.272,3,0.2,0.8988
CA-2014-102673,2014-11-01,47.808,12,0.2,15.5376
CA-2014-102673,2014-11-01,978.84,9,0.2,110.1195
CA-2016-145303,2016-08-28,13.14,9,0.8,-21.681
CA-2016-145303,2016-08-28,10.024,4,0.8,-16.5396
CA-2016-145303,2016-08-28,156.3728,2,0.32,-52.8908
CA-2015-156104,2015-12-06,999.98,2,0.0,449.991
US-2015-164308,2015-09-24,821.94,6,0.0,213.7044
CA-2017-108112,2017-11-15,220.064,4,0.2,55.016
CA-2017-108112,2017-11-15,339.136,4,0.2,0.0
CA-2015-100685,2015-12-19,7.04,2,0.0,3.3088
CA-2015-100685,2015-12-19,5.04,4,0.0,0.2016
CA-2015-100685,2015-12-19,116.28,3,0.0,56.9772
CA-2015-165414,2015-12-21,47.976,3,0.2,4.7976
CA-2016-140417,2016-09-25,60.048,9,0.2,22.518
CA-2016-140417,2016-09-25,5.022,1,0.7,-3.5154
US-2017-151316,2017-06-24,182.994,3,0.8,-320.2395
US-2017-151316,2017-06-24,10.272,3,0.2,3.21
CA-2017-163692,2017-09-07,7.857,3,0.7,-6.0237
CA-2016-111913,2016-08-04,302.384,2,0.2,30.2384
CA-2016-111913,2016-08-04,20.952,3,0.2,7.0713
CA-2016-111913,2016-08-04,11.784,3,0.2,3.9771
US-2014-156559,2014-08-19,638.82,9,0.0,172.4814
CA-2016-161473,2016-04-01,20.7,2,0.0,9.936
CA-2016-161473,2016-04-01,10.95,3,0.0,3.285
CA-2016-161473,2016-04-01,14.352,3,0.2,4.6644
CA-2017-166576,2017-05-16,221.024,2,0.2,-55.256
CA-2015-102491,2015-08-24,3080.0,7,0.0,1416.8
CA-2015-102491,2015-08-24,79.96,4,0.0,18.3908
CA-2015-102491,2015-08-24,587.97,3,0.0,170.5113
CA-2014-116904,2014-09-23,32.4,5,0.0,15.552
CA-2014-116904,2014-09-23,404.9,5,0.0,16.196
CA-2014-116904,2014-09-23,9449.95,5,0.0,4630.4755
CA-2014-116904,2014-09-23,12.94,2,0.0,6.47
US-2017-102288,2017-06-19,2.264,1,0.8,-5.2072
US-2017-102288,2017-06-19,0.444,1,0.8,-1.11
US-2017-102288,2017-06-19,146.176,8,0.2,47.5072
CA-2017-137456,2017-12-21,15.92,2,0.0,7.0048
US-2017-155999,2017-08-07,159.96,5,0.2,17.9955
US-2017-155999,2017-08-07,13.76,2,0.2,4.644
US-2016-148334,2016-08-22,4.312,2,0.8,-6.8992
CA-2015-105599,2015-09-07,13.96,2,0.0,0.2792
CA-2015-105599,2015-09-07,27.414,3,0.4,-14.1639
CA-2015-153717,2015-12-25,73.98,2,0.0,19.9746
CA-2015-153717,2015-12-25,160.98,1,0.0,20.9274
CA-2015-153717,2015-12-25,17.34,3,0.0,8.4966
CA-2015-153717,2015-12-25,3.28,1,0.0,0.9512
CA-2015-116687,2015-05-02,8.856,3,0.2,2.9889
CA-2015-116687,2015-05-02,158.376,3,0.2,13.8579
CA-2016-163573,2016-11-24,1219.96,5,0.2,381.2375
CA-2015-153416,2015-11-24,3.168,2,0.2,0.99
CA-2015-153416,2015-11-24,19.44,3,0.0,9.3312
CA-2015-153416,2015-11-24,454.86,7,0.0,54.5832
CA-2015-153416,2015-11-24,91.392,8,0.2,29.7024
CA-2017-117394,2017-09-04,19.04,4,0.2,-1.428
CA-2017-133823,2017-05-11,37.44,6,0.0,16.848
CA-2017-133823,2017-05-11,37.59,3,0.0,17.6673
CA-2017-133823,2017-05-11,26.032,2,0.2,9.4366
CA-2014-127523,2014-05-11,35.91,3,0.0,9.6957
CA-2017-123239,2017-07-27,91.032,3,0.2,-2.2758
CA-2017-156769,2017-05-06,54.66,6,0.0,18.0378
CA-2014-127299,2014-09-19,67.344,6,0.2,7.5762
CA-2014-127299,2014-09-19,2624.985,3,0.5,-944.9946
CA-2015-121272,2015-03-29,73.28,4,0.0,21.2512
CA-2014-115336,2014-11-18,14.48,5,0.8,-23.892
CA-2015-111703,2015-07-02,11.952,3,0.2,4.0338
CA-2015-111703,2015-07-02,15.552,3,0.2,5.6376
CA-2014-128839,2014-09-08,45.0,9,0.0,21.6
CA-2014-128839,2014-09-08,209.97,3,0.0,90.2871
CA-2017-105914,2017-10-02,112.12,5,0.2,42.045
CA-2017-105914,2017-10-02,1575.14,7,0.0,204.7682
CA-2017-110926,2017-11-19,25.06,7,0.0,12.53
CA-2016-117226,2016-12-30,6.924,6,0.8,-10.386
CA-2017-127313,2017-12-01,37.392,3,0.2,2.337
CA-2017-127313,2017-12-01,79.12,5,0.2,13.846
CA-2016-136287,2016-06-13,18.9,3,0.0,8.694
US-2014-107699,2014-05-19,57.42,9,0.0,26.4132
CA-2017-112725,2017-01-30,12.74,7,0.0,5.733
CA-2017-112725,2017-01-30,8.82,3,0.0,2.3814
CA-2017-112725,2017-01-30,120.784,1,0.2,-13.5882
CA-2015-136196,2015-11-28,322.59,3,0.0,64.518
CA-2017-106068,2017-10-23,9.762,3,0.8,-15.1311
CA-2017-106068,2017-10-23,13.72,1,0.2,1.2005
CA-2017-106068,2017-10-23,55.2,1,0.2,-2.07
CA-2017-106068,2017-10-23,259.136,4,0.2,-58.3056
CA-2017-100160,2017-09-07,29.24,5,0.2,9.8685
CA-2017-100160,2017-09-07,15.552,3,0.2,5.4432
CA-2017-100160,2017-09-07,4.896,3,0.2,1.6524
CA-2016-139689,2016-12-29,38.088,4,0.7,-27.9312
CA-2016-139689,2016-12-29,2.808,3,0.7,-1.9656
CA-2015-101091,2015-12-05,47.984,2,0.2,0.5998
CA-2015-101091,2015-12-05,26.064,6,0.7,-19.9824
CA-2014-126907,2014-11-01,15.696,3,0.2,5.1012
US-2016-164588,2016-04-16,12.84,3,0.0,3.7236
CA-2017-115546,2017-05-14,539.97,3,0.0,134.9925
CA-2017-115546,2017-05-14,22.58,2,0.0,5.8708
CA-2015-163587,2015-03-14,16.52,4,0.0,7.5992
CA-2015-163587,2015-03-14,671.94,3,0.0,315.8118
US-2017-106131,2017-01-14,169.064,7,0.2,-14.7931
US-2017-106131,2017-01-14,168.624,9,0.2,14.7546
CA-2015-160213,2015-03-08,19.44,3,0.0,9.3312
CA-2014-157924,2014-10-11,31.92,4,0.0,8.2992
CA-2014-157924,2014-10-11,433.568,2,0.2,-65.0352
CA-2015-100216,2015-04-13,31.104,6,0.2,10.8864
CA-2015-100216,2015-04-13,54.816,3,0.2,17.8152
CA-2017-100601,2017-11-16,48.86,7,0.0,0.9772
CA-2016-152163,2016-07-01,14.2,2,0.0,6.532
CA-2016-152163,2016-07-01,12.96,2,0.0,6.2208
CA-2016-152163,2016-07-01,58.34,2,0.0,28.0032
CA-2015-154340,2015-11-29,56.3,2,0.0,15.764
CA-2014-128846,2014-04-07,629.95,5,0.0,163.787
CA-2014-128846,2014-04-07,122.97,3,0.0,60.2553
CA-2016-148593,2016-06-16,46.35,5,0.0,21.7845
US-2017-119039,2017-03-06,14.976,9,0.2,5.4288
CA-2017-128426,2017-10-07,4.24,5,0.8,-6.36
US-2017-136868,2017-10-06,319.96,4,0.0,115.1856
US-2017-136868,2017-10-06,17.04,3,0.0,7.668
US-2017-136868,2017-10-06,344.91,3,0.0,10.3473
CA-2016-143749,2016-12-05,81.94,1,0.0,20.485
CA-2016-111493,2016-10-21,98.16,6,0.0,9.816
CA-2017-112536,2017-05-18,6.874,7,0.8,-10.6547
CA-2017-112536,2017-05-18,1.996,1,0.8,-3.2934
CA-2017-112536,2017-05-18,8.928,2,0.2,0.6696
CA-2016-157714,2016-09-26,9.99,1,0.0,4.4955
CA-2017-166709,2017-11-17,10499.97,3,0.0,5039.9856
CA-2015-129392,2015-07-08,21.12,5,0.2,6.6
CA-2015-150875,2015-11-16,696.42,2,0.0,160.1766
CA-2015-150875,2015-11-16,304.776,3,0.2,22.8582
CA-2015-154200,2015-06-18,51.98,2,0.0,15.0742
CA-2016-124233,2016-04-08,24.7,5,0.0,10.374
US-2015-134271,2015-04-18,21.93,3,0.0,10.3071
US-2016-161683,2016-12-03,394.816,4,0.2,93.7688
US-2016-161683,2016-12-03,18.192,4,0.7,-14.5536
CA-2015-143105,2015-12-10,7.31,1,0.0,3.4357
CA-2015-143105,2015-12-10,799.984,2,0.2,249.995
CA-2015-143105,2015-12-10,41.28,6,0.0,18.9888
CA-2015-143105,2015-12-10,184.66,7,0.0,84.9436
CA-2014-145387,2014-10-31,49.25,5,0.0,18.715
CA-2014-145387,2014-10-31,10.16,2,0.0,4.7752
CA-2014-145387,2014-10-31,14.76,2,0.0,4.2804
CA-2014-145387,2014-10-31,34.08,2,0.0,15.6768
CA-2014-145387,2014-10-31,17.67,3,0.0,7.7748
CA-2014-145387,2014-10-31,1604.9,5,0.0,481.47
CA-2014-145387,2014-10-31,385.686,1,0.3,-60.6078
CA-2017-109715,2017-12-09,15.984,2,0.2,4.995
CA-2014-166457,2014-05-05,9.42,3,0.0,4.239
CA-2014-166457,2014-05-05,6.56,2,0.0,1.9024
CA-2014-166457,2014-05-05,24.56,2,0.0,11.5432
CA-2016-164637,2016-03-04,128.4,3,0.0,64.2
CA-2014-103590,2014-11-30,62.28,4,0.0,29.2716
CA-2015-111234,2015-02-18,9.24,3,0.0,4.4352
CA-2017-149881,2017-04-01,482.664,8,0.15,85.176
CA-2017-149881,2017-04-01,4799.984,2,0.2,359.9988
CA-2017-134565,2017-06-11,37.94,2,0.0,18.2112
CA-2017-134565,2017-06-11,18.288,6,0.2,6.6294
CA-2017-134565,2017-06-11,385.8,5,0.2,130.2075
CA-2017-134565,2017-06-11,102.96,2,0.0,1.0296
CA-2017-134565,2017-06-11,174.42,3,0.0,41.8608
CA-2016-108644,2016-09-30,1.964,2,0.8,-3.2406
US-2014-102631,2014-12-13,94.428,3,0.6,-42.4926
CA-2017-120327,2017-11-11,45.92,4,0.0,21.5824
CA-2015-154970,2015-01-05,61.584,1,0.2,-6.9282
CA-2016-113803,2016-03-24,22.48,1,0.0,10.3408
CA-2017-100223,2017-07-05,332.028,9,0.6,-348.6294
CA-2017-100223,2017-07-05,11.394,9,0.8,-17.6607
CA-2017-100223,2017-07-05,15.552,3,0.2,5.6376
CA-2017-100223,2017-07-05,31.104,6,0.2,11.2752
CA-2017-100223,2017-07-05,6.316,1,0.8,-10.4214
CA-2014-168823,2014-09-21,11.352,3,0.2,4.1151
CA-2014-168823,2014-09-21,20.808,9,0.2,7.0227
CA-2016-162404,2016-07-23,11.416,4,0.8,-18.8364
CA-2017-104024,2017-08-29,9.408,7,0.2,0.7056
CA-2017-147144,2017-03-26,19.83,1,0.0,5.949
CA-2017-158673,2017-12-29,209.7,2,0.0,100.656
CA-2014-133704,2014-09-20,43.92,4,0.0,11.8584
CA-2014-133704,2014-09-20,20.232,3,0.2,6.5754
CA-2016-159142,2016-04-04,149.97,3,0.0,5.9988
CA-2016-159142,2016-04-04,27.81,3,0.0,13.0707
CA-2014-138436,2014-03-26,66.3,3,0.0,8.619
CA-2017-117702,2017-11-28,1.64,1,0.0,0.738
CA-2017-117702,2017-11-28,1049.2,5,0.0,272.792
CA-2017-117702,2017-11-28,20.9,5,0.0,7.524
CA-2016-157336,2016-12-01,88.08,6,0.0,40.5168
CA-2016-157336,2016-12-01,751.92,4,0.0,150.384
CA-2014-168130,2014-09-19,887.103,7,0.1,177.4206
CA-2015-155068,2015-10-23,55.944,7,0.2,-13.2867
CA-2015-155068,2015-10-23,10.688,2,0.2,2.2712
CA-2015-155068,2015-10-23,11.824,2,0.2,1.0346
CA-2017-163160,2017-10-13,63.312,3,0.2,20.5764
CA-2017-163160,2017-10-13,96.784,4,0.8,-145.176
CA-2017-163160,2017-10-13,10.476,3,0.6,-6.8094
CA-2015-101924,2015-09-04,9.762,2,0.7,-6.8334
CA-2016-124793,2016-03-14,196.784,2,0.2,-22.1382
CA-2017-118367,2017-10-28,47.98,2,0.0,23.99
CA-2017-164819,2017-10-15,13.05,5,0.0,6.003
CA-2017-158344,2017-08-07,63.96,4,0.0,19.8276
CA-2017-123351,2017-09-21,80.48,1,0.0,24.144
CA-2017-110429,2017-11-03,11.673,3,0.7,-7.782
US-2016-131611,2016-11-05,863.128,8,0.3,-160.2952
US-2016-131611,2016-11-05,3.564,3,0.8,-6.237
US-2016-131611,2016-11-05,956.6648,7,0.32,-225.0976
US-2016-131611,2016-11-05,12.588,3,0.8,-20.1408
US-2016-131611,2016-11-05,171.96,5,0.2,45.1395
US-2017-124821,2017-06-25,871.4,4,0.0,148.138
CA-2015-166975,2015-11-26,692.472,11,0.2,190.4298
CA-2016-123806,2016-11-24,207.76,4,0.0,85.1816
US-2017-158505,2017-07-21,71.928,9,0.2,6.2937
US-2017-158505,2017-07-21,25.99,1,0.0,7.5371
CA-2015-142692,2015-10-23,3.592,1,0.2,1.1225
CA-2015-123456,2015-07-09,48.632,2,0.8,-121.58
CA-2017-151358,2017-08-18,323.1,2,0.0,61.389
US-2016-107440,2016-04-16,9099.93,7,0.0,2365.9818
US-2016-107440,2016-04-16,9.96,2,0.0,3.2868
US-2016-107440,2016-04-16,25.3,5,0.0,11.891
CA-2014-166989,2014-11-14,11.36,2,0.0,5.2256
CA-2014-166989,2014-11-14,69.264,2,0.1,14.6224
CA-2014-103100,2014-12-20,3.69,1,0.0,1.7343
CA-2014-103100,2014-12-20,1103.97,3,0.0,496.7865
CA-2015-105690,2015-11-21,246.1328,2,0.32,-76.0116
CA-2015-105690,2015-11-21,11.696,2,0.2,3.9474
CA-2015-105690,2015-11-21,439.992,1,0.2,164.997
CA-2017-127516,2017-12-28,64.784,1,0.2,-12.9568
US-2015-117184,2015-05-17,33.28,5,0.8,-49.92
US-2015-117184,2015-05-17,14.088,3,0.2,4.9308
CA-2017-102407,2017-12-09,11.16,2,0.0,2.79
CA-2017-102407,2017-12-09,896.328,9,0.2,22.4082
CA-2017-102407,2017-12-09,189.0,1,0.0,68.04
CA-2017-130967,2017-03-10,53.982,3,0.4,-10.7964
CA-2017-101581,2017-10-22,177.225,5,0.5,-120.513
CA-2017-169124,2017-07-03,129.39,3,0.0,54.3438
CA-2017-117261,2017-09-04,54.32,4,0.0,0.5432
CA-2017-129021,2017-08-23,4367.896,13,0.2,327.5922
CA-2017-129021,2017-08-23,49.568,2,0.2,15.49
CA-2017-129021,2017-08-23,161.376,6,0.2,12.1032
CA-2017-129021,2017-08-23,2.784,2,0.2,0.4176
CA-2017-129021,2017-08-23,8.72,5,0.2,2.943
CA-2014-123253,2014-08-22,3.912,1,0.2,1.0269
CA-2016-121601,2016-10-04,59.752,7,0.2,19.4194
CA-2014-162278,2014-10-26,63.92,4,0.0,3.196
CA-2014-162278,2014-10-26,383.96,5,0.2,38.396
CA-2016-161095,2016-06-28,7.752,3,0.2,2.8101
CA-2016-161095,2016-06-28,33.568,2,0.2,11.7488
CA-2014-125829,2014-11-04,666.344,7,0.2,66.6344
CA-2014-125829,2014-11-04,573.728,4,0.2,-64.5444
CA-2014-125829,2014-11-04,21.936,3,0.2,8.226
CA-2014-125829,2014-11-04,19.44,3,0.0,9.3312
CA-2014-125829,2014-11-04,447.968,4,0.2,139.99
CA-2014-123127,2014-09-08,16.78,2,0.0,4.195
CA-2015-115945,2015-06-25,20.96,2,0.0,5.24
CA-2015-115945,2015-06-25,88.752,3,0.2,27.735
CA-2015-115945,2015-06-25,304.23,3,0.0,9.1269
CA-2015-136735,2015-07-26,167.86,2,0.0,78.8942
US-2017-136189,2017-12-07,82.38,6,0.0,25.5378
CA-2014-152345,2014-12-29,23.976,3,0.2,-5.6943
CA-2014-152345,2014-12-29,33.29,1,0.0,7.9896
US-2015-147662,2015-02-14,14.952,2,0.7,-11.9616
US-2015-147662,2015-02-14,323.982,3,0.4,-80.9955
US-2015-147662,2015-02-14,2.286,2,0.7,-1.6764
US-2015-147662,2015-02-14,14.352,3,0.2,0.897
US-2015-147662,2015-02-14,71.976,3,0.2,0.8997
CA-2016-153346,2016-01-25,9.21,3,0.0,2.3025
CA-2016-153346,2016-01-25,18.0,5,0.0,8.28
CA-2017-118360,2017-04-01,42.93,9,0.0,19.3185
CA-2017-149853,2017-10-03,15.552,3,0.2,5.4432
CA-2017-149853,2017-10-03,17.92,5,0.2,1.12
CA-2017-107909,2017-09-01,19.99,1,0.0,6.7966
CA-2017-107909,2017-09-01,22.92,5,0.2,8.022
CA-2015-112375,2015-12-21,50.88,6,0.2,14.628
CA-2015-112375,2015-12-21,27.312,2,0.2,9.2178
CA-2015-154795,2015-12-20,7.92,1,0.2,2.772
CA-2015-154795,2015-12-20,14.368,2,0.2,3.9512
CA-2015-125234,2015-11-27,107.97,3,0.0,22.6737
CA-2015-125234,2015-11-27,113.82,3,0.0,53.4954
CA-2017-133501,2017-08-27,5.184,1,0.2,1.8144
US-2014-129609,2014-03-22,16.28,2,0.0,6.512
CA-2017-130309,2017-12-17,544.38,3,0.0,157.8702
CA-2017-105410,2017-03-19,19.824,6,0.2,6.6906
CA-2017-105410,2017-03-19,657.504,6,0.2,-131.5008
CA-2017-105410,2017-03-19,99.54,2,0.0,10.9494
CA-2017-105410,2017-03-19,199.96,4,0.0,85.9828
CA-2016-120355,2016-09-18,631.782,2,0.1,140.396
CA-2016-120355,2016-09-18,60.72,3,0.0,26.1096
CA-2017-169894,2017-11-24,20.724,2,0.7,-15.1976
CA-2017-169894,2017-11-24,415.872,8,0.2,-41.5872
US-2017-100482,2017-04-11,16.768,2,0.2,1.4672
US-2017-100482,2017-04-11,27.12,2,0.2,-4.746
CA-2017-107748,2017-12-10,95.84,4,0.2,34.742
CA-2017-107748,2017-12-10,12.96,2,0.0,6.2208
CA-2017-153654,2017-11-24,19.008,8,0.7,-12.672
CA-2015-155600,2015-12-04,1598.058,7,0.7,-1065.372
CA-2015-155600,2015-12-04,36.96,4,0.2,12.012
CA-2017-162565,2017-12-11,10.368,2,0.2,3.6288
CA-2017-162565,2017-12-11,77.72,1,0.6,-66.062
CA-2017-162565,2017-12-11,520.464,2,0.3,-14.8704
CA-2016-127642,2016-05-21,111.96,2,0.0,54.8604
US-2017-163195,2017-02-17,29.16,3,0.0,8.4564
CA-2017-111332,2017-05-20,131.94,3,0.0,35.6238
CA-2017-111332,2017-05-20,25.92,4,0.0,8.2944
CA-2017-111332,2017-05-20,704.76,4,0.0,162.0948
CA-2017-111332,2017-05-20,7.41,3,0.0,3.4827
CA-2017-111332,2017-05-20,21.5,10,0.0,7.095
CA-2017-117044,2017-09-11,10.528,4,0.2,3.29
CA-2017-117044,2017-09-11,20.544,6,0.2,6.42
US-2016-165078,2016-11-05,104.9,5,0.0,50.352
US-2016-165078,2016-11-05,39.68,2,0.0,16.2688
US-2016-165078,2016-11-05,51.75,5,0.0,24.84
US-2017-169320,2017-07-23,11.68,2,0.0,5.4896
US-2017-169320,2017-07-23,159.75,5,0.0,11.1825
CA-2016-158575,2016-11-18,103.968,6,0.2,16.8948
CA-2014-166954,2014-04-25,303.25,5,0.0,63.6825
CA-2014-166954,2014-04-25,270.72,3,0.0,78.5088
CA-2014-166954,2014-04-25,1487.04,5,0.2,148.704
CA-2015-140830,2015-11-30,17.48,2,0.0,8.2156
CA-2015-140830,2015-11-30,71.88,2,0.0,32.346
CA-2015-152891,2015-10-25,60.45,3,0.0,16.3215
CA-2015-152891,2015-10-25,253.176,3,0.2,-31.647
US-2015-122784,2015-07-20,2.88,5,0.8,-4.464
US-2015-122784,2015-07-20,384.944,4,0.3,-126.4816
US-2015-122784,2015-07-20,153.584,2,0.2,13.4386
US-2015-122784,2015-07-20,913.43,5,0.3,-52.196
CA-2016-156811,2016-10-27,43.92,4,0.0,11.8584
CA-2016-156811,2016-10-27,25.032,3,0.2,7.8225
CA-2017-111556,2017-11-20,46.76,7,0.0,22.4448
CA-2017-111556,2017-11-20,183.968,2,0.2,-25.2956
CA-2017-111556,2017-11-20,1259.97,3,0.0,327.5922
CA-2017-111556,2017-11-20,68.97,3,0.0,19.3116
CA-2016-108868,2016-09-08,70.368,2,0.2,6.1572
CA-2016-108868,2016-09-08,59.96,5,0.2,21.7355
CA-2014-142965,2014-07-20,25.984,1,0.2,-5.1968
CA-2014-142965,2014-07-20,27.36,3,0.7,-21.888
CA-2016-148740,2016-11-15,361.376,2,0.2,27.1032
US-2014-138758,2014-07-07,172.186,2,0.3,-46.7362
US-2014-138758,2014-07-07,69.008,2,0.2,12.0764
CA-2016-131737,2016-03-17,199.9,5,0.0,89.955
CA-2016-131737,2016-03-17,901.95,3,0.0,297.6435
CA-2016-131737,2016-03-17,971.5,5,0.0,252.59
CA-2016-114538,2016-12-26,11.328,2,0.2,2.5488
CA-2014-127936,2014-09-02,21.24,3,0.0,8.0712
CA-2015-164336,2015-07-05,34.8,3,0.2,2.175
CA-2015-164336,2015-07-05,38.976,3,0.2,-2.436
CA-2016-100041,2016-11-20,9.08,2,0.0,4.086
CA-2016-100041,2016-11-20,314.55,3,0.0,150.984
CA-2016-100041,2016-11-20,4.91,1,0.0,2.3077
US-2014-154879,2014-05-06,5.78,2,0.0,2.7166
US-2014-154879,2014-05-06,107.94,6,0.0,30.2232
CA-2014-130624,2014-06-21,19.65,3,0.0,9.039
CA-2014-130624,2014-06-21,617.97,3,0.0,160.6722
CA-2014-130624,2014-06-21,59.7,3,0.0,26.865
CA-2017-132339,2017-08-19,387.99,1,0.0,182.3553
CA-2014-153983,2014-11-29,575.92,2,0.2,71.99
CA-2014-153983,2014-11-29,30.4,5,0.0,15.2
CA-2017-112900,2017-04-09,478.24,8,0.0,219.9904
CA-2014-160157,2014-12-20,190.848,3,0.2,-21.4704
CA-2014-139633,2014-12-17,5.484,4,0.7,-4.0216
CA-2015-163090,2015-11-17,40.92,5,0.2,3.069
CA-2014-117016,2014-03-04,15.552,3,0.2,2.3328
CA-2017-159464,2017-05-18,17.24,2,0.0,4.4824
CA-2017-159464,2017-05-18,302.94,3,0.0,75.735
CA-2017-159464,2017-05-18,34.75,5,0.0,15.6375
CA-2017-159464,2017-05-18,113.94,6,0.0,54.6912
CA-2017-159464,2017-05-18,55.98,2,0.0,15.6744
US-2017-103226,2017-09-22,27.18,3,0.0,12.231
CA-2017-119452,2017-03-21,1805.88,6,0.0,523.7052
CA-2017-147725,2017-09-14,70.95,3,0.0,18.447
CA-2016-168893,2016-11-03,20.0,4,0.0,9.6
CA-2016-168893,2016-11-03,7.98,3,0.0,2.0748
CA-2016-168893,2016-11-03,24.1,5,0.0,9.158
CA-2016-168893,2016-11-03,8.75,1,0.0,2.625
CA-2016-168893,2016-11-03,842.94,3,0.0,160.1586
CA-2016-163398,2016-05-03,2.182,1,0.8,-3.6003
CA-2016-163398,2016-05-03,27.384,7,0.2,2.7384
CA-2016-163398,2016-05-03,26.406,3,0.8,-71.2962
CA-2016-162726,2016-12-27,10.368,2,0.2,3.6288
CA-2016-162726,2016-12-27,23.68,4,0.2,7.4
US-2016-111290,2016-07-22,109.95,1,0.0,36.2835
US-2016-111290,2016-07-22,965.85,5,0.0,135.219
US-2016-111290,2016-07-22,29.2,5,0.0,10.512
US-2016-111290,2016-07-22,32.4,5,0.0,15.552
US-2014-147704,2014-11-16,78.35,5,0.0,36.8245
US-2014-147704,2014-11-16,31.68,6,0.0,14.256
US-2014-147704,2014-11-16,29.12,4,0.0,14.2688
US-2014-147704,2014-11-16,169.45,5,0.0,42.3625
CA-2015-121965,2015-06-19,12.56,2,0.0,4.0192
CA-2015-121965,2015-06-19,6.48,1,0.0,3.1104
CA-2015-121965,2015-06-19,186.69,3,0.0,87.7443
CA-2016-147137,2016-07-04,25.4,5,0.0,8.636
CA-2016-147137,2016-07-04,43.96,2,0.0,20.6612
CA-2016-147137,2016-07-04,1279.165,5,0.15,225.735
CA-2016-147137,2016-07-04,27.92,4,0.0,0.5584
US-2015-146745,2015-09-03,129.568,2,0.2,-12.9568
US-2015-146745,2015-09-03,6.368,2,0.2,2.1492
CA-2017-115175,2017-08-07,244.55,5,0.0,114.9385
CA-2017-105851,2017-03-13,1332.496,2,0.2,-299.8116
US-2017-125717,2017-09-28,32.776,1,0.2,3.2776
US-2017-125717,2017-09-28,147.184,2,0.2,-29.4368
US-2017-125717,2017-09-28,54.384,2,0.2,1.3596
US-2017-125717,2017-09-28,76.776,4,0.7,-58.8616
US-2017-125717,2017-09-28,14.352,3,0.2,5.2026
US-2017-125717,2017-09-28,209.792,2,0.2,26.224
CA-2015-163895,2015-08-07,3.304,1,0.2,1.1151
CA-2017-168641,2017-11-24,16.38,9,0.0,7.371
CA-2017-168641,2017-11-24,167.96,2,0.0,78.9412
CA-2017-168641,2017-11-24,321.568,2,0.2,-16.0784
CA-2017-168641,2017-11-24,12.96,2,0.0,6.2208
CA-2017-156895,2017-05-08,128.058,3,0.3,-23.7822
CA-2017-121300,2017-09-29,63.686,1,0.3,-15.4666
CA-2017-121300,2017-09-29,239.976,3,0.2,65.9934
CA-2017-121300,2017-09-29,344.22,2,0.4,-189.321
CA-2017-121300,2017-09-29,15.552,3,0.2,5.4432
CA-2017-121300,2017-09-29,21.248,4,0.2,7.4368
CA-2017-121300,2017-09-29,8.448,2,0.2,2.64
CA-2017-130211,2017-10-22,333.09,3,0.0,23.3163
CA-2017-130211,2017-10-22,248.98,2,0.0,54.7756
CA-2014-147235,2014-03-24,24.9,5,0.0,11.703
CA-2016-109365,2016-11-03,15.26,7,0.0,5.0358
CA-2016-109365,2016-11-03,43.32,2,0.0,14.2956
CA-2016-109365,2016-11-03,43.584,12,0.2,15.7992
CA-2016-109365,2016-11-03,116.28,3,0.0,56.9772
CA-2016-109365,2016-11-03,9.296,2,0.2,3.0212
CA-2016-109365,2016-11-03,19.44,3,0.0,9.3312
CA-2016-109365,2016-11-03,314.55,3,0.0,150.984
CA-2015-162621,2015-09-05,16.27,5,0.8,-25.2185
CA-2015-162621,2015-09-05,69.12,9,0.2,-14.688
CA-2015-162621,2015-09-05,4.47,3,0.8,-7.8225
CA-2017-105921,2017-08-14,418.296,3,0.2,5.2287
CA-2014-150798,2014-12-01,659.988,2,0.4,109.998
CA-2014-150798,2014-12-01,8.128,2,0.2,1.4224
CA-2014-150798,2014-12-01,36.288,7,0.2,12.7008
CA-2014-150798,2014-12-01,909.72,6,0.3,-51.984
CA-2017-112753,2017-06-18,917.9235,9,0.15,75.5937
CA-2017-112753,2017-06-18,38.88,6,0.0,19.0512
CA-2017-155075,2017-12-02,631.176,4,0.7,-462.8624
CA-2014-103401,2014-11-21,12.96,2,0.0,6.2208
CA-2016-124814,2016-04-10,12.96,2,0.0,6.2208
CA-2016-124814,2016-04-10,23.2,5,0.2,8.12
CA-2014-116757,2014-06-30,25.92,5,0.2,9.072
CA-2014-116757,2014-06-30,21.312,6,0.2,7.1928
US-2014-138247,2014-12-24,173.656,7,0.2,17.3656
US-2014-138247,2014-12-24,361.96,2,0.0,101.3488
US-2014-138247,2014-12-24,62.85,3,0.0,13.1985
US-2014-138247,2014-12-24,818.376,3,0.2,51.1485
US-2014-138247,2014-12-24,20.34,1,0.0,0.2034
US-2014-138247,2014-12-24,23.99,1,0.0,5.5177
CA-2017-167003,2017-05-23,171.288,3,0.2,-6.4233
CA-2016-119935,2016-11-10,37.3,2,0.0,17.158
CA-2016-119935,2016-11-10,81.96,2,0.0,39.3408
CA-2016-118969,2016-10-02,54.792,6,0.7,-40.1808
CA-2016-145240,2016-09-06,10.784,1,0.2,0.8088
CA-2016-120873,2016-10-27,290.98,1,0.0,75.6548
US-2017-111920,2017-10-22,36.44,4,0.0,12.0252
US-2016-128678,2016-09-15,21.4,5,0.0,10.058
US-2016-128678,2016-09-15,48.664,7,0.2,15.8158
CA-2016-101385,2016-09-25,16.56,4,0.0,6.9552
CA-2017-107167,2017-06-10,1347.52,8,0.2,84.22
CA-2014-109491,2014-02-20,62.31,3,0.0,22.4316
CA-2014-109491,2014-02-20,20.32,4,0.0,6.9088
CA-2017-105445,2017-02-20,9.432,3,0.2,3.0654
CA-2014-107454,2014-11-02,34.86,7,0.0,16.0356
CA-2014-107454,2014-11-02,89.34,6,0.0,24.1218
US-2017-105046,2017-07-17,269.98,2,0.0,67.495
US-2017-105046,2017-07-17,99.9,5,0.0,47.952
US-2017-105046,2017-07-17,39.08,4,0.0,14.4596
CA-2017-152856,2017-09-08,116.832,4,0.2,33.5892
CA-2016-134691,2016-11-14,2.296,2,0.8,-3.9032
CA-2016-118759,2016-11-14,408.006,2,0.1,72.5344
CA-2016-118759,2016-11-14,40.44,3,0.0,10.5144
CA-2014-140403,2014-10-10,122.352,3,0.2,13.7646
CA-2014-140403,2014-10-10,15.28,2,0.0,7.4872
CA-2015-163104,2015-03-19,11.96,2,0.0,5.8604
CA-2017-138464,2017-07-08,15.84,3,0.0,4.9104
CA-2017-138464,2017-07-08,86.376,3,0.2,30.2316
CA-2017-138464,2017-07-08,18.24,3,0.0,6.2016
CA-2017-138464,2017-07-08,13.12,4,0.0,4.3296
CA-2015-104129,2015-02-27,105.98,2,0.0,1.0598
CA-2015-104129,2015-02-27,493.92,7,0.3,-28.224
US-2017-132206,2017-06-16,5.936,7,0.8,-8.904
CA-2017-113474,2017-03-30,325.86,2,0.0,149.8956
CA-2015-126557,2015-07-12,383.607,9,0.3,-5.4801
CA-2015-126557,2015-07-12,148.48,2,0.2,16.704
CA-2015-126557,2015-07-12,537.544,7,0.2,53.7544
CA-2015-126557,2015-07-12,1.928,2,0.8,-2.9884
CA-2015-126557,2015-07-12,6.912,3,0.2,0.6912
CA-2015-126557,2015-07-12,7.76,1,0.6,-2.134
CA-2015-126557,2015-07-12,659.168,4,0.2,49.4376
US-2017-107636,2017-04-30,5.76,2,0.0,2.8224
US-2014-165862,2014-07-13,351.216,3,0.2,4.3902
US-2014-106334,2014-12-27,230.28,3,0.2,23.028
US-2014-106334,2014-12-27,12.84,3,0.0,5.778
CA-2016-101448,2016-02-27,56.82,3,0.0,28.41
CA-2015-130218,2015-03-23,31.56,4,0.0,14.202
CA-2015-130218,2015-03-23,27.92,4,0.0,0.5584
US-2017-117331,2017-10-21,8.559,1,0.7,-6.5619
CA-2014-127383,2014-12-31,49.568,2,0.2,17.9684
CA-2014-110219,2014-05-05,127.869,3,0.3,-9.1335
CA-2015-118871,2015-12-04,271.44,3,0.0,122.148
CA-2015-118871,2015-12-04,110.352,3,0.2,8.2764
CA-2015-118871,2015-12-04,36.4,5,0.0,13.832
CA-2017-129490,2017-09-26,419.136,4,0.2,-57.6312
CA-2014-101175,2014-12-09,100.704,6,0.2,-1.2588
US-2017-149510,2017-12-03,45.216,3,0.2,4.5216
US-2017-149510,2017-12-03,28.782,6,0.7,-21.1068
US-2017-149510,2017-12-03,24.448,4,0.2,8.8624
CA-2015-111990,2015-11-08,10.476,6,0.8,-17.2854
CA-2014-169460,2014-04-19,76.14,3,0.0,26.649
US-2015-152128,2015-05-25,21.24,3,0.0,8.0712
US-2015-152128,2015-05-25,127.96,2,0.0,60.1412
CA-2017-126662,2017-07-17,479.984,2,0.2,89.997
CA-2016-139395,2016-12-12,657.93,7,0.0,184.2204
CA-2016-139395,2016-12-12,33.48,4,0.0,8.7048
CA-2016-139395,2016-12-12,13.9,5,0.0,3.614
CA-2016-139395,2016-12-12,26.86,2,0.0,6.715
US-2014-121734,2014-04-11,9.584,1,0.2,3.3544
CA-2015-110947,2015-06-09,113.1,3,0.0,56.55
US-2014-150126,2014-07-27,65.78,11,0.0,32.2322
CA-2015-164427,2015-07-31,239.7,6,0.0,105.468
CA-2016-120250,2016-09-19,25.632,3,0.2,3.8448
CA-2016-121993,2016-06-10,23.616,8,0.2,7.9704
US-2016-100405,2016-08-26,8.26,2,0.0,3.7996
US-2017-163790,2017-11-02,76.58,7,0.0,38.29
US-2017-163790,2017-11-02,8.8,5,0.0,4.224
US-2017-163790,2017-11-02,590.352,6,0.2,206.6232
US-2017-163790,2017-11-02,5.58,3,0.0,0.1674
US-2017-163790,2017-11-02,25.02,3,0.0,10.5084
US-2017-163790,2017-11-02,452.55,7,0.0,22.6275
CA-2016-129868,2016-12-26,17.76,2,0.0,4.9728
CA-2016-129868,2016-12-26,302.384,2,0.2,30.2384
CA-2016-129868,2016-12-26,146.352,3,0.2,-5.4882
CA-2016-129868,2016-12-26,7.9,2,0.0,2.054
CA-2016-129868,2016-12-26,902.712,3,0.2,33.8517
CA-2016-129868,2016-12-26,53.97,3,0.0,15.1116
CA-2016-140564,2016-12-05,33.92,8,0.0,13.2288
US-2017-169502,2017-08-28,21.81,3,0.0,5.8887
US-2017-169502,2017-08-28,91.6,5,0.0,26.564
CA-2015-146948,2015-07-16,150.98,1,0.0,43.7842
CA-2015-146948,2015-07-16,137.25,9,0.0,63.135
CA-2015-146948,2015-07-16,11.52,4,0.0,5.4144
US-2015-113327,2015-05-26,18.272,1,0.2,5.9384
US-2015-113327,2015-05-26,153.728,4,0.2,53.8048
US-2015-113327,2015-05-26,12.224,2,0.2,4.4312
US-2015-113327,2015-05-26,167.944,7,0.2,50.3832
CA-2015-135020,2015-05-28,45.99,1,0.0,13.3371
CA-2015-135020,2015-05-28,535.41,3,0.0,160.623
CA-2015-135020,2015-05-28,6.096,2,0.2,2.0574
CA-2015-135020,2015-05-28,45.36,7,0.0,21.7728
US-2017-141852,2017-11-09,47.12,8,0.0,20.7328
CA-2016-109407,2016-01-24,31.36,4,0.0,15.68
US-2017-165953,2016-12-31,47.616,3,0.2,3.5712
US-2017-165953,2016-12-31,23.48,5,0.2,8.218
CA-2016-144540,2016-09-05,62.79,3,0.8,-166.3935
CA-2016-144540,2016-09-05,28.44,9,0.2,4.266
CA-2015-159863,2015-09-04,134.376,3,0.2,6.7188
CA-2015-117800,2015-09-21,589.9,2,0.0,147.475
CA-2015-117800,2015-09-21,542.94,3,0.0,141.1644
CA-2017-145219,2017-12-24,2879.952,6,0.2,1007.9832
CA-2017-145219,2017-12-24,90.48,3,0.2,33.93
CA-2015-161214,2015-10-05,77.55,5,0.0,21.714
CA-2017-147228,2017-09-09,8.832,3,0.2,-1.9872
CA-2017-147228,2017-09-09,177.536,4,0.2,62.1376
CA-2017-147228,2017-09-09,258.48,2,0.2,-3.231
CA-2017-147228,2017-09-09,14.136,3,0.2,4.2408
CA-2016-101336,2016-11-13,77.55,5,0.0,20.163
CA-2016-101336,2016-11-13,24.88,2,0.0,6.9664
CA-2016-101336,2016-11-13,140.75,5,0.0,39.41
CA-2016-101336,2016-11-13,36.63,3,0.0,9.8901
US-2015-126235,2015-10-15,17.14,2,0.0,6.1704
CA-2017-168396,2017-08-03,51.75,5,0.0,24.84
CA-2017-168396,2017-08-03,123.96,3,0.0,11.1564
CA-2015-130456,2015-08-21,586.398,6,0.15,34.494
CA-2015-130456,2015-08-21,80.98,1,0.0,3.2392
CA-2017-116288,2017-03-12,242.94,3,0.0,9.7176
CA-2017-168228,2017-04-27,123.92,4,0.0,33.4584
CA-2017-168228,2017-04-27,12.39,3,0.0,5.6994
CA-2017-168228,2017-04-27,47.3,2,0.0,12.298
CA-2016-102162,2016-09-11,1599.92,8,0.0,751.9624
CA-2016-102162,2016-09-11,11.09,1,0.0,5.4341
CA-2017-130141,2017-10-22,3.168,4,0.7,-2.5344
CA-2017-130141,2017-10-22,579.136,4,0.2,-28.9568
CA-2015-147501,2015-08-02,6.368,2,0.2,2.1492
CA-2015-147501,2015-08-02,558.4,2,0.2,41.88
CA-2016-143910,2016-08-12,145.764,2,0.1,-8.098
CA-2014-146885,2014-05-30,13.62,3,0.0,6.129
CA-2016-139556,2016-04-26,434.646,3,0.1,62.7822
CA-2017-129357,2017-05-14,440.19,9,0.0,206.8893
CA-2017-129357,2017-05-14,64.4,5,0.0,1.932
CA-2017-150987,2017-04-08,244.55,5,0.0,114.9385
CA-2017-150987,2017-04-08,195.76,4,0.0,97.88
CA-2017-132647,2017-02-17,11.76,2,0.0,5.7624
CA-2017-132647,2017-02-17,166.45,5,0.0,39.948
CA-2017-159107,2017-06-24,2.88,1,0.0,1.3536
CA-2014-160738,2014-05-05,45.248,2,0.2,3.9592
CA-2015-112130,2015-05-03,59.904,2,0.2,14.2272
CA-2015-112130,2015-05-03,23.696,2,0.2,6.5164
CA-2015-112130,2015-05-03,7.968,2,0.2,2.8884
CA-2015-112130,2015-05-03,18.2,7,0.2,2.0475
CA-2015-112130,2015-05-03,27.552,3,0.2,-0.3444
CA-2015-112130,2015-05-03,844.116,6,0.3,-36.1764
CA-2015-112130,2015-05-03,76.752,3,0.2,-9.594
CA-2016-111409,2016-09-18,3.0,1,0.2,1.05
CA-2016-116232,2016-09-22,7.506,9,0.7,-6.0048
CA-2016-116232,2016-09-22,16.56,2,0.2,5.796
CA-2016-116547,2016-01-10,79.92,4,0.0,34.3656
CA-2016-116547,2016-01-10,69.98,2,0.0,13.2962
US-2017-133200,2017-05-06,11.06,10,0.8,-18.802
US-2017-133200,2017-05-06,623.4648,7,0.32,-119.1918
US-2017-133200,2017-05-06,772.68,5,0.2,-57.951
CA-2016-133550,2016-07-31,283.14,4,0.1,72.358
CA-2016-133550,2016-07-31,635.96,4,0.0,165.3496
CA-2016-133550,2016-07-31,118.99,1,0.0,33.3172
CA-2016-133550,2016-07-31,272.94,3,0.0,30.0234
CA-2017-139416,2017-03-27,15.008,2,0.2,1.5008
CA-2014-114510,2014-03-14,33.088,4,0.2,11.1672
CA-2014-114510,2014-03-14,80.98,1,0.0,3.2392
CA-2014-114510,2014-03-14,82.8,12,0.0,6.624
CA-2014-114510,2014-03-14,21.36,2,0.0,5.7672
CA-2014-114510,2014-03-14,62.048,2,0.2,20.1656
CA-2016-169215,2016-07-14,29.61,9,0.0,13.3245
CA-2016-127698,2016-12-01,863.928,9,0.2,86.3928
CA-2016-159912,2016-08-29,241.92,4,0.4,-56.448
CA-2016-159912,2016-08-29,163.88,4,0.5,-81.94
CA-2016-159912,2016-08-29,3.486,2,0.7,-2.7888
CA-2016-159912,2016-08-29,10.584,7,0.2,-2.3814
CA-2016-101987,2016-06-24,440.91,9,0.0,123.4548
US-2017-154851,2017-03-30,5.715,5,0.7,-4.7625
CA-2014-138681,2014-12-20,51.968,2,0.2,10.3936
CA-2014-138681,2014-12-20,71.976,3,0.2,21.5928
CA-2014-138681,2014-12-20,242.352,3,0.2,-42.4116
CA-2014-138681,2014-12-20,221.92,5,0.2,77.672
CA-2014-138681,2014-12-20,8.448,2,0.2,2.64
US-2015-138121,2015-12-17,29.52,4,0.0,14.4648
US-2015-138121,2015-12-17,302.94,3,0.0,48.4704
US-2015-138121,2015-12-17,142.36,2,0.0,38.4372
US-2015-138121,2015-12-17,546.66,9,0.0,136.665
US-2015-138121,2015-12-17,212.13,3,0.0,14.8491
CA-2017-140298,2017-05-11,5.248,2,0.2,0.5904
CA-2017-140298,2017-05-11,74.416,2,0.2,-14.8832
CA-2017-140298,2017-05-11,6.848,2,0.2,2.14
CA-2017-140298,2017-05-11,7.996,1,0.6,-6.9965
CA-2016-166240,2016-06-24,8.712,2,0.8,-19.602
CA-2016-158435,2016-05-17,65.17,7,0.0,18.8993
CA-2016-158435,2016-05-17,14.62,2,0.0,6.8714
CA-2016-158435,2016-05-17,173.24,4,0.0,17.324
CA-2017-138149,2017-06-29,895.92,5,0.2,302.373
CA-2017-138149,2017-06-29,130.71,3,0.0,39.213
CA-2017-138149,2017-06-29,11.68,2,0.0,3.0368
CA-2017-138149,2017-06-29,62.31,3,0.0,22.4316
CA-2014-112403,2014-03-31,0.852,1,0.7,-0.5964
CA-2014-108273,2014-12-16,36.288,7,0.2,12.7008
CA-2014-108273,2014-12-16,56.568,2,0.6,-74.9526
CA-2017-121643,2017-05-18,344.704,2,0.2,38.7792
US-2015-122910,2015-05-12,201.584,2,0.2,20.1584
CA-2017-143126,2017-12-03,521.96,2,0.0,88.7332
CA-2015-129042,2015-12-12,8.22,3,0.0,2.2194
CA-2015-109736,2015-10-10,45.36,7,0.0,21.7728
CA-2015-142601,2015-04-18,947.17,7,0.0,9.4717
CA-2015-142601,2015-04-18,61.96,2,0.0,27.882
CA-2014-106229,2014-06-07,268.935,3,0.5,-209.7693
US-2017-135230,2017-09-01,7.58,1,0.0,2.9562
CA-2016-159653,2016-05-22,14.73,3,0.0,7.2177
CA-2016-131968,2016-11-11,9.888,2,0.7,-6.9216
CA-2016-131968,2016-11-11,671.544,3,0.2,50.3658
CA-2014-119151,2014-11-25,1117.92,4,0.0,55.896
CA-2014-119151,2014-11-25,275.952,3,0.2,-37.9434
CA-2014-123323,2014-11-07,123.144,7,0.2,46.179
CA-2016-124681,2016-07-18,15.576,3,0.2,3.3099
US-2015-103996,2015-03-29,212.64,6,0.0,99.9408
US-2015-103996,2015-03-29,9.87,3,0.0,4.5402
US-2015-103996,2015-03-29,53.25,3,0.0,20.7675
US-2015-103996,2015-03-29,19.92,3,0.0,9.5616
CA-2016-120530,2016-04-07,658.746,3,0.1,146.388
CA-2015-155054,2015-06-13,8.26,2,0.0,3.8822
CA-2015-155054,2015-06-13,29.84,2,0.0,13.428
CA-2015-155054,2015-06-13,67.98,2,0.0,14.9556
CA-2015-105725,2015-02-18,61.06,2,0.0,28.0876
CA-2015-105725,2015-02-18,35.544,1,0.2,-0.8886
CA-2017-164364,2017-11-12,9.96,2,0.0,4.5816
CA-2017-164364,2017-11-12,9.21,3,0.0,2.3025
CA-2017-164364,2017-11-12,27.93,3,0.0,8.0997
CA-2017-168123,2017-03-05,7.9,2,0.0,2.528
CA-2017-168123,2017-03-05,221.16,4,0.0,57.5016
CA-2017-168123,2017-03-05,127.96,2,0.0,62.7004
CA-2017-168123,2017-03-05,18.69,3,0.0,9.1581
CA-2016-120005,2016-03-03,25.35,3,0.0,7.605
CA-2016-120005,2016-03-03,35.28,3,0.0,11.9952
CA-2016-123526,2016-12-24,33.4,5,0.0,16.032
CA-2016-127649,2016-10-07,837.6,3,0.2,62.82
CA-2016-159989,2016-12-09,40.68,3,0.2,-9.153
CA-2017-103499,2017-11-20,209.568,2,0.2,-23.5764
US-2015-167220,2015-12-12,22.368,4,0.2,6.4308
CA-2017-126354,2017-02-03,3.882,2,0.7,-2.588
CA-2017-126354,2017-02-03,115.296,3,0.2,40.3536
CA-2017-169817,2017-09-21,1.908,2,0.7,-1.5264
US-2017-144582,2017-04-30,43.372,7,0.8,-69.3952
CA-2014-121573,2014-11-03,783.96,4,0.0,219.5088
CA-2014-121573,2014-11-03,48.896,2,0.2,18.336
CA-2014-121573,2014-11-03,7.856,2,0.2,2.8478
CA-2016-117660,2016-12-30,5.904,2,0.2,1.9926
CA-2016-117660,2016-12-30,13.712,2,0.2,1.0284
CA-2014-112851,2014-09-17,182.94,3,0.0,85.9818
CA-2017-123701,2017-11-24,27.76,4,0.0,9.9936
CA-2015-118227,2015-04-24,25.99,1,0.0,7.5371
CA-2015-123155,2015-03-09,113.52,5,0.2,29.799
CA-2015-123155,2015-03-09,359.88,3,0.2,22.4925
CA-2017-158883,2017-06-02,25.344,4,0.2,9.1872
US-2016-114888,2016-09-19,11.952,3,0.2,4.1832
US-2016-114888,2016-09-19,6.24,3,0.0,1.872
US-2014-167262,2014-10-31,742.336,8,0.2,83.5128
CA-2017-119746,2017-11-23,6.464,1,0.6,-4.04
CA-2017-119746,2017-11-23,11.52,5,0.2,4.176
CA-2017-119746,2017-11-23,222.384,2,0.2,16.6788
CA-2017-108091,2017-11-16,23.36,4,0.0,6.0736
CA-2016-101630,2016-02-19,8.67,3,0.0,4.0749
CA-2016-101630,2016-02-19,25.71,3,0.0,6.6846
CA-2017-132346,2017-11-07,100.94,7,0.0,33.3102
CA-2014-150301,2014-07-08,63.882,1,0.1,10.647
CA-2014-159310,2014-11-07,683.144,4,0.3,0.0
CA-2014-159310,2014-11-07,1.476,3,0.8,-2.214
CA-2014-159310,2014-11-07,40.712,7,0.2,3.5623
US-2017-147984,2017-01-28,279.9,5,0.0,137.151
CA-2015-104346,2015-12-11,13.12,5,0.2,1.148
CA-2015-104346,2015-12-11,69.576,4,0.7,-143.7904
CA-2015-104346,2015-12-11,4.224,3,0.2,0.4752
CA-2015-104346,2015-12-11,58.08,4,0.2,-6.534
CA-2015-104346,2015-12-11,52.416,9,0.2,15.0696
CA-2015-104346,2015-12-11,54.92,5,0.2,10.984
CA-2015-104346,2015-12-11,364.95,5,0.5,-248.166
CA-2015-104346,2015-12-11,85.056,3,0.2,28.7064
CA-2015-104346,2015-12-11,27.696,3,0.2,9.6936
US-2015-141684,2015-06-29,24.96,4,0.0,11.232
CA-2015-144722,2015-03-16,43.13,1,0.0,18.1146
CA-2015-120516,2015-08-13,5.64,3,0.0,2.7072
US-2016-148901,2016-05-14,57.582,3,0.7,-44.1462
US-2016-148901,2016-05-14,31.104,6,0.2,10.8864
US-2016-148901,2016-05-14,30.192,3,0.2,8.3028
US-2016-148901,2016-05-14,43.6,5,0.2,4.36
US-2016-148901,2016-05-14,4.768,2,0.2,0.4172
US-2016-148901,2016-05-14,10.38,2,0.7,-7.612
US-2016-148901,2016-05-14,13.392,8,0.7,-9.8208
CA-2017-136364,2017-07-13,39.594,1,0.4,-7.2589
CA-2017-136364,2017-07-13,91.008,9,0.2,19.3392
CA-2015-137708,2015-11-22,37.94,2,0.0,18.2112
CA-2015-137708,2015-11-22,42.8,10,0.0,19.26
CA-2015-137708,2015-11-22,33.63,3,0.0,10.089
CA-2014-149055,2014-11-23,62.808,3,0.2,21.1977
CA-2015-151589,2015-12-27,195.64,4,0.0,91.9508
CA-2015-151589,2015-12-27,239.9,2,0.0,71.97
CA-2016-121370,2016-11-14,380.058,3,0.3,-21.7176
CA-2016-121370,2016-11-14,1199.976,4,0.4,179.9964
CA-2016-121370,2016-11-14,48.576,3,0.2,9.7152
CA-2016-111696,2016-05-08,17.94,3,0.0,8.073
CA-2014-139598,2014-12-26,18.264,3,0.2,6.1641
CA-2014-139598,2014-12-26,34.656,2,0.2,5.6316
CA-2014-139598,2014-12-26,81.552,2,0.2,8.1552
CA-2014-139598,2014-12-26,227.136,4,0.2,-42.588
CA-2017-117436,2017-06-08,10.36,2,0.0,5.0764
CA-2015-140025,2015-04-07,463.248,8,0.8,-1181.2824
CA-2015-140025,2015-04-07,383.952,6,0.2,47.994
CA-2016-134222,2016-07-10,44.856,6,0.7,-35.8848
CA-2016-140018,2016-11-21,30.345,7,0.7,-24.276
CA-2016-140018,2016-11-21,127.554,3,0.3,-9.111
CA-2016-140018,2016-11-21,77.952,3,0.2,15.5904
US-2017-136707,2017-11-12,14.016,4,0.2,4.9056
CA-2014-152562,2014-11-01,69.52,2,0.0,19.4656
CA-2014-152562,2014-11-01,5.64,3,0.0,1.6356
CA-2016-152408,2016-05-15,13.776,3,0.2,4.4772
CA-2014-120278,2014-11-07,245.88,6,0.0,68.8464
CA-2014-120278,2014-11-07,36.63,3,0.0,9.8901
CA-2014-120278,2014-11-07,22.58,2,0.0,5.8708
CA-2014-120278,2014-11-07,12.39,3,0.0,5.8233
CA-2017-167661,2017-10-05,39.92,5,0.2,13.473
CA-2017-167661,2017-10-05,61.96,2,0.0,27.882
CA-2017-167661,2017-10-05,19.936,4,0.2,7.2268
CA-2017-106831,2017-06-01,3.798,2,0.7,-2.6586
CA-2017-106831,2017-06-01,27.744,6,0.2,10.0572
CA-2017-106831,2017-06-01,158.376,4,0.4,-34.3148
CA-2017-154123,2017-11-20,27.58,2,0.0,11.5836
CA-2016-136049,2016-12-23,5.553,3,0.7,-4.0722
CA-2017-118402,2017-09-29,243.92,5,0.2,-54.882
US-2016-139388,2016-11-07,14.96,4,0.0,0.2992
US-2014-128685,2014-04-04,7.184,2,0.2,2.245
CA-2015-124044,2015-07-23,10.512,3,0.2,3.6792
CA-2014-164469,2014-06-25,263.96,5,0.2,19.797
CA-2014-164469,2014-06-25,71.632,11,0.2,17.908
CA-2014-164469,2014-06-25,9.328,1,0.2,0.8162
CA-2014-107818,2014-09-08,5.88,2,0.0,2.646
CA-2014-107818,2014-09-08,975.92,5,0.2,121.99
CA-2014-107818,2014-09-08,303.84,8,0.0,91.152
CA-2014-107818,2014-09-08,485.88,6,0.0,19.4352
CA-2014-113320,2014-12-12,12.54,3,0.0,4.5144
CA-2014-113320,2014-12-12,8.94,3,0.0,0.6258
CA-2014-113320,2014-12-12,9.24,3,0.0,4.4352
CA-2015-137526,2015-01-13,70.008,3,0.2,24.5028
CA-2015-137526,2015-01-13,77.6,4,0.0,38.024
CA-2015-137526,2015-01-13,464.85,9,0.0,92.97
CA-2017-136063,2017-12-15,10.192,7,0.2,1.0192
CA-2016-101546,2016-12-18,1793.98,2,0.0,843.1706
CA-2014-138940,2014-04-11,758.352,6,0.2,265.4232
CA-2016-125164,2016-11-10,20.368,1,0.2,7.3834
CA-2016-125164,2016-11-10,49.848,3,0.2,16.8237
CA-2017-163531,2017-06-26,239.97,3,0.0,67.1916
CA-2017-122490,2017-11-13,2404.704,6,0.2,150.294
CA-2017-122490,2017-11-13,563.024,11,0.2,190.0206
CA-2017-122490,2017-11-13,344.91,3,0.0,10.3473
CA-2017-122490,2017-11-13,8.64,3,0.0,4.2336
CA-2017-131366,2017-11-24,89.988,2,0.4,-14.998
CA-2017-131366,2017-11-24,229.544,7,0.2,83.2097
CA-2017-164042,2017-05-23,1.824,2,0.2,0.6156
CA-2017-164042,2017-05-23,18.32,5,0.8,-46.716
CA-2017-164042,2017-05-23,48.816,3,0.2,-11.5938
CA-2017-164042,2017-05-23,1.188,1,0.8,-1.9602
CA-2014-132864,2014-12-02,119.8,5,0.2,29.95
US-2014-155817,2014-10-03,61.568,2,0.2,4.6176
US-2014-155817,2014-10-03,6.192,3,0.2,0.4644
US-2016-131891,2016-07-29,2.214,3,0.7,-1.476
CA-2017-143567,2017-11-02,5.32,2,0.0,2.6068
CA-2017-143567,2017-11-02,975.92,4,0.0,292.776
CA-2017-143567,2017-11-02,2249.91,9,0.0,517.4793
CA-2017-143567,2017-11-02,59.92,4,0.0,16.7776
CA-2017-104080,2017-03-08,171.2,5,0.2,64.2
CA-2017-104080,2017-03-08,3.36,2,0.0,0.8736
CA-2014-151379,2014-12-16,114.2,5,0.0,52.532
CA-2016-163167,2016-11-28,182.67,3,0.0,52.9743
CA-2016-163167,2016-11-28,101.7,6,0.0,6.102
CA-2016-163167,2016-11-28,1126.02,3,0.0,56.301
CA-2016-163167,2016-11-28,1263.3,6,0.0,315.825
CA-2016-135776,2016-12-23,8.82,3,0.0,2.5578
CA-2016-135776,2016-12-23,37.94,2,0.0,18.2112
CA-2016-135776,2016-12-23,4.2,2,0.0,1.176
CA-2016-135776,2016-12-23,227.28,2,0.0,2.2728
CA-2016-135776,2016-12-23,47.9,1,0.0,22.992
CA-2016-135776,2016-12-23,61.96,2,0.0,30.3604
CA-2016-135776,2016-12-23,1117.92,4,0.0,55.896
US-2014-122021,2014-10-15,183.372,2,0.3,-7.8588
US-2014-122021,2014-10-15,7.968,2,0.2,2.8884
CA-2016-130484,2016-08-22,26.352,8,0.7,-18.4464
CA-2017-120936,2017-12-17,481.32,4,0.0,125.1432
CA-2017-120936,2017-12-17,13.98,1,0.0,3.6348
CA-2017-110884,2017-03-07,25.92,6,0.2,9.072
CA-2017-110884,2017-03-07,91.59,3,0.0,42.1314
US-2014-161613,2014-12-01,674.058,3,0.3,-19.2588
US-2014-146353,2014-10-14,22.92,4,0.0,11.0016
US-2014-146353,2014-10-14,269.9,5,0.0,16.194
CA-2014-133809,2014-11-18,11.808,8,0.7,-8.6592
CA-2014-133809,2014-11-18,9.588,2,0.4,-2.0774
CA-2017-127306,2017-01-14,18.336,3,0.2,6.6468
CA-2017-127306,2017-01-14,36.288,7,0.2,12.7008
CA-2017-127306,2017-01-14,111.984,2,0.2,6.999
CA-2017-127306,2017-01-14,5.97,5,0.7,-4.577
CA-2017-127306,2017-01-14,2.508,2,0.7,-1.8392
CA-2015-161830,2015-09-24,35.96,2,0.0,10.4284
CA-2015-161830,2015-09-24,14.952,3,0.2,5.4201
CA-2017-163125,2017-10-09,67.144,7,0.2,5.8751
CA-2017-163125,2017-10-09,254.058,3,0.3,-32.6646
CA-2016-160304,2016-01-02,173.94,3,0.0,38.2668
CA-2016-160304,2016-01-02,231.98,2,0.0,67.2742
CA-2017-101728,2017-08-19,2.296,2,0.8,-3.9032
CA-2017-114055,2017-12-25,96.08,2,0.0,46.1184
CA-2017-114055,2017-12-25,3.62,2,0.0,1.1946
CA-2017-114055,2017-12-25,629.1,6,0.0,301.968
CA-2017-114055,2017-12-25,90.48,2,0.0,23.5248
CA-2017-126438,2017-09-10,14.88,2,0.0,3.72
CA-2017-117653,2017-10-19,91.275,1,0.5,-67.5435
CA-2017-143245,2017-12-01,19.44,3,0.0,9.3312
CA-2017-143245,2017-12-01,897.15,3,0.0,251.202
US-2014-138828,2014-09-02,57.75,5,0.0,16.17
US-2014-138828,2014-09-02,14.94,3,0.0,7.0218
CA-2017-143651,2017-03-25,23.1,2,0.0,6.93
CA-2015-106978,2015-09-28,12.536,1,0.2,4.2309
CA-2015-106978,2015-09-28,1.08,2,0.7,-0.792
CA-2015-106978,2015-09-28,4.512,3,0.2,0.846
CA-2015-155124,2015-03-15,16.776,3,0.2,1.6776
CA-2017-150931,2017-01-06,33.74,7,0.0,15.5204
CA-2014-157147,2014-01-13,1325.85,5,0.0,238.653
CA-2014-157147,2014-01-13,333.999,3,0.15,3.9294
CA-2014-157147,2014-01-13,19.9,5,0.0,6.567
CA-2015-156482,2015-02-06,1268.82,9,0.0,266.4522
CA-2015-156482,2015-02-06,283.92,4,0.0,82.3368
CA-2015-156482,2015-02-06,5.68,2,0.0,1.7608
CA-2017-106782,2017-12-21,375.34,1,0.0,18.767
CA-2016-151372,2016-09-05,96.08,2,0.0,46.1184
CA-2016-151372,2016-09-05,11.68,2,0.2,3.942
CA-2016-151372,2016-09-05,4.36,2,0.0,1.7876
CA-2014-102085,2014-10-04,29.24,4,0.0,13.7428
CA-2017-107125,2017-11-27,117.488,7,0.2,41.1208
CA-2017-107125,2017-11-27,18.84,3,0.0,6.0288
CA-2016-125815,2016-10-28,12.42,3,0.0,5.2164
CA-2015-144190,2015-06-09,12.96,2,0.0,6.2208
CA-2017-117926,2017-12-08,69.48,1,0.0,20.844
CA-2015-153906,2015-03-16,85.9,2,0.0,2.577
CA-2014-160262,2014-06-09,18.06,7,0.0,4.6956
CA-2014-160262,2014-06-09,79.14,3,0.0,36.4044
CA-2014-160262,2014-06-09,37.4,2,0.0,14.212
CA-2015-127607,2015-03-20,2.512,2,0.8,-4.396
CA-2015-127607,2015-03-20,18.864,9,0.2,6.1308
CA-2016-166226,2016-11-18,61.192,1,0.2,6.1192
CA-2016-166226,2016-11-18,67.84,1,0.0,18.3168
CA-2014-156587,2014-03-07,48.712,1,0.2,5.4801
CA-2014-156587,2014-03-07,17.94,3,0.0,4.6644
CA-2014-156587,2014-03-07,242.94,3,0.0,4.8588
CA-2016-141180,2016-05-15,7.764,4,0.7,-5.176
CA-2015-109708,2015-05-25,467.04,4,0.2,58.38
CA-2015-122406,2015-08-02,128.85,3,0.0,3.8655
CA-2015-122406,2015-08-02,8.4,2,0.0,4.116
CA-2015-122406,2015-08-02,199.98,2,0.0,83.9916
CA-2015-122406,2015-08-02,110.98,1,0.0,15.5372
US-2016-153815,2016-11-06,207.984,2,0.2,-28.5978
US-2016-153815,2016-11-06,36.112,2,0.2,12.6392
US-2016-153815,2016-11-06,35.568,2,0.2,5.7798
US-2016-153815,2016-11-06,88.768,2,0.2,31.0688
CA-2016-164896,2016-11-07,12.9,2,0.0,6.321
CA-2015-142202,2015-09-18,717.12,9,0.2,152.388
CA-2015-165050,2015-12-07,21.36,5,0.2,7.209
CA-2015-165050,2015-12-07,6.688,2,0.2,2.3408
CA-2015-165050,2015-12-07,773.94,6,0.0,224.4426
US-2016-131114,2016-12-09,20.568,3,0.2,1.5426
US-2016-131114,2016-12-09,4.356,2,0.8,-11.7612
US-2016-131114,2016-12-09,19.04,4,0.2,-1.428
CA-2014-160066,2014-11-16,5.22,2,0.0,2.4012
CA-2016-109925,2016-11-06,84.84,3,0.0,22.9068
CA-2015-160696,2015-09-06,7.24,5,0.2,1.1765
CA-2014-125171,2014-09-03,14.4,5,0.0,7.056
CA-2016-149279,2016-04-24,15.552,3,0.2,5.4432
CA-2016-149279,2016-04-24,1325.76,6,0.2,149.148
CA-2016-149279,2016-04-24,3.108,2,0.7,-2.1756
CA-2017-107321,2017-08-31,6.672,3,0.2,2.1684
CA-2017-107321,2017-08-31,689.408,4,0.2,77.5584
US-2017-122714,2017-12-07,1889.99,5,0.8,-2929.4845
CA-2015-153038,2015-12-18,55.936,8,0.2,18.8784
CA-2015-153038,2015-12-18,18.432,8,0.2,5.9904
CA-2015-153038,2015-12-18,20.32,5,0.2,3.556
CA-2014-132227,2014-11-04,52.064,4,0.2,18.8732
CA-2017-155824,2017-03-10,48.784,1,0.2,3.6588
CA-2017-155824,2017-03-10,13.092,4,0.7,-10.0372
CA-2016-129238,2016-01-31,109.592,1,0.2,8.2194
CA-2016-129238,2016-01-31,56.7,5,0.0,27.783
CA-2017-159688,2017-05-07,79.99,1,0.0,28.7964
CA-2016-136126,2016-05-24,69.5,5,0.0,20.155
CA-2016-136126,2016-05-24,191.6,4,0.0,91.968
CA-2016-155033,2016-10-07,10.56,2,0.0,5.0688
CA-2014-156006,2014-04-30,47.79,3,0.0,16.2486
CA-2015-158659,2015-11-10,714.3,5,0.0,207.147
CA-2015-169796,2015-11-09,2321.9,2,0.0,1114.512
CA-2015-169796,2015-11-09,17.94,3,0.0,3.0498
CA-2015-102876,2015-09-07,9.522,1,0.7,-6.9828
CA-2015-102876,2015-09-07,791.964,6,0.4,-131.994
CA-2015-102876,2015-09-07,4.923,3,0.7,-3.9384
US-2017-139647,2017-05-11,209.979,7,0.7,-356.9643
US-2017-160465,2017-07-21,33.93,3,0.7,-22.62
US-2017-160465,2017-07-21,222.32,7,0.2,25.011
US-2017-160465,2017-07-21,210.564,6,0.4,-52.641
CA-2014-153850,2014-11-24,35.168,7,0.2,9.6712
CA-2014-153850,2014-11-24,1502.376,4,0.4,-250.396
CA-2014-127558,2014-11-15,10.11,3,0.0,3.2352
CA-2014-127558,2014-11-15,772.47,3,0.0,146.7693
CA-2014-127558,2014-11-15,20.46,2,0.0,5.3196
CA-2017-136511,2017-03-23,347.58,3,0.0,17.379
CA-2016-133795,2016-12-18,72.64,2,0.0,21.792
CA-2016-133795,2016-12-18,772.47,3,0.0,146.7693
CA-2016-133795,2016-12-18,39.92,4,0.0,11.1776
US-2017-130953,2017-07-29,33.48,2,0.0,16.4052
US-2017-130953,2017-07-29,461.97,3,0.0,133.9713
US-2017-130953,2017-07-29,137.62,2,0.0,60.5528
US-2017-130953,2017-07-29,302.67,3,0.0,72.6408
CA-2014-151792,2014-09-02,239.976,3,0.2,53.9946
CA-2017-139304,2017-01-29,8.34,3,0.0,2.1684
CA-2017-139304,2017-01-29,8.57,1,0.0,2.2282
CA-2017-139304,2017-01-29,119.616,8,0.2,40.3704
CA-2016-155166,2016-12-26,212.94,3,0.0,25.5528
CA-2016-155166,2016-12-26,26.49,1,0.0,7.4172
CA-2015-103954,2015-08-09,687.4,5,0.0,48.118
CA-2014-169803,2014-04-06,653.55,3,0.0,111.1035
CA-2014-169803,2014-04-06,33.9,2,0.0,2.034
CA-2017-141719,2017-11-17,239.96,5,0.2,83.986
CA-2015-136469,2015-07-11,199.836,4,0.3,-37.1124
CA-2015-136469,2015-07-11,716.0,2,0.0,193.32
CA-2015-136469,2015-07-11,221.06,7,0.0,103.8982
CA-2016-158694,2016-11-10,67.71,3,0.0,32.5008
CA-2016-158694,2016-11-10,129.92,4,0.0,38.976
CA-2016-158694,2016-11-10,467.46,9,0.0,191.6586
CA-2016-158694,2016-11-10,61.4,5,0.0,28.858
CA-2016-158694,2016-11-10,720.76,4,0.0,187.3976
CA-2016-158694,2016-11-10,5.184,3,0.2,1.8144
CA-2016-158694,2016-11-10,14.7,5,0.0,3.969
US-2014-104759,2014-03-31,8.134,7,0.8,-13.8278
US-2014-104759,2014-03-31,79.984,2,0.2,13.9972
CA-2015-150511,2015-09-18,18.54,2,0.0,8.7138
CA-2015-134922,2015-11-07,24.4,2,0.2,7.93
US-2017-120607,2017-05-19,195.64,4,0.0,91.9508
CA-2015-141243,2015-01-03,398.4,5,0.2,84.66
CA-2015-141243,2015-01-03,7.056,3,0.2,0.7938
CA-2015-141243,2015-01-03,1352.3976,9,0.32,-437.5404
CA-2015-162166,2015-09-08,26.4,5,0.0,11.88
CA-2015-162166,2015-09-08,41.88,6,0.0,0.8376
CA-2016-120796,2016-04-03,99.846,9,0.7,-83.205
CA-2016-109722,2016-12-05,699.98,2,0.0,195.9944
CA-2016-109722,2016-12-05,584.82,9,0.0,70.1784
CA-2015-136798,2015-05-08,43.98,2,0.0,21.99
CA-2015-136798,2015-05-08,377.97,3,0.0,105.8316
CA-2015-136798,2015-05-08,123.96,3,0.0,11.1564
CA-2017-122196,2017-09-22,391.98,2,0.0,113.6742
CA-2017-142090,2017-11-30,383.976,3,0.2,81.5949
CA-2017-142090,2017-11-30,1781.682,7,0.4,-653.2834
CA-2017-160934,2017-01-15,21.4,5,0.0,6.206
CA-2014-124478,2014-08-08,549.99,1,0.0,274.995
CA-2014-124478,2014-08-08,167.535,3,0.1,37.23
CA-2014-124478,2014-08-08,38.34,3,0.0,17.253
CA-2014-124478,2014-08-08,53.88,6,0.0,22.6296
CA-2014-124478,2014-08-08,299.98,2,0.0,83.9944
CA-2015-145485,2015-11-05,62.8,4,0.0,15.7
CA-2017-151071,2017-04-25,13.904,2,0.2,4.5188
CA-2014-134572,2014-04-20,744.1,5,0.3,-95.67
CA-2014-134572,2014-04-20,44.84,5,0.2,5.605
CA-2014-134572,2014-04-20,401.59,2,0.3,-131.951
CA-2017-143217,2017-11-11,18.24,3,0.0,8.5728
US-2017-133312,2017-11-25,359.499,3,0.15,-29.6058
US-2017-133312,2017-11-25,10.48,1,0.0,2.8296
US-2015-137533,2015-12-18,20.736,4,0.2,7.2576
CA-2016-155138,2016-09-08,35.168,4,0.2,8.3524
CA-2016-155138,2016-09-08,64.704,3,0.2,23.4552
CA-2016-108350,2016-06-06,105.52,4,0.0,48.5392
CA-2015-144302,2015-06-19,5.792,2,0.8,-9.5568
CA-2015-109001,2015-03-05,466.158,7,0.4,-93.2316
CA-2015-109001,2015-03-05,10.312,1,0.2,-1.289
CA-2015-109001,2015-03-05,2.556,3,0.7,-1.7892
CA-2017-132738,2017-08-04,7.968,2,0.2,2.8884
CA-2017-132738,2017-08-04,8.784,1,0.2,3.1842
CA-2017-156720,2017-12-30,3.024,3,0.2,-0.6048
CA-2015-119102,2015-05-23,51.45,3,0.0,13.8915
US-2014-140452,2014-12-06,14.016,4,0.8,-31.536
US-2014-140452,2014-12-06,214.95,5,0.5,-120.372
US-2014-140452,2014-12-06,35.04,4,0.2,-7.008
US-2014-140452,2014-12-06,10.776,3,0.6,-4.8492
US-2014-140452,2014-12-06,4.6,2,0.8,-8.05
US-2014-140452,2014-12-06,35.168,2,0.2,-8.3524
CA-2015-141936,2015-08-07,19.152,3,0.2,6.4638
CA-2014-158442,2014-03-17,4.448,2,0.2,0.3336
CA-2014-158442,2014-03-17,5.184,1,0.2,1.8792
CA-2014-158442,2014-03-17,15.552,3,0.2,5.4432
CA-2015-167374,2015-03-26,40.032,6,0.2,12.51
CA-2015-167374,2015-03-26,16.776,3,0.2,5.0328
CA-2014-116568,2014-12-14,186.304,4,0.2,13.9728
CA-2015-147102,2015-09-19,66.36,4,0.0,23.226
CA-2017-132213,2017-04-25,42.048,9,0.2,5.256
CA-2017-132213,2017-04-25,67.92,5,0.2,6.792
CA-2014-138450,2014-10-18,52.512,6,0.2,19.692
CA-2014-138450,2014-10-18,186.912,6,0.2,-35.046
CA-2014-138450,2014-10-18,10.048,4,0.2,3.14
CA-2015-153073,2015-11-13,17.496,9,0.6,-7.4358
CA-2016-147970,2016-01-31,15.552,3,0.2,5.4432
CA-2016-150658,2016-11-17,10.776,3,0.2,3.3675
CA-2017-125640,2017-07-25,3.304,1,0.2,1.0738
CA-2017-154137,2017-11-11,35.48,1,0.0,0.0
CA-2015-127173,2015-09-26,34.44,3,0.0,16.1868
CA-2015-127173,2015-09-26,629.93,7,0.0,296.0671
CA-2015-127173,2015-09-26,79.056,9,0.2,28.6578
CA-2014-149538,2014-04-04,232.55,5,0.0,9.302
CA-2014-149538,2014-04-04,99.98,2,0.0,42.9914
CA-2014-149538,2014-04-04,19.44,3,0.0,9.3312
CA-2014-149538,2014-04-04,12.96,2,0.0,6.3504
CA-2014-160766,2014-09-14,464.292,9,0.4,-108.3348
CA-2014-160766,2014-09-14,68.46,7,0.0,31.4916
CA-2014-160766,2014-09-14,2799.96,4,0.0,1371.9804
CA-2014-160766,2014-09-14,601.3,2,0.0,198.429
CA-2014-160766,2014-09-14,16.99,1,0.0,4.4174
CA-2014-160766,2014-09-14,287.97,3,0.0,80.6316
CA-2014-160766,2014-09-14,44.82,9,0.0,21.0654
CA-2017-146626,2017-12-29,101.12,8,0.0,37.4144
CA-2015-123330,2015-06-21,107.976,3,0.2,37.7916
CA-2017-155607,2017-11-26,58.73,7,0.0,14.6825
CA-2017-155607,2017-11-26,93.344,4,0.2,32.6704
CA-2016-151323,2016-10-23,17.05,5,0.0,8.184
CA-2015-146696,2015-12-14,8.096,2,0.2,2.7324
CA-2016-128972,2016-11-13,30.36,4,0.0,13.0548
CA-2017-128335,2017-09-29,23.34,3,0.0,10.9698
CA-2017-128335,2017-09-29,51.55,5,0.0,24.2285
CA-2015-154886,2015-11-08,119.9,2,0.0,43.164
CA-2016-111213,2016-04-01,1317.492,6,0.1,292.776
CA-2016-111213,2016-04-01,63.84,8,0.0,18.5136
CA-2016-111213,2016-04-01,3.592,1,0.2,1.1225
CA-2017-161333,2017-02-02,86.26,2,0.0,29.3284
CA-2017-161333,2017-02-02,139.04,4,0.0,38.9312
CA-2017-161333,2017-02-02,46.8,4,0.0,16.38
CA-2017-128734,2017-12-24,8.544,4,0.2,1.9224
CA-2017-128734,2017-12-24,842.376,3,0.2,105.297
CA-2014-141796,2014-06-21,1214.85,3,0.0,352.3065
CA-2017-125101,2017-03-06,67.78,2,0.0,16.945
CA-2017-169929,2017-09-25,39.9,5,0.0,10.374
US-2014-121566,2014-06-30,2.688,1,0.2,0.84
US-2014-121566,2014-06-30,6.6,3,0.0,2.904
US-2015-124219,2015-08-07,28.4,4,0.0,13.064
US-2015-124219,2015-08-07,212.94,3,0.0,34.0704
CA-2017-163006,2017-06-30,1001.584,2,0.2,125.198
CA-2017-163006,2017-06-30,569.058,3,0.3,-178.8468
CA-2017-163006,2017-06-30,14.224,2,0.6,-10.3124
CA-2015-156146,2015-10-26,105.584,2,0.2,9.2386
CA-2015-156146,2015-10-26,68.72,2,0.2,-14.603
CA-2014-111192,2014-07-30,1367.84,8,0.0,259.8896
CA-2016-115378,2016-11-18,301.96,2,0.0,33.2156
CA-2015-161627,2015-07-06,170.352,3,0.2,-17.0352
CA-2014-121006,2014-11-10,3.9,2,0.0,1.521
CA-2014-121006,2014-11-10,12.84,3,0.0,5.778
CA-2014-121006,2014-11-10,15.84,3,0.0,7.128
CA-2014-121006,2014-11-10,563.94,3,0.0,112.788
CA-2014-121006,2014-11-10,62.94,3,0.0,11.9586
CA-2014-121006,2014-11-10,535.41,3,0.0,160.623
CA-2016-122903,2016-05-27,3504.9,5,0.0,700.98
CA-2016-122903,2016-05-27,144.12,3,0.0,69.1776
CA-2016-122903,2016-05-27,314.55,3,0.0,150.984
CA-2015-107741,2015-03-08,3.408,1,0.2,0.8946
CA-2017-106432,2017-10-19,2.072,2,0.8,-3.5224
CA-2017-106432,2017-10-19,328.3992,3,0.32,-91.7586
CA-2016-148908,2016-11-05,53.248,2,0.2,19.968
CA-2016-123015,2016-12-26,4.992,3,0.2,1.6848
US-2015-120502,2015-04-13,37.68,2,0.0,15.8256
US-2015-120502,2015-04-13,258.576,2,0.2,19.3932
US-2015-120502,2015-04-13,75.84,2,0.0,29.5776
CA-2017-108749,2017-09-12,45.36,7,0.0,21.7728
CA-2017-108749,2017-09-12,45.78,3,0.0,22.89
CA-2017-163335,2017-09-24,40.29,3,0.0,10.0725
CA-2017-163335,2017-09-24,38.71,7,0.0,17.8066
CA-2015-134719,2015-10-10,1801.632,6,0.2,-337.806
US-2015-154389,2015-11-27,748.752,8,0.4,-162.2296
CA-2015-115567,2015-09-13,199.96,4,0.0,15.9968
CA-2015-115567,2015-09-13,1516.2,7,0.0,394.212
US-2017-136679,2017-11-14,167.952,6,0.2,-27.2922
US-2017-136679,2017-11-14,45.04,2,0.2,4.504
US-2017-141943,2017-05-05,23.16,2,0.0,11.58
CA-2014-101560,2014-11-28,397.6,5,0.0,43.736
CA-2014-101560,2014-11-28,85.96,7,0.0,40.4012
CA-2014-101560,2014-11-28,13.12,4,0.0,4.3296
CA-2014-101560,2014-11-28,45.66,3,0.0,22.3734
CA-2014-159709,2014-05-10,158.13,3,0.0,77.4837
CA-2014-159709,2014-05-10,43.6,5,0.2,4.36
CA-2016-103982,2016-03-03,3930.072,3,0.2,-786.0144
CA-2016-103982,2016-03-03,2.304,1,0.2,0.7776
CA-2016-103982,2016-03-03,431.976,3,0.2,32.3982
CA-2016-103982,2016-03-03,41.72,7,0.2,5.7365
CA-2015-142454,2015-08-15,104.23,7,0.0,28.1421
CA-2015-142454,2015-08-15,70.26,3,0.0,18.9702
CA-2015-102015,2015-09-12,9.26,2,0.0,3.0558
CA-2015-102015,2015-09-12,105.98,2,0.0,4.2392
CA-2015-102015,2015-09-12,1.24,1,0.0,0.5828
CA-2015-102015,2015-09-12,20.7,2,0.0,9.936
CA-2015-102015,2015-09-12,28.9,5,0.0,14.161
CA-2015-102015,2015-09-12,27.18,1,0.0,12.7746
CA-2015-156755,2015-01-12,465.18,3,0.0,120.9468
CA-2015-130876,2015-05-12,36.63,3,0.0,9.8901
CA-2016-145898,2016-09-26,51.45,3,0.0,13.8915
CA-2016-145898,2016-09-26,7.83,3,0.0,3.6018
CA-2016-145898,2016-09-26,35.4,5,0.0,13.452
CA-2016-145898,2016-09-26,29.9,5,0.0,13.455
US-2017-159562,2017-09-09,17.48,2,0.0,8.2156
CA-2017-134635,2017-04-15,79.14,3,0.0,36.4044
CA-2017-167080,2017-06-10,8.4,5,0.0,4.2
CA-2017-145653,2017-09-01,498.26,7,0.0,134.5302
CA-2014-140487,2014-06-14,212.94,3,0.0,57.4938
CA-2017-117401,2017-05-18,706.86,7,0.0,197.9208
CA-2017-117401,2017-05-18,114.95,5,0.0,2.299
CA-2017-117401,2017-05-18,43.19,7,0.0,20.7312
US-2017-109582,2017-09-12,166.44,3,0.0,79.8912
CA-2016-119865,2016-06-21,36.56,5,0.2,12.796
CA-2016-119865,2016-06-21,186.144,6,0.2,60.4968
CA-2016-119865,2016-06-21,353.568,2,0.2,-44.196
US-2014-147648,2014-11-26,81.98,2,0.0,40.1702
CA-2017-124436,2017-03-19,14.624,2,0.2,5.1184
CA-2017-124436,2017-03-19,697.16,5,0.2,8.7145
CA-2017-124436,2017-03-19,30.93,1,0.0,12.6813
CA-2017-124436,2017-03-19,27.496,7,0.2,9.2799
CA-2014-115084,2014-10-18,605.34,6,0.0,145.2816
CA-2017-131037,2017-08-22,210.008,1,0.2,2.6251
CA-2016-111143,2016-11-19,54.96,3,0.0,15.9384
CA-2014-166744,2014-09-20,164.22,3,0.0,50.9082
CA-2014-166744,2014-09-20,362.94,3,0.0,36.294
CA-2014-166744,2014-09-20,59.98,2,0.0,26.3912
CA-2016-116561,2016-09-11,332.94,3,0.0,6.6588
CA-2016-116561,2016-09-11,39.872,2,0.2,12.9584
CA-2016-110730,2016-09-23,13.68,2,0.0,3.6936
CA-2017-146367,2017-08-04,3.318,3,0.8,-5.6406
CA-2016-149454,2016-07-25,10.44,1,0.0,4.8024
CA-2016-156265,2016-08-02,136.464,2,0.2,15.3522
CA-2016-156265,2016-08-02,333.576,3,0.2,33.3576
CA-2016-156265,2016-08-02,12.544,2,0.2,4.704
US-2015-168914,2015-05-21,20.768,8,0.8,-52.9584
US-2017-110989,2017-11-03,43.5,3,0.0,10.875
CA-2015-106215,2015-04-16,12.576,4,0.2,4.0872
US-2016-169369,2016-12-12,249.95,5,0.0,19.996
US-2016-169369,2016-12-12,49.12,4,0.0,23.0864
CA-2015-132318,2015-10-30,182.91,3,0.0,53.0439
US-2014-131982,2014-03-07,107.648,2,0.2,33.64
CA-2015-125185,2015-03-05,99.372,2,0.3,-7.098
CA-2015-125185,2015-03-05,33.568,2,0.2,-5.4548
CA-2016-130078,2016-08-08,10.56,2,0.0,4.752
US-2017-114034,2017-01-03,38.88,6,0.0,18.6624
US-2017-115595,2017-10-09,35.2,5,0.0,16.544
CA-2017-158722,2017-10-20,45.528,3,0.2,15.9348
CA-2014-105165,2014-09-07,196.776,3,0.2,14.7582
CA-2014-105165,2014-09-07,2.92,2,0.8,-4.818
CA-2014-105165,2014-09-07,200.795,1,0.3,-22.948
CA-2014-105165,2014-09-07,46.688,4,0.2,-2.918
CA-2014-105165,2014-09-07,21.864,3,0.2,3.5529
CA-2017-147452,2017-09-30,11.76,2,0.0,5.7624
CA-2017-147452,2017-09-30,167.94,3,0.0,82.2906
CA-2017-147452,2017-09-30,3.89,1,0.0,1.0114
US-2017-114657,2017-11-16,52.44,4,0.0,24.1224
CA-2017-144484,2017-09-11,32.36,4,0.0,11.6496
CA-2017-144484,2017-09-11,406.6,5,0.0,113.848
CA-2017-125913,2017-01-16,27.92,4,0.0,8.0968
CA-2017-125913,2017-01-16,399.672,7,0.2,-14.9877
US-2016-158309,2016-11-26,3.744,4,0.7,-2.6208
CA-2015-162887,2015-11-07,715.2,3,0.0,178.8
CA-2017-147333,2017-12-14,159.8,4,0.0,70.312
CA-2017-147333,2017-12-14,44.75,5,0.0,8.5025
CA-2014-113859,2014-09-13,340.116,6,0.3,-9.7176
CA-2014-159681,2014-12-07,105.52,4,0.0,48.5392
US-2017-104094,2017-09-07,13.48,1,0.0,1.8872
CA-2017-152709,2017-10-07,85.52,2,0.0,22.2352
CA-2015-105158,2015-09-05,6.16,2,0.0,2.9568
CA-2015-105158,2015-09-05,36.84,3,0.0,17.3148
CA-2014-133424,2014-03-30,15.84,3,0.0,0.0
CA-2014-133424,2014-03-30,44.4,3,0.0,22.2
CA-2017-105991,2017-05-05,21.24,9,0.2,7.434
CA-2017-105991,2017-05-05,9.552,8,0.7,-7.3232
CA-2017-105991,2017-05-05,89.991,3,0.7,-152.9847
US-2017-136784,2017-04-30,163.96,4,0.0,80.3404
CA-2014-146283,2014-09-08,17.904,2,0.2,6.2664
CA-2014-146283,2014-09-08,966.7,5,0.3,-13.81
CA-2014-146283,2014-09-08,182.112,6,0.2,61.4628
CA-2017-151218,2017-06-20,4.464,1,0.2,0.3348
CA-2015-111073,2015-12-26,51.588,1,0.4,-15.4764
CA-2017-144883,2017-08-15,50.4,8,0.0,23.184
CA-2017-142174,2017-03-04,89.568,2,0.2,32.4684
CA-2017-108791,2017-07-27,14.89,1,0.0,4.0203
CA-2017-108791,2017-07-27,543.92,8,0.0,135.98
CA-2016-106656,2016-09-23,4.08,2,0.0,1.9176
CA-2016-106656,2016-09-23,18.9,3,0.0,8.694
CA-2016-113831,2016-05-30,2275.5,10,0.0,386.835
CA-2016-113831,2016-05-30,1979.7,6,0.0,653.301
CA-2016-113831,2016-05-30,62.1,6,0.0,29.808
US-2014-139500,2014-11-16,37.296,2,0.3,-1.0656
US-2014-166310,2014-09-21,8.544,2,0.6,-7.476
US-2016-168410,2016-02-21,68.95,5,0.0,28.959
US-2016-168410,2016-02-21,296.37,3,0.0,80.0199
US-2016-168410,2016-02-21,39.98,2,0.0,1.999
CA-2017-131254,2017-11-19,191.058,3,0.3,-46.3998
CA-2017-131254,2017-11-19,13.04,5,0.2,3.912
CA-2017-131254,2017-11-19,1525.188,6,0.8,-2287.782
CA-2016-123414,2016-08-21,9.216,4,0.2,3.3408
CA-2016-123414,2016-08-21,28.048,2,0.2,3.506
CA-2017-137876,2017-04-30,64.96,2,0.0,21.4368
CA-2017-137876,2017-04-30,30.56,4,0.0,14.9744
CA-2016-154060,2016-05-02,187.056,9,0.2,11.691
US-2017-162558,2017-10-02,11.808,2,0.2,1.3284
US-2017-162558,2017-10-02,9.656,1,0.2,1.5691
US-2017-162558,2017-10-02,20.736,4,0.2,7.2576
US-2017-162558,2017-10-02,27.36,3,0.7,-21.888
US-2017-162558,2017-10-02,2314.116,7,0.4,-1002.7836
US-2017-162558,2017-10-02,34.236,4,0.7,-26.2476
US-2017-162558,2017-10-02,19.76,2,0.2,5.928
CA-2017-134439,2017-09-18,15.96,2,0.0,7.98
CA-2015-119508,2015-12-04,16.9,5,0.0,6.253
CA-2015-119508,2015-12-04,25.08,6,0.0,9.0288
CA-2015-152681,2015-01-17,6.68,2,0.0,2.004
CA-2014-130813,2014-01-06,19.44,3,0.0,9.3312
CA-2015-120320,2015-03-05,31.92,2,0.2,2.394
CA-2016-111941,2016-12-25,33.568,2,0.2,11.7488
CA-2016-123120,2016-09-04,63.94,1,0.0,24.9366
CA-2016-123120,2016-09-04,60.6,5,0.2,20.4525
CA-2016-123120,2016-09-04,22.72,4,0.0,6.5888
CA-2014-103331,2014-08-26,10.68,4,0.0,4.0584
CA-2014-103331,2014-08-26,17.34,3,0.0,8.4966
CA-2014-103331,2014-08-26,3.38,1,0.0,1.5548
CA-2015-169278,2015-05-21,26.976,4,0.2,8.7672
CA-2017-111577,2017-10-16,307.776,7,0.2,111.5688
CA-2015-146486,2015-11-09,244.55,5,0.0,4.891
CA-2015-146486,2015-11-09,12.24,6,0.0,5.7528
CA-2015-146486,2015-11-09,13.98,2,0.0,6.0114
CA-2015-146486,2015-11-09,899.95,5,0.0,53.997
US-2014-168501,2014-11-21,1.632,1,0.2,0.5508
US-2014-168501,2014-11-21,267.96,5,0.2,16.7475
CA-2015-112053,2015-10-11,31.95,1,0.0,2.2365
CA-2017-108539,2017-03-21,725.84,4,0.0,210.4936
CA-2017-108539,2017-03-21,10.896,3,0.2,3.9498
CA-2017-108539,2017-03-21,8.544,2,0.2,2.8836
CA-2015-149811,2015-01-04,32.34,3,0.0,15.5232
CA-2015-149811,2015-01-04,39.9,5,0.0,19.95
US-2017-103814,2017-12-09,143.856,9,0.2,48.5514
CA-2016-123932,2016-09-06,41.92,4,0.2,15.196
CA-2016-123932,2016-09-06,329.584,2,0.2,37.0782
US-2016-101616,2016-09-03,87.28,8,0.0,41.0216
CA-2014-113768,2014-05-13,279.456,6,0.2,20.9592
CA-2014-113768,2014-05-13,8.0,2,0.0,3.84
CA-2016-138037,2016-09-29,27.24,5,0.2,9.534
CA-2014-150490,2014-08-05,16.36,1,0.0,1.636
CA-2014-150490,2014-08-05,15.78,2,0.0,0.6312
CA-2014-150490,2014-08-05,45.98,2,0.0,12.8744
US-2017-126060,2017-04-14,198.272,8,0.2,-32.2192
CA-2017-100951,2017-06-09,720.76,5,0.2,54.057
CA-2016-122017,2016-12-29,70.56,6,0.0,23.9904
CA-2016-122017,2016-12-29,81.96,2,0.0,22.9488
CA-2014-123477,2014-01-18,64.864,4,0.2,6.4864
CA-2016-107790,2016-11-20,151.192,1,0.2,13.2293
CA-2017-158071,2017-06-10,88.776,3,0.2,7.7679
CA-2017-158071,2017-06-10,11.56,4,0.0,5.4332
CA-2017-158071,2017-06-10,15.58,1,0.0,3.895
CA-2017-147403,2017-09-10,85.056,3,0.2,28.7064
US-2017-136721,2017-04-08,273.96,2,0.0,71.2296
US-2017-136721,2017-04-08,306.9,3,0.0,79.794
CA-2015-118738,2015-10-24,15.552,3,0.2,5.4432
CA-2015-118738,2015-10-24,347.361,7,0.3,-69.4722
CA-2015-118738,2015-10-24,10.368,2,0.2,3.6288
CA-2017-134152,2017-05-27,98.16,6,0.0,9.816
CA-2017-134152,2017-05-27,31.44,3,0.0,7.86
CA-2014-125542,2014-12-05,348.488,7,0.2,117.6147
CA-2014-125542,2014-12-05,172.736,4,0.2,-30.2288
CA-2016-136021,2016-08-14,15.54,3,0.0,7.6146
CA-2016-136021,2016-08-14,105.552,6,0.2,35.6238
CA-2016-149195,2016-09-05,25.92,5,0.2,9.072
CA-2016-149195,2016-09-05,15.808,8,0.2,5.3352
CA-2016-149195,2016-09-05,10.368,2,0.2,3.7584
CA-2017-161410,2017-06-26,358.2,3,0.4,41.79
CA-2017-161410,2017-06-26,545.916,14,0.4,72.7888
CA-2017-152786,2017-03-12,40.41,9,0.0,18.5886
CA-2017-164707,2017-02-18,167.976,3,0.2,10.4985
CA-2017-164707,2017-02-18,109.53,3,0.0,47.0979
CA-2017-164707,2017-02-18,9.82,2,0.0,4.8118
CA-2017-163874,2017-11-10,26.352,3,0.2,9.5526
US-2014-123183,2014-11-19,22.5,6,0.0,10.8
US-2014-123183,2014-11-19,9.96,2,0.0,4.5816
US-2014-123183,2014-11-19,213.08,7,0.0,102.2784
US-2014-123183,2014-11-19,1025.88,6,0.0,235.9524
CA-2014-104829,2014-11-18,21.98,7,0.0,9.891
US-2016-147340,2016-09-24,63.2,5,0.0,23.384
CA-2016-145492,2016-11-20,39.0,12,0.0,11.31
CA-2016-163202,2016-09-27,2.907,3,0.7,-2.0349
CA-2016-117681,2016-04-09,556.665,5,0.15,6.549
CA-2017-132262,2017-09-21,71.98,2,0.0,15.1158
CA-2017-132262,2017-09-21,79.98,2,0.0,26.3934
CA-2017-123043,2017-08-24,24.672,4,0.2,7.71
CA-2017-123043,2017-08-24,3.744,1,0.2,1.3104
US-2016-143280,2016-02-22,445.96,5,0.2,55.745
US-2016-143280,2016-02-22,36.24,1,0.0,15.2208
US-2016-143280,2016-02-22,10.65,3,0.0,5.0055
CA-2017-108854,2017-12-08,87.92,4,0.0,40.4432
CA-2017-108854,2017-12-08,22.424,1,0.2,8.409
CA-2017-108854,2017-12-08,90.48,3,0.2,33.93
CA-2017-108854,2017-12-08,42.76,1,0.0,11.1176
CA-2017-166856,2017-09-18,10.08,7,0.2,3.528
CA-2017-166856,2017-09-18,101.34,3,0.0,8.1072
CA-2016-153157,2016-09-11,224.75,5,0.0,62.93
US-2017-125647,2017-09-23,73.176,6,0.8,-197.5752
US-2017-125647,2017-09-23,20.736,4,0.2,7.2576
US-2017-125647,2017-09-23,39.984,2,0.2,-8.9964
CA-2014-132542,2014-10-06,15.36,2,0.0,7.68
CA-2015-110877,2015-10-23,36.288,7,0.2,12.7008
CA-2015-110877,2015-10-23,150.384,2,0.2,15.0384
US-2016-151827,2016-03-31,280.782,3,0.4,-60.8361
US-2016-151827,2016-03-31,31.984,2,0.2,1.1994
US-2016-163258,2016-12-29,11.232,3,0.2,3.9312
CA-2017-103009,2017-11-03,26.4,5,0.0,11.88
US-2017-120649,2017-01-20,3.52,2,0.0,1.0208
CA-2016-153598,2016-12-03,1649.95,5,0.0,659.98
CA-2016-153598,2016-12-03,111.9,6,0.0,51.474
US-2016-108497,2016-06-14,599.165,5,0.15,35.245
CA-2016-113096,2016-09-02,46.53,3,0.0,12.0978
CA-2014-136861,2014-09-05,31.984,2,0.2,1.999
CA-2017-117422,2017-10-21,161.568,2,0.2,16.1568
CA-2017-117422,2017-10-21,4.064,1,0.2,1.3716
CA-2017-117422,2017-10-21,6.216,4,0.7,-4.9728
CA-2017-129707,2017-04-25,8.896,4,0.2,0.6672
CA-2015-160171,2015-10-19,1640.7,5,0.0,459.396
CA-2015-160171,2015-10-19,270.0,3,0.0,97.2
CA-2014-103317,2014-07-05,19.52,2,0.2,5.368
CA-2014-103317,2014-07-05,9.81,5,0.7,-6.867
CA-2014-103317,2014-07-05,213.216,3,0.2,15.9912
CA-2016-167115,2016-04-04,588.784,2,0.2,183.995
US-2017-153633,2017-11-13,2.064,1,0.2,0.1548
CA-2017-155929,2017-09-09,6.368,2,0.2,2.388
CA-2015-148712,2015-04-17,99.6,1,0.0,36.852
CA-2015-148712,2015-04-17,62.296,13,0.2,21.0249
CA-2015-148712,2015-04-17,10.71,3,0.0,2.7846
CA-2016-128307,2016-07-25,20.936,1,0.2,7.0659
US-2016-127425,2016-08-26,33.0,6,0.0,8.25
US-2016-127425,2016-08-26,249.95,5,0.0,87.4825
US-2014-119081,2014-09-12,357.93,3,0.0,7.1586
US-2014-119081,2014-09-12,57.4,5,0.0,10.906
US-2014-119081,2014-09-12,331.96,2,0.0,149.382
US-2014-119081,2014-09-12,40.56,2,0.0,12.9792
CA-2016-140613,2016-07-22,86.2,5,0.0,24.998
US-2017-108700,2017-05-19,38.016,6,0.2,13.7808
CA-2017-160962,2017-04-28,8.384,1,0.2,0.7336
CA-2017-160962,2017-04-28,6.848,2,0.2,0.7704
CA-2017-130631,2017-12-29,19.6,5,0.0,9.604
CA-2017-130631,2017-12-29,68.46,2,0.0,20.538
CA-2017-116680,2017-09-04,13.344,6,0.2,4.3368
CA-2017-116680,2017-09-04,1478.272,8,0.2,92.392
US-2014-107405,2014-03-21,16.272,1,0.2,-3.8646
CA-2017-101574,2017-09-28,9.24,3,0.0,4.4352
CA-2014-146591,2014-01-19,32.34,10,0.7,-23.716
CA-2014-146591,2014-01-19,56.064,4,0.2,19.6224
CA-2014-146591,2014-01-19,108.72,5,0.2,36.693
CA-2014-146591,2014-01-19,181.47,5,0.7,-320.597
CA-2014-107706,2014-02-14,16.176,3,0.2,6.066
CA-2016-122448,2016-06-09,122.352,3,0.2,13.7646
CA-2014-132451,2014-09-26,585.552,3,0.2,73.194
CA-2014-132451,2014-09-26,19.44,3,0.0,9.3312
CA-2016-158547,2016-05-30,123.92,5,0.2,9.294
CA-2017-116946,2017-12-19,13.36,5,0.2,4.008
CA-2017-116946,2017-12-19,78.256,2,0.2,-17.6076
CA-2017-116946,2017-12-19,102.018,7,0.7,-183.6324
CA-2017-121741,2017-12-26,750.68,2,0.0,37.534
CA-2017-169691,2017-06-15,44.4,3,0.0,22.2
CA-2017-169691,2017-06-15,84.55,5,0.0,22.8285
CA-2017-169691,2017-06-15,17.94,3,0.0,8.7906
CA-2016-121356,2016-11-20,128.4,3,0.0,62.916
CA-2014-101770,2014-03-31,1.869,1,0.7,-1.3083
CA-2017-105487,2017-10-08,103.192,1,0.2,11.6091
CA-2017-105487,2017-10-08,36.0,2,0.0,6.48
CA-2017-105487,2017-10-08,239.96,4,0.0,115.1808
CA-2017-105487,2017-10-08,40.68,2,0.0,0.4068
CA-2017-148999,2017-01-30,419.136,4,0.2,-68.1096
CA-2014-107573,2014-12-12,23.472,3,0.2,7.6284
CA-2015-156608,2015-10-24,3.592,4,0.8,-6.286
CA-2017-134495,2017-04-01,23.976,3,0.2,-5.6943
CA-2017-134495,2017-04-01,6.264,3,0.2,2.0358
CA-2017-134495,2017-04-01,20.808,3,0.2,1.8207
CA-2017-134495,2017-04-01,218.352,3,0.2,-19.1058
CA-2017-164098,2017-01-26,18.16,2,0.2,1.816
CA-2014-105249,2014-11-28,7.36,2,0.0,0.1472
CA-2014-105249,2014-11-28,41.4,4,0.0,19.872
CA-2014-105249,2014-11-28,411.332,4,0.15,-4.8392
CA-2015-113523,2015-09-04,7.656,4,0.7,-6.1248
CA-2017-117821,2017-06-12,63.92,2,0.2,19.176
CA-2017-164378,2017-07-15,6.56,2,0.0,1.9024
CA-2017-164378,2017-07-15,7.83,3,0.0,3.6018
CA-2017-164378,2017-07-15,41.9,2,0.0,8.799
CA-2017-164378,2017-07-15,664.146,6,0.1,88.5528
CA-2017-164378,2017-07-15,8.96,2,0.0,4.3904
CA-2017-127782,2017-11-02,3.312,1,0.2,0.6624
CA-2017-127782,2017-11-02,20.136,3,0.2,1.2585
CA-2017-127782,2017-11-02,8.856,3,0.2,2.8782
CA-2017-127782,2017-11-02,859.2,4,0.4,-186.16
US-2016-162026,2016-10-08,61.96,2,0.0,27.882
CA-2016-150000,2016-04-08,17.92,4,0.0,8.6016
CA-2015-168529,2015-10-08,145.9,5,0.0,62.737
US-2017-152569,2017-05-15,56.704,2,0.2,19.1376
US-2017-152569,2017-05-15,11.12,2,0.2,3.475
US-2014-137680,2014-02-24,32.896,4,0.2,11.1024
US-2014-137680,2014-02-24,22.776,3,0.2,7.6869
CA-2015-103177,2015-05-30,239.97,3,0.0,2.3997
CA-2015-103177,2015-05-30,160.32,2,0.0,44.8896
CA-2015-103177,2015-05-30,128.85,3,0.0,3.8655
US-2016-138408,2016-11-18,1319.96,4,0.0,527.984
CA-2017-117667,2017-12-04,239.96,10,0.3,-10.284
CA-2017-117667,2017-12-04,54.768,2,0.2,6.846
CA-2017-117667,2017-12-04,13.392,3,0.2,3.1806
CA-2017-117667,2017-12-04,23.92,5,0.2,8.671
CA-2017-117667,2017-12-04,255.968,4,0.2,-28.7964
CA-2016-110982,2016-06-05,21.552,6,0.2,7.0044
CA-2016-110982,2016-06-05,58.24,4,0.0,15.7248
CA-2016-147123,2016-12-10,80.28,12,0.0,36.9288
CA-2017-154501,2017-04-30,9.78,2,0.0,4.0098
CA-2017-166933,2017-04-24,1.81,1,0.0,0.6516
CA-2015-142055,2015-05-08,37.94,2,0.0,18.2112
CA-2015-137106,2015-03-31,79.96,5,0.2,27.986
CA-2017-136609,2017-08-06,115.296,3,0.2,40.3536
CA-2017-160885,2017-12-02,2479.96,4,0.0,743.988
US-2016-167472,2016-06-06,179.94,6,0.0,75.5748
US-2016-167472,2016-06-06,26.85,3,0.0,5.1015
US-2016-167472,2016-06-06,323.37,3,0.0,129.348
US-2016-167472,2016-06-06,59.94,3,0.0,28.1718
US-2016-167472,2016-06-06,64.14,3,0.0,30.7872
US-2016-167472,2016-06-06,11.67,3,0.0,5.6016
US-2016-167472,2016-06-06,12.96,2,0.0,6.2208
CA-2015-120551,2015-04-13,17.43,3,0.0,8.0178
US-2017-150595,2017-05-22,181.986,2,0.3,-54.5958
US-2017-150595,2017-05-22,1.592,2,0.8,-2.6268
US-2017-150595,2017-05-22,22.344,3,0.2,2.5137
CA-2016-134936,2016-12-19,455.97,6,0.5,-218.8656
CA-2016-134936,2016-12-19,10.44,6,0.7,-7.656
CA-2016-134936,2016-12-19,5.214,2,0.7,-4.1712
CA-2017-102967,2017-09-22,67.4,5,0.0,17.524
CA-2017-151008,2017-09-07,25.16,2,0.0,10.5672
CA-2017-151008,2017-09-07,126.56,4,0.2,47.46
CA-2014-159800,2014-11-28,43.68,3,0.0,11.7936
CA-2014-159800,2014-11-28,139.93,7,0.0,34.9825
US-2014-159618,2014-11-12,2.672,1,0.2,0.334
US-2014-159618,2014-11-12,16.656,6,0.2,-3.123
US-2014-159618,2014-11-12,79.512,3,0.2,20.8719
US-2014-159618,2014-11-12,36.288,7,0.2,12.7008
US-2014-159618,2014-11-12,67.9932,1,0.32,-12.9987
CA-2017-116113,2017-10-02,10.16,2,0.0,3.4544
CA-2015-125066,2015-12-14,6.16,2,0.0,1.9712
CA-2015-125066,2015-12-14,56.3,2,0.0,15.764
US-2015-114741,2015-12-06,6.48,1,0.0,3.1104
US-2015-114741,2015-12-06,1325.85,5,0.0,238.653
US-2015-114741,2015-12-06,14.94,3,0.0,6.8724
CA-2017-133263,2017-03-31,34.54,1,0.0,17.27
CA-2017-133263,2017-03-31,2999.95,5,0.0,1439.976
CA-2017-133263,2017-03-31,64.12,4,0.0,30.7776
CA-2017-157966,2017-03-13,19.456,4,0.2,2.1888
CA-2017-157966,2017-03-13,209.986,2,0.3,8.9994
CA-2017-157966,2017-03-13,29.76,5,0.2,1.86
CA-2017-157966,2017-03-13,89.768,1,0.3,-2.5648
CA-2017-157966,2017-03-13,959.984,2,0.2,335.9944
CA-2017-157966,2017-03-13,15.552,3,0.2,5.6376
CA-2017-157966,2017-03-13,34.36,1,0.2,-7.3015
CA-2014-151162,2014-12-05,98.376,3,0.2,35.6613
CA-2014-151162,2014-12-05,29.94,4,0.7,-23.952
CA-2014-151162,2014-12-05,17.472,3,0.2,5.6784
CA-2014-151162,2014-12-05,36.738,1,0.4,-9.1845
CA-2014-151162,2014-12-05,179.94,2,0.4,-44.985
CA-2016-136686,2016-12-12,383.64,6,0.0,122.7648
CA-2016-136686,2016-12-12,56.52,3,0.0,15.8256
CA-2017-137498,2017-09-09,6.56,2,0.0,1.9024
CA-2017-137498,2017-09-09,243.92,5,0.2,-15.245
CA-2017-137498,2017-09-09,47.52,9,0.0,22.8096
CA-2017-163818,2017-10-04,19.98,1,0.0,8.5914
CA-2016-161158,2016-05-09,8.0,5,0.0,3.44
CA-2014-116673,2014-12-15,6.16,2,0.0,1.9712
CA-2017-105333,2017-11-30,83.56,4,0.0,1.6712
CA-2017-105333,2017-11-30,546.06,3,0.0,163.818
CA-2017-105333,2017-11-30,269.49,3,0.0,5.3898
CA-2015-149993,2015-03-19,10.9,5,0.0,3.597
CA-2014-168158,2014-07-19,6.096,2,0.2,2.2098
CA-2016-115224,2016-12-08,34.05,3,0.0,9.534
CA-2016-115224,2016-12-08,352.38,2,0.0,81.0474
CA-2014-164742,2014-10-13,245.98,2,0.0,27.0578
CA-2014-164742,2014-10-13,18.94,1,0.0,9.47
US-2017-108014,2017-11-19,59.913,7,0.7,-45.9333
CA-2017-160325,2017-09-24,391.98,2,0.0,109.7544
CA-2017-160325,2017-09-24,437.85,3,0.0,131.355
CA-2015-159779,2015-09-25,68.62,2,0.0,32.2514
CA-2017-151176,2017-02-13,25.02,3,0.0,6.5052
CA-2017-151176,2017-02-13,10.71,3,0.0,2.7846
CA-2014-108903,2014-10-03,55.984,2,0.2,4.1988
CA-2014-108903,2014-10-03,14.48,5,0.2,4.887
CA-2014-108903,2014-10-03,142.488,3,0.2,-3.5622
CA-2016-117919,2016-08-27,14.16,1,0.2,1.062
CA-2016-117919,2016-08-27,79.92,5,0.2,27.972
CA-2015-142475,2015-12-03,590.352,6,0.2,206.6232
CA-2016-134516,2016-09-20,17.088,2,0.2,1.068
CA-2016-134516,2016-09-20,98.392,1,0.2,-11.0691
CA-2017-105193,2017-03-25,11.05,5,0.0,2.9835
CA-2015-168634,2015-12-06,7.78,2,0.0,2.0228
CA-2017-117198,2017-08-31,659.9,2,0.0,217.767
CA-2015-145828,2015-10-05,53.04,3,0.2,-4.641
CA-2017-121027,2017-08-18,843.9,2,0.0,371.316
CA-2017-121027,2017-08-18,1496.16,9,0.0,224.424
CA-2016-147431,2016-02-02,117.96,2,0.0,5.898
CA-2016-158001,2016-08-23,21.3,5,0.0,8.733
CA-2016-158001,2016-08-23,1040.8,5,0.0,281.016
CA-2016-158001,2016-08-23,29.34,6,0.0,7.9218
CA-2017-125745,2017-06-30,19.52,2,0.2,5.368
CA-2015-101154,2015-09-18,443.92,4,0.0,8.8784
US-2016-124163,2016-09-25,499.95,5,0.0,174.9825
US-2016-124163,2016-09-25,3.04,1,0.0,1.0336
US-2016-124163,2016-09-25,201.96,2,0.0,50.49
US-2016-124163,2016-09-25,68.64,11,0.0,17.16
CA-2016-121748,2016-10-24,100.0,4,0.0,21.0
CA-2016-121748,2016-10-24,359.98,2,0.0,21.5988
CA-2014-126683,2014-09-29,6.16,2,0.0,2.9568
CA-2014-126683,2014-09-29,2348.82,9,0.0,399.2994
CA-2017-148810,2017-06-26,13.872,6,0.2,4.6818
CA-2017-148810,2017-06-26,273.552,3,0.2,-13.6776
US-2016-146066,2016-08-21,815.292,9,0.4,-339.705
CA-2014-127614,2014-02-11,234.45,3,0.0,103.158
CA-2014-127614,2014-02-11,1256.22,6,0.0,75.3732
CA-2014-127614,2014-02-11,17.46,2,0.0,8.2062
CA-2016-101742,2016-09-23,10.528,7,0.2,3.6848
CA-2015-134943,2015-12-05,152.8,5,0.0,76.4
CA-2017-123022,2017-09-03,82.56,5,0.2,28.896
CA-2017-123022,2017-09-03,284.97,3,0.0,85.491
CA-2017-113208,2017-03-26,60.84,3,0.0,23.1192
CA-2014-154893,2014-12-21,1325.76,6,0.2,149.148
CA-2014-154893,2014-12-21,572.16,3,0.2,35.76
CA-2014-147900,2014-09-23,28.8,9,0.2,10.08
CA-2017-106355,2017-04-02,11.12,4,0.0,2.8912
CA-2016-127985,2016-04-01,7.04,4,0.0,3.0976
CA-2015-166604,2015-05-15,17.94,3,0.0,8.7906
CA-2017-120719,2017-03-23,34.76,5,0.2,11.297
CA-2017-127117,2017-04-14,74.45,5,0.0,20.1015
CA-2015-104241,2015-01-04,192.22,14,0.0,69.1992
CA-2017-168179,2017-11-02,19.44,3,0.0,9.3312
CA-2017-142342,2017-07-17,32.4,5,0.0,15.552
CA-2017-142342,2017-07-17,57.9,5,0.0,28.95
CA-2017-142342,2017-07-17,10.56,2,0.0,0.0
CA-2017-142342,2017-07-17,1194.165,5,0.15,210.735
CA-2017-109099,2017-10-06,40.99,1,0.0,20.0851
US-2014-134187,2014-11-04,2.94,1,0.0,0.7938
CA-2016-145261,2016-12-18,45.24,4,0.7,-30.16
CA-2016-145261,2016-12-18,18.688,4,0.2,2.336
CA-2016-145261,2016-12-18,11.648,2,0.2,3.7856
CA-2016-145261,2016-12-18,112.776,3,0.2,-8.4582
CA-2016-145261,2016-12-18,377.45,5,0.5,-264.215
CA-2016-145261,2016-12-18,15.936,4,0.2,5.1792
CA-2016-145261,2016-12-18,28.68,3,0.2,-7.17
CA-2016-108875,2016-09-24,21.44,2,0.2,7.504
CA-2016-108875,2016-09-24,511.056,9,0.2,-95.823
CA-2016-141957,2016-07-21,18.656,2,0.2,1.3992
CA-2016-141957,2016-07-21,11.088,7,0.7,-8.1312
CA-2016-141957,2016-07-21,66.688,1,0.2,4.168
CA-2016-141957,2016-07-21,99.488,2,0.2,8.7052
CA-2016-142405,2016-06-11,14.62,2,0.0,6.8714
CA-2016-142405,2016-06-11,53.984,14,0.2,17.5448
CA-2016-142405,2016-06-11,389.97,3,0.0,132.5898
CA-2015-141012,2015-06-09,355.36,4,0.0,92.3936
CA-2015-141012,2015-06-09,140.376,3,0.2,8.7735
CA-2017-127922,2017-10-27,15.84,2,0.2,5.544
CA-2017-127922,2017-10-27,8.448,2,0.2,2.64
CA-2016-146318,2016-01-22,12.96,2,0.0,6.2208
CA-2014-135993,2014-05-28,57.408,6,0.2,5.7408
CA-2014-135993,2014-05-28,27.6,4,0.0,2.208
CA-2014-126802,2014-12-29,38.976,3,0.6,-50.6688
CA-2016-143924,2016-07-28,20.44,7,0.0,9.198
CA-2016-143924,2016-07-28,109.92,2,0.0,53.8608
CA-2016-141551,2016-09-24,6.38,1,0.0,2.9348
CA-2016-141551,2016-09-24,6.48,1,0.0,3.1104
CA-2014-164315,2014-04-02,15.84,3,0.0,7.128
CA-2014-164315,2014-04-02,1049.93,7,0.0,293.9804
CA-2014-164315,2014-04-02,154.9,5,0.0,40.274
CA-2015-131072,2015-11-05,98.352,3,0.2,35.6526
CA-2014-131541,2014-07-28,14.32,5,0.2,5.191
CA-2014-131541,2014-07-28,129.888,6,0.2,12.9888
CA-2014-131541,2014-07-28,48.944,7,0.2,16.5186
CA-2015-119550,2015-12-26,275.058,3,0.3,-90.3762
US-2015-138093,2015-12-10,27.36,9,0.0,9.3024
US-2015-138093,2015-12-10,44.75,5,0.0,20.585
US-2015-138093,2015-12-10,134.99,1,0.0,36.4473
US-2015-138093,2015-12-10,26.4,5,0.0,12.672
US-2015-138093,2015-12-10,542.94,3,0.0,141.1644
CA-2016-126165,2016-05-05,71.088,2,0.2,-1.7772
CA-2017-126123,2017-10-14,27.396,9,0.8,-42.4638
CA-2017-126123,2017-10-14,13.456,1,0.8,-23.548
CA-2016-143441,2016-11-05,11.84,1,0.2,4.44
CA-2017-148320,2017-11-03,35.88,6,0.0,17.5812
CA-2016-125661,2016-11-24,40.752,3,0.2,15.282
CA-2016-125661,2016-11-24,139.96,5,0.2,-22.7435
US-2014-123519,2014-12-14,2.624,1,0.2,0.2952
US-2014-123519,2014-12-14,136.53,1,0.4,-52.3365
US-2014-123519,2014-12-14,263.96,1,0.2,42.8935
CA-2014-155593,2014-11-03,11.64,3,0.0,3.3756
CA-2017-136000,2017-09-22,40.176,3,0.2,14.5638
US-2015-160857,2015-05-08,79.44,3,0.0,30.1872
US-2015-160857,2015-05-08,357.93,3,0.0,7.1586
US-2015-160857,2015-05-08,127.764,2,0.1,21.294
US-2015-160857,2015-05-08,2799.944,7,0.2,1014.9797
US-2015-160857,2015-05-08,19.44,3,0.0,9.3312
CA-2017-115805,2017-07-31,36.792,1,0.2,4.1391
US-2014-143707,2014-03-01,5.94,3,0.0,1.6038
CA-2017-116939,2017-09-25,177.55,5,0.0,47.9385
CA-2015-124107,2015-10-09,619.95,5,0.0,111.591
CA-2015-124107,2015-10-09,29.16,3,0.0,8.4564
CA-2015-124107,2015-10-09,57.96,7,0.0,27.2412
CA-2015-124107,2015-10-09,29.403,3,0.1,5.2272
CA-2017-126550,2017-03-29,81.4,5,0.0,21.164
CA-2015-138674,2015-11-14,8.72,5,0.2,2.289
CA-2015-138674,2015-11-14,91.176,3,0.2,4.5588
CA-2015-138674,2015-11-14,159.968,4,0.2,29.994
CA-2016-165820,2016-09-26,12.96,2,0.0,6.2208
CA-2014-103191,2014-09-22,331.536,3,0.2,-82.884
CA-2015-103933,2015-09-25,899.91,9,0.0,395.9604
CA-2015-110548,2015-05-04,946.344,7,0.2,118.293
CA-2017-117324,2017-12-08,178.11,3,0.0,32.0598
CA-2017-117324,2017-12-08,1089.75,3,0.0,305.13
CA-2017-117324,2017-12-08,61.06,2,0.0,28.0876
CA-2017-117324,2017-12-08,459.92,4,0.0,41.3928
CA-2017-117324,2017-12-08,27.52,4,0.0,12.6592
CA-2017-143574,2017-06-29,638.82,9,0.0,185.2578
CA-2017-143574,2017-06-29,30.69,3,0.0,7.9794
CA-2017-143574,2017-06-29,25.16,2,0.0,8.5544
CA-2014-111773,2014-06-29,13.92,3,0.2,4.872
CA-2014-148614,2014-01-20,19.36,2,0.0,9.2928
CA-2014-148614,2014-01-20,19.3,2,0.0,5.79
CA-2017-156139,2016-12-31,38.376,3,0.2,13.4316
US-2017-147886,2017-03-28,12.96,2,0.0,6.3504
US-2017-147886,2017-03-28,26.48,1,0.0,10.0624
US-2017-147886,2017-03-28,532.72,2,0.2,53.272
US-2017-147886,2017-03-28,26.72,4,0.0,12.8256
US-2017-147886,2017-03-28,20.04,3,0.0,9.6192
US-2017-147886,2017-03-28,795.48,7,0.0,7.9548
US-2017-147886,2017-03-28,21.56,7,0.0,6.8992
CA-2016-113733,2016-12-08,249.584,2,0.2,31.198
CA-2016-113733,2016-12-08,68.112,3,0.2,17.8794
CA-2016-113733,2016-12-08,16.56,3,0.2,-2.484
CA-2017-104913,2017-11-18,74.95,5,0.0,36.7255
CA-2014-145800,2014-05-30,355.455,3,0.5,-184.8366
CA-2016-125850,2016-01-22,44.4,3,0.0,22.2
CA-2016-125850,2016-01-22,20.65,5,0.0,9.499
CA-2016-118514,2016-02-03,866.4,4,0.0,225.264
CA-2015-150749,2015-03-29,5.56,2,0.0,1.4456
CA-2014-163748,2014-10-14,3.16,4,0.8,-8.532
CA-2014-163748,2014-10-14,1999.96,5,0.2,624.9875
CA-2015-119634,2015-08-11,46.152,3,0.2,12.1149
CA-2015-149300,2015-11-22,32.985,3,0.5,-1.9791
US-2016-111528,2016-12-30,481.32,4,0.0,125.1432
US-2016-111528,2016-12-30,6.384,1,0.2,2.1546
CA-2017-158169,2017-08-12,542.94,3,0.0,152.0232
CA-2017-158169,2017-08-12,54.92,4,0.0,19.7712
CA-2015-162047,2015-11-03,1448.82,10,0.1,209.274
CA-2015-117772,2015-09-10,353.88,6,0.0,17.694
US-2014-126340,2014-11-08,333.576,3,0.2,25.0182
CA-2016-149685,2016-10-08,60.144,6,0.2,20.2986
CA-2017-126396,2017-09-08,85.2,6,0.2,20.235
CA-2015-154900,2015-02-25,3.15,1,0.0,1.512
CA-2015-154900,2015-02-25,22.72,4,0.0,10.224
CA-2015-103835,2015-09-24,14.91,3,0.0,4.6221
CA-2015-103835,2015-09-24,1158.12,4,0.0,335.8548
CA-2015-158939,2015-11-26,599.99,1,0.0,233.9961
CA-2016-117408,2016-08-31,23.968,2,0.2,2.3968
CA-2016-142398,2016-04-12,638.288,7,0.2,-31.9144
CA-2016-142398,2016-04-12,13.208,1,0.2,4.6228
CA-2016-105277,2016-12-04,15.528,3,0.2,5.823
CA-2016-112060,2016-12-04,104.85,1,0.0,50.328
CA-2014-105270,2014-11-11,30.48,3,0.0,7.9248
CA-2014-105270,2014-11-11,112.648,1,0.2,11.2648
US-2015-159513,2015-04-02,71.976,3,0.2,24.2919
CA-2015-155586,2015-12-12,2.21,1,0.0,0.5967
CA-2015-155586,2015-12-12,15.52,4,0.0,7.4496
CA-2015-155586,2015-12-12,36.44,4,0.0,16.398
CA-2017-141117,2017-10-02,217.764,6,0.7,-384.7164
CA-2017-141117,2017-10-02,39.072,6,0.2,4.3956
CA-2017-141117,2017-10-02,22.638,7,0.7,-16.6012
CA-2017-141117,2017-10-02,95.144,7,0.2,10.7037
CA-2017-115070,2017-04-10,12.32,5,0.2,1.848
CA-2017-115070,2017-04-10,4.419,3,0.7,-3.0933
CA-2017-140186,2017-09-29,35.0,7,0.0,16.8
CA-2017-140186,2017-09-29,72.784,1,0.2,0.0
CA-2017-140186,2017-09-29,97.84,2,0.0,25.4384
CA-2017-140186,2017-09-29,51.75,1,0.0,15.525
CA-2017-140186,2017-09-29,46.672,2,0.2,16.3352
CA-2014-124856,2014-09-29,1395.54,9,0.0,362.8404
CA-2014-124856,2014-09-29,117.36,4,0.0,36.3816
CA-2014-124856,2014-09-29,18.9,3,0.0,8.694
CA-2014-124856,2014-09-29,77.52,2,0.0,37.9848
CA-2014-166716,2014-08-20,421.372,2,0.3,-6.0196
CA-2014-123225,2014-07-11,575.968,4,0.2,43.1976
CA-2014-123225,2014-07-11,10.368,2,0.2,3.6288
CA-2015-163440,2015-03-22,15.984,2,0.2,1.1988
US-2017-106796,2017-05-12,10.272,3,0.2,1.1556
CA-2017-113873,2017-11-13,61.792,4,0.2,6.1792
CA-2017-113873,2017-11-13,205.9992,3,0.32,-27.2646
CA-2016-149783,2016-09-04,12.192,3,0.2,4.1148
CA-2016-149783,2016-09-04,87.168,2,0.2,8.7168
CA-2016-149783,2016-09-04,31.744,2,0.2,8.3328
CA-2016-125017,2016-02-06,132.224,4,0.2,-18.1808
US-2015-163279,2015-03-22,105.52,4,0.0,48.5392
US-2015-163279,2015-03-22,91.96,2,0.0,15.6332
US-2015-163279,2015-03-22,1487.976,3,0.2,185.997
CA-2015-150196,2015-07-02,19.44,3,0.0,9.3312
US-2015-106495,2015-06-15,11.672,1,0.2,-0.7295
CA-2014-124730,2014-11-26,279.96,4,0.0,78.3888
CA-2014-124730,2014-11-26,12.912,3,0.2,4.6806
CA-2014-124730,2014-11-26,17.088,4,0.2,5.7672
CA-2014-124730,2014-11-26,93.15,9,0.0,44.712
CA-2014-124730,2014-11-26,11.52,4,0.0,5.6448
CA-2017-117632,2017-05-12,238.62,2,0.0,4.7724
CA-2017-117632,2017-05-12,7.77,1,0.0,2.0979
CA-2017-117632,2017-05-12,285.48,5,0.2,-10.7055
CA-2017-117632,2017-05-12,19.168,4,0.2,6.4692
CA-2014-115056,2014-05-02,26.136,3,0.2,1.9602
CA-2017-161067,2017-09-03,419.4,4,0.0,201.312
CA-2017-161067,2017-09-03,90.801,1,0.1,14.1246
CA-2017-161067,2017-09-03,181.764,2,0.1,-8.0784
CA-2017-161067,2017-09-03,5.56,2,0.0,2.224
CA-2016-122063,2016-12-03,581.96,2,0.0,104.7528
CA-2016-122063,2016-12-03,29.98,1,0.0,8.0946
CA-2015-111206,2015-07-18,519.96,4,0.0,176.7864
CA-2016-142895,2016-07-21,6.264,3,0.2,2.0358
CA-2016-142895,2016-07-21,363.92,5,0.2,0.0
CA-2015-101868,2015-06-09,64.2,5,0.7,-42.8
CA-2015-101868,2015-06-09,38.52,3,0.7,-26.964
CA-2015-101868,2015-06-09,72.6,5,0.2,-8.1675
CA-2017-133207,2017-11-27,57.568,4,0.2,5.7568
CA-2015-132948,2015-03-27,83.7,5,0.0,3.348
CA-2015-134992,2015-09-22,32.4,5,0.0,15.552
CA-2015-134992,2015-09-22,47.98,2,0.0,11.0354
CA-2015-126725,2015-11-17,415.968,4,0.2,51.996
CA-2015-126725,2015-11-17,304.9,5,0.0,6.098
CA-2015-126725,2015-11-17,80.96,4,0.0,29.1456
CA-2015-126725,2015-11-17,777.21,7,0.0,54.4047
CA-2015-126725,2015-11-17,32.4,5,0.0,15.552
CA-2015-126725,2015-11-17,225.568,2,0.2,2.8196
CA-2015-126725,2015-11-17,36.6,3,0.0,15.372
CA-2015-121783,2015-11-10,715.64,2,0.0,178.91
CA-2015-121783,2015-11-10,795.51,3,0.0,143.1918
CA-2015-121783,2015-11-10,549.99,1,0.0,274.995
CA-2015-121783,2015-11-10,74.76,3,0.0,34.3896
CA-2015-121783,2015-11-10,29.22,3,0.0,12.8568
US-2014-138835,2014-09-10,9.64,2,0.0,4.7236
CA-2015-112214,2015-08-05,33.488,7,0.2,-1.2558
CA-2015-112214,2015-08-05,23.04,3,0.2,-4.896
CA-2015-112214,2015-08-05,1.362,1,0.8,-2.1792
CA-2015-112214,2015-08-05,14.76,5,0.6,-11.439
US-2017-153255,2017-09-03,239.666,2,0.15,14.098
CA-2015-108119,2015-11-01,301.96,2,0.0,45.294
CA-2015-157434,2015-04-29,7.968,2,0.2,2.8884
CA-2016-101525,2016-05-01,109.92,2,0.0,53.8608
CA-2016-101525,2016-05-01,19.44,3,0.0,9.3312
CA-2016-101525,2016-05-01,11.16,2,0.0,4.3524
US-2014-117968,2014-08-05,79.47,3,0.0,22.2516
US-2014-117968,2014-08-05,4.56,2,0.0,2.0064
US-2014-117968,2014-08-05,1133.35,5,0.0,294.671
CA-2016-158211,2016-01-04,4.672,1,0.2,0.584
CA-2016-158211,2016-01-04,104.58,6,0.7,-80.178
CA-2016-152247,2016-11-07,1603.136,4,0.2,100.196
CA-2016-128223,2016-06-14,1293.488,7,0.2,80.843
CA-2016-154235,2016-09-24,127.95,3,0.0,21.7515
CA-2017-129910,2017-03-30,59.76,1,0.0,16.7328
CA-2017-133095,2017-06-04,108.08,7,0.0,54.04
CA-2017-133095,2017-06-04,9.54,3,0.0,4.3884
CA-2015-130554,2015-04-07,11.736,3,0.2,1.0269
CA-2014-152443,2014-05-21,447.86,7,0.0,219.4514
CA-2014-152443,2014-05-21,17.94,3,0.0,8.7906
CA-2014-152443,2014-05-21,245.88,6,0.0,68.8464
CA-2016-133319,2016-09-05,192.16,4,0.0,92.2368
CA-2016-133935,2016-09-18,801.568,2,0.2,50.098
CA-2016-133935,2016-09-18,368.91,9,0.0,180.7659
CA-2016-133935,2016-09-18,885.528,9,0.2,-99.6219
CA-2016-136301,2016-03-13,28.28,2,0.0,7.3528
CA-2016-136301,2016-03-13,4912.59,3,0.0,196.5036
US-2014-109456,2014-10-16,14.352,3,0.2,5.0232
US-2014-109456,2014-10-16,179.97,3,0.0,86.3856
CA-2017-151596,2017-10-08,42.76,1,0.0,11.1176
CA-2015-147879,2015-05-07,45.68,2,0.0,21.0128
CA-2016-166625,2016-04-14,25.06,2,0.0,11.7782
CA-2016-146157,2016-11-21,38.432,1,0.2,13.4512
CA-2016-146157,2016-11-21,21.568,2,0.2,1.6176
CA-2016-146157,2016-11-21,81.576,3,0.2,2.0394
CA-2017-159954,2017-09-10,2.78,1,0.0,1.3622
CA-2017-100825,2017-09-09,99.87,3,0.0,23.9688
CA-2014-168305,2014-11-01,44.4,3,0.0,22.2
CA-2014-168305,2014-11-01,21.4,5,0.0,9.63
CA-2016-167682,2016-04-03,71.12,4,0.0,22.0472
CA-2016-167682,2016-04-03,259.96,4,0.0,124.7808
CA-2017-108000,2017-01-12,9.78,1,0.0,4.89
CA-2015-146465,2015-11-20,24.192,9,0.2,7.56
CA-2016-159639,2016-11-27,31.56,3,0.0,10.4148
US-2017-153948,2017-11-06,59.94,3,0.0,28.1718
US-2017-153948,2017-11-06,45.36,4,0.0,22.2264
US-2017-153948,2017-11-06,26.4,5,0.0,12.672
US-2017-153948,2017-11-06,41.4,4,0.0,19.872
US-2017-153948,2017-11-06,16.95,1,0.0,1.017
US-2016-113985,2016-12-02,24.704,2,0.2,9.264
US-2016-113985,2016-12-02,59.7,3,0.0,26.865
US-2016-113985,2016-12-02,14.52,3,0.0,5.6628
US-2016-113985,2016-12-02,104.184,3,0.2,33.8598
CA-2016-155383,2016-12-17,46.53,3,0.0,13.0284
CA-2014-120432,2014-08-24,25.5,3,0.0,6.63
US-2015-126977,2015-09-17,14.9,5,0.0,1.043
US-2015-126977,2015-09-17,87.71,7,0.0,41.2237
US-2015-126977,2015-09-17,199.764,2,0.1,8.8784
US-2015-126977,2015-09-17,94.6,4,0.0,27.434
US-2015-126977,2015-09-17,4228.704,6,0.2,158.5764
US-2015-126977,2015-09-17,2003.92,5,0.2,-25.049
US-2015-126977,2015-09-17,209.97,3,0.0,58.7916
US-2015-126977,2015-09-17,659.9,2,0.0,217.767
US-2015-126977,2015-09-17,110.96,2,0.0,53.2608
US-2015-126977,2015-09-17,67.8,4,0.0,1.356
CA-2016-130288,2016-11-26,313.176,2,0.4,-120.0508
CA-2017-146458,2017-11-19,22.96,7,0.0,6.6584
CA-2017-150420,2017-06-03,1099.5,10,0.0,362.835
US-2014-118997,2014-04-08,1215.92,8,0.0,316.1392
CA-2014-114314,2014-10-11,7.31,1,0.0,3.4357
CA-2014-114314,2014-10-11,8.92,4,0.0,3.9248
US-2017-169551,2017-07-07,87.21,3,0.5,-45.3492
US-2017-169551,2017-07-07,15.552,3,0.2,5.4432
US-2017-169551,2017-07-07,683.988,2,0.4,-113.998
US-2017-169551,2017-07-07,13.392,3,0.2,1.0044
US-2017-169551,2017-07-07,16.776,3,0.2,4.8231
US-2017-169551,2017-07-07,527.92,2,0.2,85.787
CA-2016-103107,2016-07-04,25.4,5,0.0,8.636
CA-2016-103107,2016-07-04,177.48,3,0.2,19.9665
CA-2016-103107,2016-07-04,71.976,3,0.2,8.997
CA-2017-122077,2017-05-19,95.992,1,0.2,9.5992
CA-2017-122077,2017-05-19,13.216,4,0.2,4.2952
CA-2017-112431,2017-10-12,435.84,12,0.0,130.752
CA-2017-112431,2017-10-12,5.88,2,0.0,1.5876
CA-2016-151092,2016-08-06,211.168,4,0.2,18.4772
CA-2014-104178,2014-08-25,6.28,1,0.0,2.6376
CA-2014-104178,2014-08-25,95.1,5,0.0,30.432
CA-2014-104178,2014-08-25,25.92,4,0.0,12.4416
CA-2014-104178,2014-08-25,48.84,4,0.0,13.1868
CA-2015-115924,2015-09-14,25.9,5,0.0,12.691
CA-2017-161046,2017-03-05,42.68,4,0.0,19.6328
CA-2017-161046,2017-03-05,299.97,3,0.0,125.9874
CA-2017-161046,2017-03-05,262.24,2,0.0,78.672
CA-2017-161046,2017-03-05,234.36,6,0.0,112.4928
US-2017-141698,2017-04-15,20.736,4,0.2,7.2576
US-2014-105151,2014-03-30,10.5,5,0.0,2.94
CA-2014-155796,2014-11-11,23.968,2,0.2,7.7896
CA-2014-155796,2014-11-11,521.96,4,0.5,-250.5408
CA-2016-127138,2016-03-12,676.55,5,0.0,6.7655
CA-2016-127138,2016-03-12,154.9,5,0.0,40.274
CA-2016-127138,2016-03-12,30.56,4,0.0,14.9744
CA-2016-127138,2016-03-12,770.352,3,0.2,77.0352
CA-2017-150602,2017-02-09,21.12,4,0.0,6.5472
CA-2014-140732,2014-11-11,575.928,9,0.2,57.5928
CA-2014-140732,2014-11-11,7.78,2,0.0,2.0228
CA-2014-140732,2014-11-11,123.92,4,0.0,55.764
CA-2017-119011,2017-08-20,17.22,3,0.0,5.166
CA-2017-119011,2017-08-20,226.56,6,0.0,63.4368
CA-2017-119011,2017-08-20,107.88,3,0.2,10.788
CA-2016-166912,2016-01-15,81.98,2,0.0,40.1702
CA-2014-141726,2014-07-20,104.85,1,0.0,50.328
CA-2014-141726,2014-07-20,8.704,2,0.2,3.1552
CA-2014-141726,2014-07-20,19.92,4,0.0,9.7608
CA-2014-141726,2014-07-20,43.02,3,0.0,15.4872
CA-2017-115105,2017-02-06,240.784,1,0.2,30.098
CA-2015-143980,2015-12-25,414.96,2,0.0,124.488
CA-2016-135636,2016-10-08,387.72,5,0.2,-67.851
CA-2017-102155,2017-07-13,360.38,2,0.0,93.6988
CA-2017-102155,2017-07-13,13.56,2,0.0,6.2376
CA-2017-116953,2017-04-24,552.0,10,0.2,34.5
CA-2014-117765,2014-09-07,429.9,5,0.0,111.774
CA-2014-117765,2014-09-07,32.06,2,0.0,15.3888
CA-2014-117765,2014-09-07,161.96,2,0.0,45.3488
CA-2014-117765,2014-09-07,19.86,2,0.0,5.7594
CA-2016-114895,2016-11-21,12.96,2,0.0,6.3504
CA-2017-112984,2017-09-16,20.544,6,0.2,6.42
CA-2016-163776,2016-07-19,185.58,6,0.0,76.0878
CA-2016-163776,2016-07-19,77.56,2,0.0,35.6776
CA-2016-163776,2016-07-19,87.92,4,0.0,0.8792
CA-2016-163776,2016-07-19,245.94,6,0.0,120.5106
CA-2016-163776,2016-07-19,8.6,1,0.0,4.042
CA-2016-163776,2016-07-19,504.9,5,0.0,126.225
US-2017-163300,2017-09-15,2357.488,7,0.2,884.058
US-2017-163300,2017-09-15,369.544,7,0.2,32.3351
US-2017-163300,2017-09-15,184.752,3,0.2,-20.7846
CA-2016-162187,2016-12-11,64.96,5,0.2,-4.06
CA-2016-162187,2016-12-11,13.52,2,0.2,1.69
CA-2016-162187,2016-12-11,458.43,5,0.3,-137.529
CA-2016-162187,2016-12-11,387.136,4,0.2,24.196
CA-2016-162187,2016-12-11,328.59,3,0.4,-147.8655
US-2014-112991,2014-12-10,338.352,3,0.2,4.2294
US-2014-112991,2014-12-10,25.92,4,0.0,12.4416
US-2014-112991,2014-12-10,91.36,4,0.0,42.0256
CA-2014-124079,2014-12-13,87.96,3,0.2,7.6965
CA-2014-124079,2014-12-13,5.214,2,0.7,-4.1712
US-2017-146878,2017-09-21,12.294,1,0.7,-8.6058
CA-2017-107244,2017-09-07,19.76,4,0.0,8.2992
CA-2015-100657,2015-11-02,109.764,2,0.1,8.5372
CA-2017-129581,2017-12-11,128.85,3,0.0,3.8655
CA-2017-129028,2017-04-01,127.95,3,0.0,21.7515
CA-2015-135580,2015-12-30,68.52,3,0.0,31.5192
CA-2015-135580,2015-12-30,74.94,3,0.0,14.2386
CA-2015-135580,2015-12-30,2548.56,6,0.2,286.713
CA-2015-135580,2015-12-30,271.44,3,0.0,122.148
CA-2015-135580,2015-12-30,287.88,3,0.2,35.985
CA-2016-159016,2016-03-10,14.9,5,0.0,7.152
CA-2016-159016,2016-03-10,4158.912,8,0.2,363.9048
CA-2014-102652,2014-04-06,91.96,2,0.0,15.6332
CA-2014-102652,2014-04-06,33.11,7,0.0,12.9129
CA-2014-102652,2014-04-06,19.44,3,0.0,9.3312
CA-2014-102652,2014-04-06,55.48,1,0.0,26.6304
CA-2014-152422,2014-10-05,91.92,5,0.2,11.49
US-2016-156692,2016-08-13,17.34,2,0.0,4.6818
US-2016-156692,2016-08-13,71.98,2,0.0,15.1158
CA-2014-130869,2014-11-17,7.08,3,0.2,2.478
US-2017-128832,2017-04-24,69.98,2,0.0,4.8986
CA-2017-139717,2017-08-24,646.272,8,0.2,64.6272
CA-2017-139717,2017-08-24,10.368,2,0.2,3.7584
CA-2017-136007,2017-02-23,8.4,5,0.0,0.336
CA-2017-136007,2017-02-23,71.96,5,0.2,25.186
CA-2016-157364,2016-11-19,18.48,2,0.2,6.006
US-2016-112970,2016-11-14,9.84,3,0.0,2.8536
US-2017-152492,2017-07-06,239.24,1,0.2,23.924
CA-2016-101168,2016-12-25,21.12,4,0.0,6.5472
CA-2017-104010,2017-04-23,54.9,5,0.0,15.372
CA-2015-130253,2015-12-14,15.24,3,0.0,5.1816
US-2015-155369,2015-04-19,19.568,2,0.8,-52.8336
US-2015-155369,2015-04-19,310.392,4,0.8,-512.1468
CA-2016-131205,2016-09-04,42.6,3,0.0,16.614
CA-2016-131205,2016-09-04,113.94,6,0.0,54.6912
CA-2016-131205,2016-09-04,129.92,4,0.0,5.1968
CA-2016-131205,2016-09-04,5.28,3,0.0,2.5344
CA-2017-122364,2017-09-24,859.2,3,0.2,75.18
CA-2017-122364,2017-09-24,506.28,3,0.2,177.198
CA-2016-117912,2016-02-04,14.368,2,0.2,3.9512
CA-2017-145702,2017-05-19,314.352,3,0.2,-35.3646
CA-2017-145702,2017-05-19,27.888,7,0.2,10.1094
CA-2015-113215,2015-09-03,238.152,3,0.2,89.307
CA-2016-154662,2016-06-09,692.94,3,0.0,173.235
CA-2015-105571,2015-11-07,16.146,9,0.7,-12.9168
CA-2015-105571,2015-11-07,1345.485,5,0.7,-1031.5385
CA-2016-152765,2016-06-15,173.488,7,0.2,54.215
CA-2015-153878,2015-04-25,57.75,5,0.0,16.17
CA-2015-153878,2015-04-25,272.4,5,0.0,76.272
CA-2016-124016,2016-09-23,11.952,3,0.2,4.0338
CA-2016-124016,2016-09-23,28.0,4,0.2,7.7
CA-2016-124016,2016-09-23,12.201,7,0.7,-9.7608
CA-2016-113551,2016-08-18,2.068,1,0.8,-3.4122
CA-2016-113551,2016-08-18,83.84,8,0.2,30.392
CA-2014-107524,2014-03-02,11.36,2,0.0,5.3392
CA-2014-107524,2014-03-02,36.4,5,0.0,17.472
CA-2014-138072,2014-12-30,27.968,2,0.2,6.992
CA-2015-134201,2015-04-10,142.04,4,0.0,38.3508
CA-2015-134201,2015-04-10,14.67,3,0.0,6.0147
CA-2015-111780,2015-12-25,1199.96,5,0.2,224.9925
CA-2015-111780,2015-12-25,12.6,3,0.0,6.174
CA-2015-111780,2015-12-25,17.94,3,0.0,8.073
CA-2015-119942,2015-04-05,23.904,6,0.2,7.7688
CA-2015-151547,2015-01-17,88.96,8,0.2,10.008
CA-2017-166695,2017-05-20,518.272,8,0.2,-97.176
CA-2017-166695,2017-05-20,6.98,1,0.0,3.3504
CA-2017-166695,2017-05-20,343.2,1,0.2,38.61
CA-2017-167542,2017-08-13,17.544,3,0.2,5.9211
CA-2015-120901,2015-12-31,152.688,2,0.2,-26.7204
CA-2015-120901,2015-12-31,3.488,2,0.2,0.5668
CA-2015-120901,2015-12-31,5.888,2,0.2,-1.3248
CA-2017-121398,2017-12-25,153.552,3,0.2,51.8238
CA-2017-121398,2017-12-25,270.62,2,0.0,2.7062
CA-2016-151561,2016-09-01,468.9,6,0.0,206.316
CA-2016-151561,2016-09-01,72.48,2,0.0,30.4416
CA-2016-151561,2016-09-01,10.95,3,0.0,3.285
CA-2016-151561,2016-09-01,191.82,3,0.0,61.3824
CA-2017-154676,2017-08-05,151.056,9,0.2,7.5528
US-2014-165589,2014-02-18,25.16,5,0.6,-11.322
US-2016-132577,2016-11-22,6.216,6,0.8,-9.6348
US-2016-132577,2016-11-22,23.616,9,0.2,2.6568
US-2016-132577,2016-11-22,24.032,2,0.2,-0.6008
US-2016-132577,2016-11-22,2.088,1,0.2,0.6786
US-2016-132577,2016-11-22,4.488,6,0.8,-6.732
CA-2015-114048,2015-12-14,29.22,3,0.0,12.8568
CA-2015-137281,2015-06-13,6.48,1,0.0,3.1104
US-2017-162068,2017-12-28,1.188,2,0.7,-0.99
CA-2017-100111,2017-09-20,272.646,3,0.1,18.1764
CA-2017-100111,2017-09-20,212.8,2,0.0,95.76
CA-2017-100111,2017-09-20,38.52,9,0.0,18.1044
CA-2017-100111,2017-09-20,72.64,2,0.0,21.792
CA-2017-100111,2017-09-20,45.4,4,0.0,12.712
CA-2017-100111,2017-09-20,13.76,2,0.0,6.3296
CA-2017-100111,2017-09-20,80.991,1,0.1,8.0991
CA-2017-100111,2017-09-20,11.784,3,0.2,3.9771
CA-2017-100111,2017-09-20,4.36,2,0.0,1.7876
CA-2017-100111,2017-09-20,2888.127,11,0.1,609.7157
CA-2017-100111,2017-09-20,1299.66,2,0.0,350.9082
CA-2017-100111,2017-09-20,2254.41,5,0.1,375.735
CA-2017-100111,2017-09-20,104.85,3,0.0,28.3095
CA-2017-100111,2017-09-20,59.97,3,0.0,20.3898
US-2017-132381,2017-08-22,314.532,2,0.4,-83.8752
CA-2015-147011,2015-06-18,13.632,4,0.2,3.5784
CA-2014-120852,2014-12-20,19.432,2,0.8,-49.5516
CA-2014-120852,2014-12-20,65.44,5,0.2,-8.18
CA-2016-150007,2016-09-11,6.0,2,0.2,2.1
CA-2016-150007,2016-09-11,1.908,3,0.8,-3.2436
CA-2016-124590,2016-11-12,1474.802,7,0.3,-21.0686
CA-2016-124590,2016-11-12,110.096,2,0.2,33.0288
CA-2016-124590,2016-11-12,16.752,6,0.2,5.4444
CA-2016-124590,2016-11-12,1537.074,9,0.3,0.0
CA-2016-124590,2016-11-12,449.372,2,0.3,-12.8392
CA-2016-133802,2016-03-14,41.904,6,0.2,14.1426
US-2016-113677,2016-11-13,2279.96,4,0.0,592.7896
US-2016-113677,2016-11-13,14.94,3,0.0,6.8724
CA-2017-143378,2017-09-19,191.976,3,0.2,19.1976
CA-2017-143378,2017-09-19,23.832,3,0.2,6.5538
CA-2017-143378,2017-09-19,409.216,8,0.2,61.3824
CA-2017-143378,2017-09-19,72.588,2,0.7,-128.2388
CA-2017-152660,2017-12-04,61.568,2,0.2,4.6176
CA-2015-142139,2015-08-31,20.96,4,0.2,6.812
CA-2017-145772,2017-06-03,44.75,5,0.0,8.5025
CA-2017-145772,2017-06-03,11.96,2,0.0,5.382
CA-2017-145772,2017-06-03,3.912,1,0.2,1.2714
CA-2016-124100,2016-03-31,327.996,6,0.1,54.666
US-2014-158400,2014-10-25,49.408,4,0.2,18.528
CA-2017-162033,2017-03-26,53.25,3,0.0,20.7675
CA-2017-162033,2017-03-26,3.76,2,0.0,1.316
CA-2014-163447,2014-12-27,767.214,14,0.1,161.9674
CA-2017-145737,2017-09-15,163.96,5,0.2,59.4355
CA-2016-148096,2016-08-16,161.28,2,0.2,12.096
CA-2016-146766,2016-11-04,192.8,4,0.0,55.912
CA-2015-105613,2015-10-18,27.696,3,0.2,3.462
CA-2015-105613,2015-10-18,73.164,6,0.8,-186.5682
US-2016-142251,2016-10-31,32.064,6,0.2,11.2224
CA-2014-131247,2014-03-30,205.666,2,0.15,-12.098
US-2015-113593,2015-04-18,115.44,3,0.0,30.0144
CA-2017-121083,2017-07-09,274.8,5,0.0,134.652
CA-2017-121083,2017-07-09,195.64,4,0.0,3.9128
CA-2017-121083,2017-07-09,257.98,2,0.0,74.8142
CA-2017-121083,2017-07-09,119.04,6,0.0,48.8064
CA-2017-151190,2017-06-27,20.07,3,0.0,9.2322
CA-2014-133543,2014-12-22,11.76,4,0.0,3.1752
CA-2017-105130,2017-11-21,11.76,4,0.0,3.1752
CA-2017-105130,2017-11-21,40.736,2,0.2,14.7668
CA-2016-161928,2016-06-27,201.584,2,0.2,12.599
CA-2017-101322,2017-12-28,340.704,6,0.2,-34.0704
US-2016-106600,2016-04-08,354.9,5,0.0,88.725
CA-2014-111871,2014-03-18,1198.33,10,0.15,70.49
CA-2017-139437,2017-07-03,87.92,4,0.0,0.8792
CA-2017-151484,2017-04-20,51.968,2,0.2,10.3936
CA-2017-151484,2017-04-20,51.336,3,0.2,5.7753
CA-2017-151484,2017-04-20,332.704,1,0.2,33.2704
CA-2017-151484,2017-04-20,42.408,3,0.2,9.5418
CA-2016-104150,2016-08-03,81.54,3,0.0,38.3238
CA-2016-104150,2016-08-03,167.28,12,0.0,23.4192
CA-2016-161025,2016-12-03,772.68,4,0.0,108.1752
CA-2014-103989,2014-03-19,323.976,3,0.2,28.3479
CA-2014-103989,2014-03-19,11.808,4,0.2,3.9852
CA-2014-103989,2014-03-19,26.16,3,0.2,1.962
CA-2014-103989,2014-03-19,33.57,5,0.7,-25.737
CA-2014-103989,2014-03-19,4.992,3,0.2,1.3728
CA-2014-103989,2014-03-19,20.016,3,0.2,5.5044
CA-2014-103989,2014-03-19,170.24,2,0.2,53.2
CA-2015-142433,2015-04-20,117.456,3,0.2,44.046
CA-2015-132815,2015-09-19,22.96,2,0.0,11.2504
CA-2014-101266,2014-08-27,13.36,2,0.0,6.4128
CA-2016-141523,2016-12-19,34.248,3,0.2,11.5587
CA-2016-141523,2016-12-19,3.52,2,0.0,1.0208
US-2014-106299,2014-08-02,26.7,5,0.0,12.549
US-2014-106299,2014-08-02,21.2,2,0.0,9.116
US-2014-106299,2014-08-02,838.38,2,0.0,226.3626
CA-2015-158421,2015-09-21,1690.04,4,0.0,422.51
CA-2015-158421,2015-09-21,85.96,7,0.0,24.0688
CA-2015-158421,2015-09-21,121.96,2,0.0,57.3212
CA-2015-158421,2015-09-21,23.92,4,0.0,11.7208
CA-2015-158421,2015-09-21,63.96,2,0.0,6.396
CA-2015-158421,2015-09-21,629.95,5,0.0,176.386
CA-2015-158421,2015-09-21,113.73,3,0.0,32.9817
CA-2015-158421,2015-09-21,14.6,2,0.0,6.862
CA-2015-158421,2015-09-21,887.84,8,0.0,17.7568
CA-2016-143609,2016-12-11,403.92,5,0.2,25.245
CA-2015-138331,2015-08-07,106.8,10,0.2,10.68
CA-2015-138954,2015-11-15,70.95,3,0.0,20.5755
CA-2015-138954,2015-11-15,34.944,6,0.2,11.7936
CA-2015-138954,2015-11-15,119.04,6,0.0,35.712
CA-2017-157903,2017-04-04,383.84,4,0.2,47.98
CA-2016-157259,2016-12-24,799.56,9,0.0,207.8856
CA-2017-107986,2017-12-13,31.44,3,0.0,8.4888
CA-2017-104927,2017-12-22,25.92,5,0.2,9.072
CA-2017-104927,2017-12-22,6.33,5,0.8,-9.8115
CA-2017-104927,2017-12-22,75.88,5,0.2,26.558
CA-2017-113453,2017-10-21,329.988,2,0.4,-76.9972
CA-2017-113453,2017-10-21,71.376,3,0.2,-4.461
CA-2015-149909,2015-11-13,63.77,7,0.0,28.6965
CA-2015-149909,2015-11-13,50.97,3,0.0,13.2522
CA-2015-149909,2015-11-13,96.08,2,0.0,46.1184
CA-2015-146675,2015-04-16,1439.968,4,0.2,485.9892
CA-2015-146675,2015-04-16,43.56,3,0.2,-4.9005
CA-2016-118332,2016-12-16,563.92,5,0.2,7.049
CA-2016-133669,2016-10-21,235.152,8,0.4,-47.0304
CA-2017-145660,2017-12-01,7.712,2,0.2,1.7352
CA-2016-133697,2016-10-20,51.016,7,0.2,15.9425
CA-2016-133697,2016-10-20,25.248,4,0.2,7.89
CA-2016-133697,2016-10-20,56.686,1,0.3,-14.5764
CA-2017-148138,2017-09-29,51.168,2,0.2,-6.396
CA-2017-119809,2017-08-18,2793.528,9,0.2,942.8157
CA-2017-119809,2017-08-18,1000.02,7,0.0,290.0058
CA-2017-119809,2017-08-18,65.94,3,0.0,22.4196
CA-2017-149944,2017-11-12,18.24,3,0.0,9.12
CA-2017-149944,2017-11-12,76.12,2,0.0,22.0748
CA-2014-128538,2014-10-11,7.64,1,0.0,3.7436
CA-2015-161711,2015-11-28,68.16,3,0.0,27.9456
CA-2015-161711,2015-11-28,62.24,8,0.0,29.2528
US-2015-129553,2015-07-27,29.97,3,0.0,0.2997
CA-2016-160220,2016-10-20,125.7,6,0.0,35.196
CA-2016-160220,2016-10-20,191.98,2,0.0,51.8346
CA-2016-160220,2016-10-20,20.86,7,0.0,1.4602
US-2017-157224,2017-09-14,56.7,9,0.0,26.082
CA-2017-140627,2017-12-23,72.704,4,0.2,19.0848
CA-2017-140627,2017-12-23,12.264,7,0.2,1.0731
CA-2017-140627,2017-12-23,218.352,3,0.2,-54.588
CA-2015-133445,2015-10-05,66.294,1,0.7,-103.8606
CA-2015-133445,2015-10-05,291.168,4,0.2,-14.5584
CA-2014-148782,2014-11-02,88.776,3,0.2,7.7679
CA-2016-148208,2016-01-22,110.376,4,0.4,-20.2356
CA-2016-148208,2016-01-22,55.176,3,0.2,15.8631
CA-2017-127656,2017-07-11,30.32,4,0.0,11.8248
US-2017-142188,2017-09-11,177.568,2,0.2,8.8784
US-2017-142188,2017-09-11,19.44,3,0.0,9.3312
US-2017-142188,2017-09-11,71.28,11,0.0,34.2144
US-2017-142188,2017-09-11,1471.96,5,0.2,459.9875
US-2017-142188,2017-09-11,79.96,5,0.2,-17.991
CA-2016-144400,2016-02-23,57.576,3,0.2,21.591
US-2016-155180,2016-01-22,26.336,4,0.2,9.2176
CA-2015-134075,2015-12-12,166.5,3,0.0,21.645
CA-2015-134075,2015-12-12,360.38,2,0.0,93.6988
US-2016-131912,2016-10-29,11.744,1,0.2,3.8168
CA-2017-141572,2017-05-28,247.44,8,0.0,101.4504
CA-2014-134621,2014-12-21,18.24,2,0.7,-14.592
CA-2016-165561,2016-11-24,25.35,3,0.0,7.605
CA-2015-112305,2015-11-20,119.04,6,0.0,30.9504
CA-2015-112305,2015-11-20,22.14,3,0.0,6.4206
CA-2015-112305,2015-11-20,13.98,2,0.0,6.0114
CA-2017-121580,2017-05-29,43.41,1,0.0,19.9686
CA-2017-121580,2017-05-29,6.24,3,0.0,2.6208
CA-2017-121580,2017-05-29,465.16,2,0.0,120.9416
CA-2017-121580,2017-05-29,7.98,1,0.0,3.99
CA-2014-101147,2014-12-02,2.394,1,0.8,-6.3441
CA-2014-165806,2014-04-07,58.32,9,0.0,27.9936
CA-2014-165806,2014-04-07,200.97,3,0.0,50.2425
CA-2015-151624,2015-09-08,21.36,8,0.0,8.1168
CA-2017-139444,2017-09-09,9.856,4,0.2,3.4496
CA-2015-133977,2015-09-06,3.444,1,0.7,-2.5256
CA-2017-141425,2017-11-02,384.592,2,0.2,-81.7258
CA-2015-133536,2015-03-28,22.92,3,0.0,11.2308
CA-2015-150441,2015-08-13,11.36,4,0.0,5.5664
CA-2015-162607,2015-05-12,14.592,3,0.2,4.9248
CA-2017-103506,2017-07-23,41.4,4,0.0,19.872
CA-2016-132479,2016-09-24,442.372,7,0.8,-729.9138
CA-2017-160724,2017-05-05,34.5,3,0.0,15.525
US-2016-115952,2016-10-06,28.85,5,0.0,14.425
CA-2014-146731,2014-11-03,3.488,2,0.2,1.1772
CA-2014-146731,2014-11-03,143.856,9,0.2,48.5514
CA-2015-115392,2015-10-01,311.98,2,0.0,93.594
CA-2015-115392,2015-10-01,22.45,5,0.0,10.327
CA-2017-102379,2017-12-02,39.992,1,0.2,-7.9984
CA-2017-102379,2017-12-02,1159.056,9,0.2,43.4646
CA-2017-102379,2017-12-02,179.9,5,0.0,44.975
CA-2017-149706,2017-12-11,116.312,7,0.2,23.2624
US-2016-139087,2016-07-17,12.42,3,0.0,4.4712
US-2016-139087,2016-07-17,428.4,3,0.0,89.964
US-2016-139087,2016-07-17,24.75,5,0.0,10.89
US-2016-139087,2016-07-17,87.71,7,0.0,41.2237
US-2016-139087,2016-07-17,69.52,2,0.0,17.38
US-2016-139087,2016-07-17,20.784,2,0.2,-4.6764
US-2016-139087,2016-07-17,12.816,3,0.2,4.1652
CA-2017-152226,2017-05-12,5.904,2,0.2,1.9926
CA-2015-116484,2015-11-20,63.824,2,0.2,9.5736
CA-2015-116484,2015-11-20,141.552,3,0.2,-26.541
CA-2016-100944,2016-09-24,304.9,5,0.0,143.303
CA-2016-100944,2016-09-24,563.24,5,0.2,56.324
CA-2016-125080,2016-10-21,661.176,2,0.4,-231.4116
CA-2016-121020,2016-10-24,239.976,3,0.2,17.9982
CA-2014-100090,2014-07-08,502.488,3,0.2,-87.9354
CA-2014-100090,2014-07-08,196.704,6,0.2,68.8464
US-2015-139675,2015-03-13,915.136,4,0.2,102.9528
US-2015-139675,2015-03-13,327.76,8,0.0,91.7728
CA-2017-143756,2017-12-02,701.96,2,0.0,168.4704
CA-2015-151253,2015-04-22,88.776,3,0.2,7.7679
CA-2015-151253,2015-04-22,64.14,3,0.0,16.6764
CA-2014-141152,2014-09-16,33.552,1,0.2,12.582
CA-2014-141313,2014-12-28,1737.18,6,0.0,503.7822
CA-2014-141313,2014-12-28,704.25,5,0.0,84.51
CA-2014-141313,2014-12-28,141.76,4,0.0,66.6272
CA-2014-169852,2014-10-21,36.36,3,0.2,12.2715
CA-2017-107314,2017-11-30,25.83,3,0.0,9.5571
US-2014-161305,2014-06-06,24.588,3,0.8,-38.1114
US-2014-161305,2014-06-06,13.984,2,0.2,4.7196
CA-2017-166919,2017-11-23,195.96,5,0.2,19.596
CA-2017-162712,2017-06-18,74.352,3,0.2,23.235
CA-2017-107552,2017-05-05,6.68,1,0.0,3.2064
CA-2016-163328,2016-11-04,17.584,7,0.2,-4.1762
CA-2016-163328,2016-11-04,104.784,1,0.2,-14.4078
CA-2016-163328,2016-11-04,47.952,3,0.2,16.7832
CA-2016-163328,2016-11-04,650.352,3,0.2,-97.5528
CA-2016-163328,2016-11-04,629.184,8,0.2,228.0792
CA-2016-163328,2016-11-04,15.176,1,0.2,5.3116
CA-2014-112837,2014-09-11,127.95,3,0.0,21.7515
CA-2017-120019,2017-02-16,579.51,3,0.0,81.1314
CA-2017-120019,2017-02-16,14.99,1,0.0,7.3451
CA-2014-100762,2014-11-24,151.92,4,0.0,45.576
CA-2014-100762,2014-11-24,196.62,2,0.0,96.3438
CA-2014-100762,2014-11-24,144.12,3,0.0,69.1776
CA-2014-100762,2014-11-24,15.96,2,0.0,7.98
CA-2017-161459,2017-11-25,39.96,5,0.2,3.4965
CA-2017-161459,2017-11-25,34.08,6,0.0,15.336
CA-2017-160017,2017-09-28,10.368,2,0.2,3.6288
CA-2014-123316,2014-10-13,7.752,3,0.2,2.8101
CA-2014-141299,2014-06-03,15.28,2,0.0,7.4872
CA-2014-104402,2014-06-17,65.97,3,0.0,31.0059
CA-2015-110289,2015-10-29,33.4,5,0.0,16.032
CA-2015-110289,2015-10-29,210.84,4,0.0,103.3116
CA-2014-167927,2014-01-20,13.98,1,0.0,4.0542
CA-2014-167927,2014-01-20,272.94,3,0.0,30.0234
CA-2014-167927,2014-01-20,19.05,5,0.0,8.9535
CA-2014-167927,2014-01-20,247.716,4,0.1,93.5816
CA-2014-167927,2014-01-20,66.58,2,0.0,15.9792
CA-2014-167927,2014-01-20,43.92,3,0.0,12.7368
CA-2014-167927,2014-01-20,14.73,3,0.0,4.8609
CA-2014-167927,2014-01-20,29.7,5,0.0,13.365
CA-2014-133305,2014-07-11,49.12,4,0.0,23.0864
CA-2014-133305,2014-07-11,18.28,5,0.2,6.398
CA-2016-165995,2016-08-30,47.04,4,0.0,15.9936
CA-2016-165995,2016-08-30,339.96,5,0.2,42.495
CA-2017-143112,2017-10-05,87.8,4,0.0,43.9
CA-2017-143112,2017-10-05,221.382,2,0.1,2.4598
CA-2017-143112,2017-10-05,5199.96,4,0.0,1351.9896
US-2017-105830,2016-12-31,156.512,4,0.2,-35.2152
CA-2015-146255,2015-03-07,119.85,3,0.0,52.734
CA-2015-146255,2015-03-07,30.44,2,0.0,14.9156
CA-2015-146255,2015-03-07,69.28,2,0.0,33.2544
CA-2015-146255,2015-03-07,587.97,3,0.0,170.5113
CA-2017-104822,2017-10-20,24.55,5,0.0,12.0295
CA-2015-104486,2015-05-01,12.176,1,0.2,4.4138
CA-2015-104486,2015-05-01,37.32,3,0.0,10.4496
CA-2015-104486,2015-05-01,35.06,2,0.0,10.518
CA-2017-161557,2017-09-03,108.4,5,0.6,-105.69
CA-2017-161130,2017-11-03,361.376,2,0.2,27.1032
US-2015-161347,2015-09-13,2.412,1,0.7,-2.01
US-2015-109015,2015-09-06,8.39,1,0.0,2.0975
US-2015-109015,2015-09-06,337.98,2,0.0,101.394
CA-2014-110611,2014-10-06,83.92,5,0.2,-13.637
CA-2017-139080,2017-01-23,19.68,5,0.2,6.888
CA-2017-139080,2017-01-23,25.92,4,0.0,12.4416
CA-2017-139080,2017-01-23,6.48,1,0.0,3.1104
CA-2017-139080,2017-01-23,86.352,6,0.2,8.6352
CA-2015-115693,2015-12-10,56.3,2,0.0,15.764
US-2014-107993,2014-11-25,51.016,7,0.2,8.2901
CA-2017-110443,2017-11-21,150.8,5,0.2,56.55
CA-2017-110443,2017-11-21,1039.992,1,0.2,103.9992
CA-2017-110443,2017-11-21,51.84,8,0.0,24.8832
CA-2017-144848,2017-04-04,41.22,1,0.0,11.1294
CA-2017-144848,2017-04-04,240.37,1,0.0,7.2111
CA-2017-144848,2017-04-04,119.02,2,0.0,33.3256
US-2017-147998,2017-05-19,133.12,5,0.2,49.92
CA-2016-103919,2016-10-03,38.08,5,0.6,-29.512
CA-2016-113425,2016-11-21,113.568,2,0.2,12.7764
CA-2017-143035,2017-10-03,83.92,4,0.0,21.8192
CA-2017-143035,2017-10-03,6.63,3,0.0,3.1161
CA-2017-143035,2017-10-03,371.97,3,0.0,66.9546
CA-2014-107811,2014-04-29,561.584,2,0.2,70.198
CA-2014-107811,2014-04-29,99.92,5,0.2,-1.249
CA-2016-163216,2016-10-07,4.928,2,0.2,1.7248
US-2016-116442,2016-12-15,14.76,2,0.0,4.2804
CA-2017-150623,2017-04-10,99.99,1,0.0,41.9958
CA-2017-150623,2017-04-10,286.15,5,0.0,71.5375
US-2014-163797,2014-04-08,49.792,8,0.2,-11.8256
CA-2016-127236,2016-03-29,299.975,5,0.5,-167.986
CA-2016-127236,2016-03-29,158.376,4,0.4,-36.9544
US-2017-104661,2017-01-15,32.784,4,0.8,-52.4544
US-2017-104661,2017-01-15,47.984,2,0.2,14.3952
US-2017-104661,2017-01-15,62.592,8,0.2,13.3008
US-2017-104661,2017-01-15,4.276,1,0.8,-6.6278
CA-2014-134103,2014-01-30,10.56,2,0.0,4.752
CA-2014-134103,2014-01-30,229.94,2,0.0,6.8982
CA-2015-147529,2015-02-07,311.15,5,0.0,146.2405
CA-2015-147529,2015-02-07,12.96,2,0.0,6.3504
CA-2016-129126,2016-12-14,14.62,2,0.0,6.7252
CA-2016-129126,2016-12-14,5.76,2,0.0,2.8224
CA-2016-129126,2016-12-14,21.48,6,0.0,10.5252
CA-2016-129126,2016-12-14,396.92,4,0.0,198.46
CA-2016-129126,2016-12-14,17.15,1,0.0,4.6305
CA-2016-129126,2016-12-14,23.12,2,0.2,7.803
CA-2017-131632,2017-10-31,5.248,2,0.2,0.5904
CA-2017-151981,2017-08-06,824.95,5,0.0,247.485
CA-2017-151981,2017-08-06,24.64,8,0.0,11.8272
CA-2017-151981,2017-08-06,227.88,6,0.0,68.364
CA-2017-125472,2017-05-30,241.96,2,0.0,33.8744
CA-2017-125472,2017-05-30,3.89,1,0.0,1.8672
CA-2017-125472,2017-05-30,8.01,3,0.0,3.0438
CA-2015-156328,2015-11-30,177.48,3,0.2,19.9665
CA-2017-154074,2017-08-31,569.568,2,0.2,7.1196
CA-2017-154074,2017-08-31,149.73,7,0.0,43.4217
CA-2017-161774,2017-05-14,899.43,5,0.3,-12.849
CA-2017-161774,2017-05-14,46.2,5,0.2,5.775
CA-2017-161774,2017-05-14,47.952,3,0.2,16.1838
CA-2017-161774,2017-05-14,7.992,1,0.2,0.6993
CA-2017-161774,2017-05-14,76.864,2,0.2,26.9024
CA-2017-151211,2017-08-17,102.93,3,0.0,48.3771
CA-2017-151211,2017-08-17,98.16,6,0.0,9.816
CA-2017-142671,2017-11-10,11.52,5,0.7,-7.68
CA-2017-144750,2017-08-21,83.88,1,0.2,29.358
CA-2016-111976,2016-03-08,108.576,4,0.4,-25.3344
CA-2016-111976,2016-03-08,5.984,2,0.2,-1.3464
CA-2016-140130,2016-10-31,21.96,2,0.0,6.1488
CA-2016-140130,2016-10-31,368.97,3,0.0,81.1734
CA-2016-140130,2016-10-31,12.39,3,0.0,3.4692
CA-2016-140130,2016-10-31,332.94,3,0.0,9.9882
CA-2014-159121,2014-07-26,111.93,7,0.0,34.6983
CA-2015-149650,2015-10-24,454.272,8,0.2,-73.8192
CA-2017-115777,2017-08-19,19.44,3,0.0,9.3312
CA-2016-143714,2016-05-23,8399.976,4,0.4,1119.9968
CA-2016-143714,2016-05-23,6.294,1,0.7,-4.196
CA-2016-143714,2016-05-23,10.368,2,0.2,3.6288
CA-2016-143714,2016-05-23,122.382,3,0.4,-24.4764
CA-2014-165764,2014-11-03,25.984,2,0.2,-1.624
CA-2014-165764,2014-11-03,945.036,6,0.4,-299.2614
CA-2014-165764,2014-11-03,14.301,7,0.7,-10.4874
CA-2014-165764,2014-11-03,410.352,3,0.2,-51.294
CA-2015-121405,2015-03-30,23.52,5,0.2,8.526
CA-2015-121405,2015-03-30,180.96,5,0.2,13.572
US-2017-116897,2017-05-27,35.0,4,0.0,14.7
US-2017-116897,2017-05-27,477.15,5,0.0,28.629
US-2017-116897,2017-05-27,302.376,3,0.2,22.6782
US-2017-113992,2017-12-14,974.988,4,0.3,-97.4988
CA-2014-166891,2014-10-04,589.41,5,0.1,-6.549
CA-2016-101161,2016-10-13,34.7,5,0.0,12.492
CA-2016-101161,2016-10-13,99.87,3,0.0,23.9688
CA-2016-101161,2016-10-13,37.94,2,0.0,18.2112
CA-2016-101161,2016-10-13,24.9,5,0.0,11.454
CA-2016-101161,2016-10-13,82.26,3,0.0,33.7266
CA-2015-151785,2015-03-05,7.104,6,0.2,2.4864
US-2017-119816,2017-03-04,103.5,5,0.6,-77.625
US-2017-119816,2017-03-04,2.464,1,0.2,0.8624
US-2017-119816,2017-03-04,8.72,1,0.2,0.654
CA-2015-156510,2015-09-25,10.76,2,0.0,5.1648
CA-2015-156510,2015-09-25,45.68,2,0.0,21.0128
CA-2015-156510,2015-09-25,6.7,1,0.0,2.211
US-2015-110261,2015-12-19,158.376,3,0.2,13.8579
CA-2015-125710,2015-10-08,3.44,2,0.2,0.559
CA-2017-161102,2017-07-31,56.56,2,0.0,15.2712
CA-2017-161102,2017-07-31,36.96,7,0.0,11.4576
CA-2014-110065,2014-08-05,135.99,1,0.0,36.7173
CA-2014-110065,2014-08-05,15.96,7,0.0,7.0224
US-2017-133361,2017-05-14,3.76,2,0.0,1.0904
US-2017-133361,2017-05-14,14.7,5,0.0,6.615
US-2017-133361,2017-05-14,37.2,5,0.0,9.3
US-2017-133361,2017-05-14,89.97,3,0.0,18.8937
US-2017-133361,2017-05-14,261.96,2,0.0,23.5764
US-2017-133361,2017-05-14,74.0,5,0.0,37.0
US-2016-155404,2016-09-22,13.28,2,0.0,6.3744
CA-2015-114503,2015-11-13,84.96,6,0.2,6.372
CA-2017-153080,2017-05-22,68.46,7,0.0,25.3302
CA-2016-163804,2016-12-02,2079.4,5,0.0,582.232
CA-2016-163804,2016-12-02,629.95,5,0.0,176.386
CA-2016-163804,2016-12-02,72.42,6,0.0,23.8986
CA-2015-108532,2015-08-29,131.98,2,0.0,35.6346
CA-2015-108532,2015-08-29,114.52,7,0.0,11.452
CA-2014-151897,2014-06-06,100.24,10,0.2,33.831
CA-2016-113292,2016-03-18,871.8,3,0.2,87.18
CA-2014-149524,2014-01-14,61.96,4,0.5,-53.2856
CA-2017-140872,2017-06-03,4.554,3,0.7,-3.4914
CA-2017-140872,2017-06-03,5.2,2,0.2,0.585
CA-2017-140872,2017-06-03,205.992,1,0.2,-2.5749
CA-2017-140872,2017-06-03,15.552,3,0.2,5.4432
CA-2017-140872,2017-06-03,503.96,5,0.2,50.396
CA-2017-140872,2017-06-03,24.472,7,0.2,1.8354
CA-2017-140872,2017-06-03,241.568,2,0.2,0.0
CA-2017-140872,2017-06-03,110.4,2,0.2,-4.14
CA-2017-113908,2017-06-03,384.768,2,0.4,-115.4304
CA-2017-113908,2017-06-03,78.66,6,0.0,36.1836
CA-2017-113908,2017-06-03,45.36,4,0.0,22.2264
CA-2015-120621,2015-03-21,962.08,4,0.2,156.338
CA-2015-120621,2015-03-21,12.843,3,0.7,-9.8463
CA-2015-120621,2015-03-21,295.456,14,0.2,96.0232
US-2017-148866,2017-09-19,32.4,5,0.0,15.552
CA-2014-149594,2014-09-15,103.936,4,0.2,16.8896
CA-2016-113845,2016-11-20,289.568,2,0.2,10.8588
CA-2016-113845,2016-11-20,39.72,5,0.2,4.4685
CA-2016-113845,2016-11-20,244.768,4,0.2,24.4768
CA-2017-111262,2017-10-28,24.0,2,0.2,-2.7
CA-2017-111262,2017-10-28,15.552,3,0.2,5.4432
CA-2017-111262,2017-10-28,26.176,2,0.2,-3.272
CA-2015-103135,2015-07-24,20.94,3,0.0,6.0726
CA-2015-103135,2015-07-24,135.09,9,0.0,62.1414
CA-2015-103135,2015-07-24,279.86,14,0.0,64.3678
CA-2015-103135,2015-07-24,90.06,6,0.0,41.4276
CA-2014-129147,2014-11-02,539.964,6,0.4,-107.9928
CA-2014-129147,2014-11-02,50.232,7,0.4,-10.0464
CA-2014-129147,2014-11-02,19.242,3,0.7,-13.4694
CA-2017-128265,2017-11-17,1247.64,3,0.0,349.3392
CA-2016-152331,2016-06-26,5.304,3,0.2,0.4641
US-2016-128909,2016-10-09,19.136,4,0.2,5.98
US-2016-128909,2016-10-09,332.832,4,0.2,-24.9624
CA-2017-102197,2017-12-20,279.9,5,0.0,137.151
CA-2017-102197,2017-12-20,50.352,3,0.2,17.6232
CA-2017-102197,2017-12-20,34.02,3,0.0,16.6698
CA-2017-167640,2017-03-06,23.88,6,0.0,8.1192
CA-2017-167640,2017-03-06,11.52,4,0.0,5.6448
CA-2017-167640,2017-03-06,286.93,7,0.0,140.5957
CA-2017-167640,2017-03-06,206.384,2,0.2,23.2182
US-2017-116652,2017-09-15,218.352,3,0.2,0.0
US-2017-116652,2017-09-15,529.9,5,0.0,105.98
US-2017-116652,2017-09-15,99.3,10,0.0,41.706
US-2017-116652,2017-09-15,108.96,2,0.0,30.5088
US-2017-116652,2017-09-15,2.688,1,0.2,0.84
CA-2017-138289,2017-01-16,5443.96,4,0.0,2504.2216
CA-2017-138289,2017-01-16,302.67,3,0.0,72.6408
CA-2017-138289,2017-01-16,56.07,7,0.0,25.2315
CA-2016-129308,2016-07-07,10.08,2,0.2,3.276
CA-2016-129308,2016-07-07,59.994,1,0.4,-12.9987
CA-2016-129308,2016-07-07,5.715,5,0.7,-4.7625
CA-2016-129308,2016-07-07,9.42,5,0.7,-7.85
CA-2016-157791,2016-12-23,1999.96,4,0.0,899.982
CA-2014-146864,2014-12-22,216.4,4,0.0,56.264
CA-2014-103744,2014-02-23,6.936,3,0.2,2.3409
CA-2014-103744,2014-02-23,4.428,3,0.8,-6.8634
US-2017-107384,2017-12-04,8.8,5,0.0,2.552
US-2017-107384,2017-12-04,142.8,1,0.0,29.988
US-2017-107384,2017-12-04,399.95,5,0.0,143.982
CA-2014-128209,2014-11-17,2152.776,3,0.2,726.5619
CA-2014-128209,2014-11-17,4007.84,10,0.2,-50.098
CA-2014-169684,2014-10-20,328.59,3,0.4,-147.8655
CA-2014-169684,2014-10-20,98.352,3,0.2,-24.588
CA-2015-109862,2015-10-25,158.99,1,0.0,41.3374
CA-2015-109862,2015-10-25,291.1,5,0.0,75.686
US-2017-107888,2017-11-16,73.68,6,0.0,34.6296
US-2017-107888,2017-11-16,139.92,2,0.0,23.7864
US-2017-107888,2017-11-16,107.88,3,0.2,10.788
US-2017-107888,2017-11-16,33.29,1,0.0,7.9896
US-2017-154872,2017-05-14,58.17,5,0.7,-46.536
US-2017-154872,2017-05-14,5.04,2,0.2,1.764
US-2017-154872,2017-05-14,24.784,1,0.2,7.745
CA-2014-113880,2014-03-01,634.116,6,0.3,-172.1172
CA-2014-113880,2014-03-01,17.472,3,0.2,5.6784
US-2015-164966,2015-07-30,155.88,6,0.0,38.97
CA-2015-126739,2015-11-01,327.564,4,0.1,21.8376
CA-2017-161578,2017-12-16,13.36,2,0.0,6.4128
CA-2017-161578,2017-12-16,158.9,5,0.0,7.945
CA-2014-137092,2014-10-20,319.968,4,0.2,71.9928
CA-2014-137092,2014-10-20,505.32,3,0.2,31.5825
CA-2014-137092,2014-10-20,3.808,1,0.2,1.2376
CA-2014-137092,2014-10-20,8.682,1,0.8,-14.7594
CA-2014-137092,2014-10-20,24.424,1,0.2,7.9378
CA-2015-166947,2015-06-05,1522.638,9,0.1,169.182
CA-2016-160941,2016-07-21,419.9,5,0.0,197.353
CA-2016-160941,2016-07-21,3.15,1,0.0,1.512
CA-2017-144680,2017-03-31,33.62,5,0.8,-90.774
CA-2014-166086,2014-05-07,16.14,3,0.0,7.9086
CA-2014-166086,2014-05-07,194.25,2,0.3,-38.85
CA-2014-166086,2014-05-07,8.64,3,0.0,2.5056
CA-2014-166086,2014-05-07,872.32,4,0.0,244.2496
CA-2017-131282,2017-02-05,243.992,4,0.8,-426.986
CA-2017-131282,2017-02-05,7.12,5,0.2,0.712
CA-2014-100678,2014-04-18,2.688,2,0.2,1.008
CA-2014-100678,2014-04-18,317.058,3,0.3,-18.1176
CA-2014-100678,2014-04-18,149.352,3,0.2,50.4063
CA-2014-100678,2014-04-18,227.976,3,0.2,28.497
CA-2016-161543,2016-05-10,11.96,2,0.0,5.8604
CA-2016-160535,2016-11-25,563.4,4,0.0,67.608
CA-2016-160535,2016-11-25,319.92,8,0.0,118.3704
CA-2017-123085,2017-03-03,1049.44,8,0.0,440.7648
CA-2017-123085,2017-03-03,170.352,3,0.2,-17.0352
CA-2015-153752,2015-12-06,173.94,6,0.0,50.4426
CA-2014-103660,2014-08-25,1007.944,7,0.2,75.5958
CA-2016-169887,2016-10-22,6.68,1,0.0,3.2064
CA-2016-169887,2016-10-22,8.34,3,0.0,2.2518
CA-2016-169887,2016-10-22,101.94,3,0.0,30.582
CA-2016-148516,2016-08-07,179.97,3,0.0,86.3856
CA-2017-104731,2017-07-21,101.94,6,0.0,29.5626
CA-2017-104731,2017-07-21,271.96,4,0.0,67.99
CA-2017-104731,2017-07-21,8.8,5,0.0,3.872
CA-2017-104731,2017-07-21,19.68,6,0.0,5.7072
CA-2017-104731,2017-07-21,302.94,3,0.0,69.6762
CA-2017-104731,2017-07-21,14.94,3,0.0,7.1712
CA-2017-104731,2017-07-21,231.72,2,0.0,11.586
CA-2014-164749,2014-03-23,9.912,3,0.2,3.2214
CA-2015-103716,2015-04-30,34.65,3,0.0,9.702
CA-2015-103716,2015-04-30,19.8,5,0.2,1.7325
CA-2016-126795,2016-06-13,33.568,2,0.2,11.7488
CA-2015-146290,2015-05-04,125.93,7,0.0,35.2604
CA-2017-157112,2017-04-23,11.76,5,0.7,-7.84
CA-2017-157112,2017-04-23,5.344,1,0.2,1.8704
CA-2014-169257,2014-06-06,1.365,1,0.7,-0.91
CA-2014-169257,2014-06-06,62.016,2,0.2,22.4808
CA-2014-154095,2014-12-02,60.72,3,0.0,23.6808
CA-2014-154095,2014-12-02,146.82,3,0.0,73.41
CA-2014-154095,2014-12-02,239.84,8,0.0,64.7568
CA-2014-154095,2014-12-02,15.66,6,0.0,7.2036
CA-2017-146346,2017-06-17,146.352,3,0.2,-32.9292
CA-2016-148852,2016-05-26,5.94,3,0.0,0.0
CA-2016-148852,2016-05-26,45.36,7,0.0,21.7728
CA-2016-148852,2016-05-26,211.168,4,0.2,23.7564
CA-2016-148852,2016-05-26,484.704,6,0.2,-84.8232
CA-2016-148852,2016-05-26,371.976,3,0.2,116.2425
US-2015-118906,2015-03-10,89.82,6,0.0,25.1496
CA-2016-168921,2016-10-20,19.296,3,0.2,6.03
CA-2015-107678,2015-04-21,191.96,2,0.0,51.8292
CA-2015-107678,2015-04-21,21.3,3,0.0,9.798
CA-2015-107678,2015-04-21,469.95,5,0.0,131.586
CA-2015-107678,2015-04-21,209.88,3,0.0,35.6796
CA-2016-123512,2016-06-17,239.666,2,0.15,14.098
CA-2016-123512,2016-06-17,22.5,6,0.0,10.8
CA-2016-123512,2016-06-17,219.84,4,0.0,107.7216
US-2017-167402,2017-01-13,32.4,5,0.0,15.552
US-2017-167402,2017-01-13,209.94,6,0.0,54.5844
US-2017-167402,2017-01-13,4164.05,5,0.0,83.281
US-2017-167402,2017-01-13,212.94,3,0.0,53.235
CA-2014-130449,2014-09-06,41.88,6,0.0,12.1452
CA-2014-130449,2014-09-06,58.48,8,0.0,27.4856
CA-2015-141250,2015-01-19,102.438,1,0.3,-13.1706
CA-2015-141250,2015-01-19,199.304,4,0.3,-8.5416
CA-2014-145541,2014-12-14,6999.96,4,0.0,2239.9872
CA-2014-138513,2014-05-23,12.96,2,0.0,6.2208
CA-2015-135489,2015-09-19,279.86,14,0.0,134.3328
CA-2015-125696,2015-10-02,7.38,5,0.7,-5.412
CA-2016-105081,2016-12-25,698.352,3,0.2,52.3764
CA-2016-105081,2016-12-25,1747.25,5,0.0,629.01
US-2016-146857,2016-05-06,54.48,1,0.0,15.2544
CA-2016-166275,2016-10-24,199.99,1,0.0,85.9957
CA-2017-144498,2017-05-06,68.541,11,0.7,-52.5481
CA-2017-144498,2017-05-06,627.168,4,0.2,70.5564
CA-2017-144498,2017-05-06,122.12,5,0.2,39.689
CA-2017-103352,2017-11-27,6.99,3,0.0,2.0271
CA-2017-103352,2017-11-27,107.424,6,0.2,36.2556
CA-2014-108609,2014-10-31,1421.664,8,0.4,-734.5264
CA-2017-128328,2017-08-05,125.88,6,0.0,60.4224
CA-2017-128328,2017-08-05,79.78,2,0.0,29.5186
CA-2017-128328,2017-08-05,133.2,9,0.0,66.6
US-2015-156496,2015-08-10,438.368,4,0.2,38.3572
US-2015-156496,2015-08-10,139.944,7,0.2,-31.4874
US-2015-156496,2015-08-10,133.472,4,0.2,15.0156
US-2016-127334,2016-12-15,564.195,3,0.5,-304.6653
US-2016-127334,2016-12-15,87.168,2,0.2,8.7168
US-2017-124779,2017-09-08,42.616,7,0.8,-68.1856
US-2017-124779,2017-09-08,319.984,2,0.2,107.9946
US-2017-124779,2017-09-08,45.92,5,0.2,15.498
US-2017-124779,2017-09-08,21.184,2,0.6,-11.6512
US-2017-124779,2017-09-08,20.736,4,0.2,7.2576
US-2017-124779,2017-09-08,213.43,5,0.3,-39.637
CA-2017-135937,2017-02-20,333.576,3,0.2,25.0182
CA-2017-135937,2017-02-20,31.992,1,0.2,4.7988
CA-2017-135937,2017-02-20,51.168,2,0.2,-6.396
CA-2017-135937,2017-02-20,10.64,5,0.2,3.857
CA-2017-135937,2017-02-20,68.704,2,0.2,16.3172
CA-2017-135937,2017-02-20,386.91,9,0.5,-185.7168
CA-2015-129322,2015-08-08,39.66,2,0.0,11.898
CA-2015-129322,2015-08-08,113.92,2,0.0,33.0368
CA-2015-129322,2015-08-08,447.86,7,0.0,210.4942
CA-2017-162173,2017-10-26,356.85,5,0.0,60.6645
CA-2017-162173,2017-10-26,251.58,7,0.0,113.211
CA-2016-115483,2016-07-14,219.84,5,0.2,79.692
CA-2017-122175,2017-05-12,42.85,5,0.0,15.426
CA-2017-122175,2017-05-12,6.16,2,0.0,2.9568
CA-2017-122175,2017-05-12,17.0,2,0.0,4.42
CA-2017-122175,2017-05-12,87.4,5,0.0,34.96
CA-2017-161088,2017-05-25,29.84,2,0.0,13.428
CA-2014-154837,2014-08-23,49.568,2,0.2,17.3488
CA-2015-153794,2015-09-11,265.86,7,0.0,79.758
CA-2015-135510,2015-09-05,67.96,4,0.0,12.2328
CA-2015-109337,2015-11-21,10.92,6,0.0,4.914
CA-2015-109337,2015-11-21,83.9,2,0.0,22.653
CA-2015-109337,2015-11-21,19.75,5,0.0,5.135
CA-2015-109337,2015-11-21,393.54,3,0.0,165.2868
CA-2014-150329,2014-10-10,46.872,7,0.2,3.5154
CA-2017-145037,2017-09-02,10.9,1,0.0,2.834
CA-2017-145037,2017-09-02,79.92,4,0.0,37.5624
CA-2017-145037,2017-09-02,146.82,3,0.0,73.41
CA-2017-154466,2017-01-01,3.6,2,0.0,1.728
CA-2014-109134,2014-11-05,20.04,6,0.0,8.8176
US-2015-129637,2015-12-17,180.016,1,0.2,-15.7514
US-2015-129637,2015-12-17,41.552,2,0.6,-19.7372
US-2015-129637,2015-12-17,13.12,5,0.2,1.476
CA-2015-165162,2015-05-14,1117.92,4,0.0,55.896
CA-2017-140494,2017-03-10,111.96,4,0.0,21.2724
CA-2017-104108,2017-12-02,12.16,5,0.2,2.128
US-2017-165869,2017-07-31,17.52,4,0.0,8.4096
US-2017-165869,2017-07-31,155.88,6,0.0,54.558
CA-2017-160899,2017-08-11,477.51,11,0.0,219.6546
CA-2017-144225,2017-09-30,164.88,3,0.0,80.7912
US-2016-163538,2016-08-26,47.97,3,0.0,14.8707
US-2016-155103,2016-12-02,415.176,3,0.2,134.9322
US-2016-155103,2016-12-02,35.232,3,0.2,11.4504
US-2016-155103,2016-12-02,54.96,1,0.0,26.9304
CA-2017-145429,2017-07-21,16.34,2,0.0,7.6798
CA-2017-145429,2017-07-21,225.296,2,0.2,22.5296
CA-2017-145429,2017-07-21,50.352,3,0.2,17.6232
CA-2015-153535,2015-05-20,163.136,4,0.2,20.392
CA-2015-153535,2015-05-20,6.408,4,0.7,-4.9128
CA-2015-139164,2015-06-23,217.584,2,0.2,19.0386
CA-2015-139164,2015-06-23,5.43,3,0.0,1.7919
CA-2015-139164,2015-06-23,143.976,3,0.2,8.9985
CA-2016-112277,2016-09-10,519.68,7,0.2,58.464
CA-2014-167724,2014-04-13,7.83,3,0.0,3.6018
CA-2015-123141,2015-11-14,883.84,4,0.2,99.432
CA-2015-123141,2015-11-14,230.352,3,0.2,20.1558
CA-2016-149503,2016-12-09,273.92,8,0.2,99.296
CA-2017-163069,2017-08-18,9.912,3,0.2,1.239
CA-2017-107629,2017-12-14,266.352,6,0.6,-292.9872
CA-2017-107629,2017-12-14,56.328,3,0.6,-26.7558
CA-2017-107629,2017-12-14,39.264,3,0.2,-4.908
CA-2017-107629,2017-12-14,95.232,6,0.2,24.9984
CA-2016-134789,2016-04-08,30.0,6,0.0,14.4
CA-2016-134789,2016-04-08,25.92,4,0.0,12.7008
CA-2016-134789,2016-04-08,159.92,4,0.0,31.984
CA-2016-130442,2016-12-16,34.944,3,0.2,3.0576
CA-2017-102974,2017-09-19,149.95,5,0.0,31.4895
CA-2017-102974,2017-09-19,23.32,2,0.0,6.0632
CA-2017-102974,2017-09-19,16.74,3,0.0,4.8546
US-2017-166394,2017-09-04,14.82,6,0.0,6.9654
CA-2016-128811,2016-09-12,10.47,3,0.0,4.8162
CA-2016-128811,2016-09-12,11.07,3,0.0,5.2029
CA-2016-128811,2016-09-12,20.704,4,0.2,7.764
CA-2017-145443,2017-08-10,177.2,5,0.0,83.284
CA-2016-165827,2016-11-04,50.496,6,0.2,8.2056
CA-2015-156734,2015-06-18,6.129,3,0.7,-4.4946
CA-2015-156734,2015-06-18,643.136,4,0.2,56.2744
CA-2015-156734,2015-06-18,20.736,4,0.2,7.2576
CA-2014-120096,2014-07-04,177.536,4,0.2,62.1376
CA-2014-120096,2014-07-04,32.432,2,0.2,3.2432
CA-2015-141754,2015-12-20,11.696,2,0.2,3.9474
CA-2016-123358,2016-04-10,113.76,3,0.0,44.3664
CA-2016-123358,2016-04-10,579.51,3,0.0,81.1314
CA-2016-123358,2016-04-10,150.66,9,0.0,6.0264
CA-2016-123358,2016-04-10,48.032,4,0.2,15.6104
CA-2014-144029,2014-05-26,102.624,3,0.2,7.6968
CA-2014-144029,2014-05-26,359.772,2,0.3,-5.1396
CA-2014-144029,2014-05-26,13.392,3,0.2,3.1806
US-2017-101784,2017-07-06,122.136,3,0.2,-13.7403
CA-2015-156923,2015-02-16,35.88,6,0.0,16.146
CA-2017-111269,2017-06-16,479.952,6,0.2,107.9892
CA-2017-111269,2017-06-16,23.92,5,0.2,1.794
CA-2017-159156,2017-11-13,629.95,5,0.0,163.787
CA-2017-100230,2017-12-11,14.952,1,0.2,5.0463
CA-2017-100230,2017-12-11,17.94,3,0.0,8.073
CA-2017-100230,2017-12-11,116.98,2,0.0,29.245
CA-2016-154767,2016-06-28,121.96,2,0.0,20.7332
CA-2016-154767,2016-06-28,8.74,2,0.0,2.2724
CA-2016-154767,2016-06-28,61.96,2,0.0,27.882
CA-2016-154767,2016-06-28,7.96,2,0.0,3.7412
CA-2016-154767,2016-06-28,275.24,4,0.0,121.1056
CA-2017-124205,2017-09-15,47.4,5,0.0,18.96
CA-2017-124205,2017-09-15,512.96,4,0.0,143.6288
CA-2017-124205,2017-09-15,395.94,6,0.0,102.9444
CA-2017-124205,2017-09-15,81.96,2,0.0,0.0
CA-2017-165715,2017-12-02,32.776,1,0.2,2.4582
CA-2017-100636,2017-06-26,272.94,3,0.0,0.0
CA-2016-162943,2016-07-24,253.764,2,0.1,31.0156
CA-2016-144764,2016-09-02,29.24,5,0.2,9.8685
CA-2016-144764,2016-09-02,35.168,2,0.2,-8.3524
CA-2016-144764,2016-09-02,1362.9,3,0.3,-19.47
CA-2017-100615,2017-04-20,317.058,3,0.3,-18.1176
CA-2017-100615,2017-04-20,15.76,2,0.2,3.546
CA-2017-100615,2017-04-20,14.56,5,0.6,-6.188
CA-2014-109302,2014-08-12,196.21,7,0.0,98.105
CA-2017-139787,2017-09-19,35.4,5,0.0,13.452
CA-2017-139402,2017-12-09,419.4,5,0.2,146.79
CA-2017-139402,2017-12-09,13.005,3,0.7,-9.9705
CA-2016-119018,2016-11-04,7.712,2,0.2,2.7956
CA-2016-119018,2016-11-04,4.176,1,0.2,1.305
CA-2016-119018,2016-11-04,38.88,6,0.0,18.6624
CA-2015-105361,2015-03-29,17.64,4,0.0,8.1144
US-2016-152373,2016-09-05,93.456,3,0.2,-17.523
US-2017-166037,2017-01-28,449.91,9,0.0,157.4685
US-2016-147711,2016-09-03,344.94,3,0.0,31.0446
US-2016-147711,2016-09-03,14.76,2,0.0,4.2804
US-2016-147711,2016-09-03,12.76,2,0.0,5.8696
US-2016-147711,2016-09-03,58.48,8,0.0,27.4856
CA-2017-121293,2017-07-25,20.096,4,0.2,3.0144
CA-2017-121293,2017-07-25,37.752,3,0.2,4.2471
CA-2017-121293,2017-07-25,138.588,1,0.4,-34.647
CA-2017-121293,2017-07-25,259.92,5,0.2,-25.992
CA-2017-121293,2017-07-25,20.736,4,0.2,7.2576
CA-2015-118843,2015-09-13,129.93,3,0.0,12.993
CA-2015-118843,2015-09-13,69.93,7,0.0,31.4685
CA-2015-161445,2015-09-07,140.736,4,0.2,12.3144
CA-2016-124527,2016-11-16,8.32,5,0.2,2.808
CA-2016-162348,2016-11-10,9.98,1,0.0,2.7944
CA-2014-141005,2014-08-15,62.94,3,0.0,30.2112
CA-2015-145394,2015-11-16,21.488,2,0.2,1.6116
CA-2015-145394,2015-11-16,239.976,3,0.2,26.9973
CA-2015-145394,2015-11-16,34.504,2,0.6,-15.5268
CA-2015-168809,2015-08-25,20.104,2,0.6,-16.5858
CA-2015-168809,2015-08-25,3.798,1,0.8,-6.0768
CA-2015-168809,2015-08-25,7.88,5,0.6,-3.94
CA-2016-109827,2016-12-25,35.445,1,0.5,-24.1026
CA-2016-109827,2016-12-25,269.97,2,0.7,-386.957
CA-2016-109827,2016-12-25,45.12,3,0.2,-7.896
CA-2016-109827,2016-12-25,100.8,2,0.2,21.42
CA-2016-109827,2016-12-25,47.968,2,0.2,4.1972
CA-2014-152233,2014-10-05,99.98,2,0.0,34.993
CA-2014-125682,2014-11-22,9.96,2,0.0,4.8804
CA-2017-162880,2017-12-25,3.856,1,0.2,1.3978
CA-2015-128125,2015-03-31,98.376,3,0.2,35.6613
CA-2015-128125,2015-03-31,22.38,3,0.6,-7.833
CA-2017-156237,2017-09-14,3.882,2,0.7,-2.588
CA-2017-156237,2017-09-14,12.585,1,0.7,-18.0385
CA-2017-156237,2017-09-14,113.372,2,0.3,-29.1528
CA-2017-156237,2017-09-14,18.312,4,0.7,-12.208
CA-2017-156237,2017-09-14,127.936,8,0.2,4.7976
CA-2017-156237,2017-09-14,241.17,2,0.7,-168.819
CA-2014-144414,2014-06-17,6.24,3,0.0,2.6208
CA-2014-144414,2014-06-17,17.9,5,0.0,8.95
CA-2014-144414,2014-06-17,3266.376,3,0.2,1061.5722
CA-2017-163860,2017-12-28,1.68,5,0.8,-2.688
CA-2017-163860,2017-12-28,7.968,3,0.6,-2.3904
CA-2017-163860,2017-12-28,113.372,2,0.3,-3.2392
CA-2017-163860,2017-12-28,2.96,2,0.6,-1.406
US-2017-115609,2017-11-02,168.1,5,0.0,43.706
CA-2015-154291,2015-07-25,98.46,9,0.0,49.23
CA-2015-154291,2015-07-25,358.58,2,0.0,39.4438
CA-2016-118689,2016-10-02,32.48,2,0.0,4.872
CA-2016-118689,2016-10-02,17499.95,5,0.0,8399.976
CA-2016-118689,2016-10-02,735.98,2,0.0,331.191
CA-2016-118689,2016-10-02,34.37,7,0.0,16.8413
CA-2016-118689,2016-10-02,33.96,2,0.0,9.5088
CA-2016-140438,2016-12-24,197.97,3,0.0,53.4519
US-2017-123204,2017-07-21,17.48,4,0.0,4.5448
CA-2015-112522,2015-10-10,8.016,3,0.2,1.002
CA-2016-153101,2016-09-08,146.04,1,0.2,-12.7785
CA-2016-142615,2016-11-20,27.88,2,0.0,3.9032
CA-2017-142643,2017-10-15,152.65,5,0.0,70.219
CA-2017-142643,2017-10-15,22.72,1,0.0,9.3152
CA-2015-116260,2015-07-06,11.12,4,0.0,2.8912
CA-2017-107517,2017-02-05,1640.7,5,0.0,459.396
CA-2017-107517,2017-02-05,371.2,5,0.2,41.76
CA-2015-166338,2015-12-06,14.832,3,0.7,-10.3824
CA-2016-123946,2016-09-12,20.7,3,0.0,1.656
CA-2016-123946,2016-09-12,11.34,3,0.0,5.2164
CA-2016-123946,2016-09-12,67.9,5,0.0,0.679
CA-2016-123946,2016-09-12,1059.12,4,0.0,307.1448
CA-2014-147543,2014-07-06,478.48,2,0.2,47.848
US-2016-159093,2016-05-09,32.04,4,0.0,14.418
CA-2016-162110,2016-07-18,55.992,1,0.2,3.4995
US-2016-163461,2016-06-18,76.864,2,0.2,26.9024
CA-2014-101462,2014-04-20,59.92,4,0.0,27.5632
US-2016-100461,2016-01-08,1565.88,6,0.0,407.1288
US-2016-100461,2016-01-08,106.05,7,0.0,49.8435
US-2017-162670,2017-12-23,62.04,4,0.0,17.3712
US-2017-162670,2017-12-23,494.97,3,0.0,148.491
US-2017-162670,2017-12-23,367.96,4,0.0,14.7184
US-2017-162670,2017-12-23,44.96,2,0.0,20.6816
US-2017-162670,2017-12-23,182.94,3,0.0,85.9818
CA-2017-128965,2017-04-17,28.14,3,0.0,13.5072
CA-2017-128965,2017-04-17,7.38,2,0.0,3.4686
CA-2017-128965,2017-04-17,10.9,5,0.0,3.597
CA-2017-128965,2017-04-17,274.89,11,0.0,46.7313
CA-2017-128965,2017-04-17,23.04,8,0.0,11.2896
CA-2017-128965,2017-04-17,218.352,3,0.2,-19.1058
CA-2017-138618,2017-12-01,10.368,2,0.2,3.6288
US-2016-126452,2016-08-21,12.672,2,0.2,4.752
US-2016-126452,2016-08-21,91.96,5,0.2,-20.691
US-2016-126452,2016-08-21,254.97,3,0.0,91.7892
US-2016-126452,2016-08-21,31.984,2,0.2,-7.996
US-2016-126452,2016-08-21,2887.056,9,0.2,180.441
US-2016-126452,2016-08-21,12.96,2,0.0,6.2208
US-2016-126452,2016-08-21,47.52,9,0.0,21.384
CA-2016-145009,2016-12-05,11.952,3,0.2,3.8844
CA-2015-162544,2015-12-16,4.98,1,0.0,2.3406
CA-2014-124394,2014-10-17,10.78,5,0.8,-17.248
CA-2014-124394,2014-10-17,119.976,3,0.2,-17.9964
US-2016-121013,2016-09-05,25.06,2,0.0,11.7782
US-2016-121013,2016-09-05,1652.94,3,0.0,314.0586
US-2015-123918,2015-10-15,131.376,6,0.6,-95.2476
US-2015-123918,2015-10-15,5.344,1,0.2,1.8704
CA-2015-137113,2015-12-01,2003.92,5,0.2,125.245
CA-2015-137113,2015-12-01,32.4,5,0.0,15.552
CA-2015-137113,2015-12-01,1913.4,9,0.0,401.814
CA-2015-137113,2015-12-01,146.73,3,0.0,2.9346
CA-2015-137113,2015-12-01,114.2,5,0.0,52.532
CA-2015-120677,2015-05-31,2567.84,8,0.0,770.352
CA-2017-123036,2017-09-10,37.056,4,0.2,8.8008
CA-2017-123036,2017-09-10,259.896,2,0.4,-56.3108
CA-2017-120222,2017-04-25,19.05,3,0.0,8.763
CA-2017-120222,2017-04-25,73.344,3,0.2,27.504
CA-2017-164756,2017-09-18,95.68,8,0.0,26.7904
CA-2017-164756,2017-09-18,50.96,7,0.0,24.4608
CA-2017-164756,2017-09-18,113.94,3,0.0,34.182
CA-2017-164756,2017-09-18,25.92,4,0.0,12.4416
CA-2017-164756,2017-09-18,20.32,4,0.0,6.9088
CA-2017-164756,2017-09-18,411.98,2,0.0,119.4742
CA-2017-164756,2017-09-18,34.48,2,0.0,9.9992
CA-2017-164756,2017-09-18,244.55,5,0.0,114.9385
CA-2017-122028,2017-08-18,10.782,3,0.7,-7.9068
US-2015-165512,2015-05-24,602.651,7,0.3,-163.5767
US-2015-165512,2015-05-24,7.656,6,0.8,-13.0152
CA-2015-140557,2015-09-07,559.93,7,0.0,167.979
US-2017-135013,2017-07-24,2399.96,5,0.2,839.986
CA-2017-111220,2017-09-02,16.0,4,0.2,5.6
CA-2017-111220,2017-09-02,5.588,2,0.8,-15.0876
CA-2017-111220,2017-09-02,235.92,5,0.2,-44.235
US-2017-149006,2017-12-06,10.68,1,0.0,2.8836
CA-2017-149468,2017-05-20,41.28,2,0.0,19.8144
CA-2016-140249,2016-09-27,1001.584,2,0.2,125.198
US-2017-135503,2017-12-10,14.76,2,0.0,4.2804
CA-2014-126277,2014-09-13,2.502,3,0.7,-2.0016
US-2017-115301,2017-07-29,115.96,2,0.0,25.5112
CA-2017-168942,2017-08-01,186.54,3,0.0,50.3658
US-2017-128398,2017-05-02,159.56,4,0.0,59.0372
CA-2015-104115,2015-06-12,55.984,2,0.2,4.1988
CA-2014-142510,2014-12-22,132.16,1,0.2,9.912
CA-2014-142510,2014-12-22,17.904,6,0.8,-31.332
CA-2014-142510,2014-12-22,124.032,4,0.2,44.9616
CA-2014-124247,2014-12-16,1403.92,5,0.2,70.196
CA-2016-105473,2016-04-16,28.8,3,0.0,0.864
CA-2015-102806,2015-05-21,24.588,2,0.7,-18.0312
CA-2017-121706,2017-02-26,356.79,7,0.0,99.9012
CA-2017-109211,2017-04-04,16.98,1,0.0,8.49
CA-2015-134257,2015-03-16,491.55,5,0.0,240.8595
CA-2015-134257,2015-03-16,7.38,2,0.0,3.3948
CA-2015-137925,2015-11-30,23.66,7,0.0,10.8836
CA-2015-137925,2015-11-30,681.408,12,0.2,42.588
CA-2016-140046,2016-07-28,18.9,3,0.0,8.694
CA-2016-140382,2016-06-23,93.68,4,0.0,25.2936
CA-2016-140382,2016-06-23,21.93,3,0.0,10.3071
CA-2016-140382,2016-06-23,862.344,7,0.2,97.0137
CA-2016-140382,2016-06-23,19.98,1,0.0,9.3906
CA-2014-164182,2014-07-14,13.494,1,0.4,-2.249
CA-2014-164182,2014-07-14,23.988,2,0.4,-13.993
CA-2014-164182,2014-07-14,31.984,2,0.2,1.1994
CA-2014-164182,2014-07-14,41.584,2,0.2,4.6782
CA-2017-137365,2017-11-30,95.976,3,0.2,-10.7973
CA-2016-129847,2016-09-02,84.272,2,0.6,-75.8448
CA-2014-126963,2014-06-15,36.544,2,0.2,11.8768
CA-2016-125094,2016-11-05,479.72,4,0.0,52.7692
CA-2017-107132,2017-06-26,102.368,2,0.2,37.1084
CA-2017-107132,2017-06-26,28.4,5,0.0,8.236
CA-2017-107132,2017-06-26,713.88,4,0.0,214.164
CA-2017-107132,2017-06-26,68.52,3,0.0,31.5192
CA-2015-139248,2015-07-25,623.96,5,0.2,38.9975
CA-2014-148369,2014-09-23,11.12,4,0.0,5.4488
CA-2016-106243,2016-09-30,523.92,5,0.2,-26.196
CA-2015-126466,2015-11-09,2.48,2,0.0,1.1656
CA-2015-130365,2015-04-25,221.024,2,0.2,-55.256
CA-2015-130365,2015-04-25,128.058,3,0.3,-23.7822
CA-2017-143021,2017-11-19,58.408,7,0.2,18.2525
CA-2017-143021,2017-11-19,79.974,3,0.4,-29.3238
CA-2015-161767,2015-11-20,479.988,2,0.4,55.9986
CA-2015-129917,2015-10-02,11.808,3,0.2,4.1328
CA-2015-129917,2015-10-02,53.568,4,0.2,19.4184
CA-2015-129917,2015-10-02,503.96,5,0.2,50.396
CA-2015-115420,2015-04-25,21.34,2,0.0,9.8164
CA-2016-157588,2016-07-14,36.4,5,0.0,17.108
CA-2016-157588,2016-07-14,51.75,1,0.0,15.525
CA-2015-167255,2015-09-27,15.51,1,0.0,4.3428
CA-2015-167255,2015-09-27,146.82,3,0.0,73.41
CA-2015-167255,2015-09-27,12.96,2,0.0,6.2208
CA-2017-162096,2017-11-10,7.8,3,0.0,2.106
CA-2016-157161,2016-07-16,10.2,5,0.0,4.794
CA-2016-157161,2016-07-16,22.32,3,0.0,5.58
CA-2016-157161,2016-07-16,24.1,5,0.0,11.086
CA-2016-157161,2016-07-16,75.98,2,0.0,18.2352
CA-2016-157161,2016-07-16,6.46,2,0.0,3.1654
CA-2016-157161,2016-07-16,60.12,9,0.0,28.8576
CA-2015-110765,2015-10-16,824.97,3,0.0,214.4922
CA-2016-163937,2016-01-10,24.85,5,0.0,7.7035
CA-2017-153822,2017-09-19,12.624,2,0.2,-2.5248
CA-2017-153822,2017-09-19,89.584,2,0.2,4.4792
CA-2017-153822,2017-09-19,471.92,2,0.2,29.495
CA-2017-153822,2017-09-19,18.18,4,0.7,-13.938
CA-2017-146185,2017-09-15,31.744,2,0.2,8.3328
CA-2015-112144,2015-06-28,5.904,2,0.2,1.9926
CA-2015-112144,2015-06-28,621.76,4,0.2,46.632
US-2016-119298,2016-11-25,59.98,2,0.0,17.994
CA-2017-155159,2017-11-25,48.87,9,0.0,23.9463
CA-2017-149076,2017-01-14,154.9,5,0.0,69.705
CA-2014-146990,2014-11-07,5.92,4,0.0,2.8416
CA-2014-146990,2014-11-07,30.18,3,0.0,13.8828
CA-2016-116526,2016-09-01,24.1,5,0.0,11.086
CA-2016-116526,2016-09-01,8.78,1,0.0,2.2828
CA-2016-116526,2016-09-01,376.74,4,0.1,71.162
CA-2016-116526,2016-09-01,29.52,4,0.0,14.4648
CA-2016-116526,2016-09-01,11.96,2,0.0,2.99
CA-2016-116526,2016-09-01,26.4,5,0.0,12.672
CA-2017-158561,2017-11-11,1158.12,5,0.2,130.2885
CA-2017-165099,2017-12-11,1.392,2,0.8,-3.7584
CA-2015-109386,2015-11-08,44.43,3,0.0,18.6606
CA-2015-109386,2015-11-08,226.2,5,0.0,58.812
CA-2015-109386,2015-11-08,186.54,3,0.0,41.0388
CA-2015-109386,2015-11-08,265.86,7,0.0,79.758
CA-2015-109386,2015-11-08,27.9,5,0.0,6.975
CA-2015-166800,2015-11-19,31.08,4,0.0,8.3916
CA-2017-117443,2017-12-23,13.84,4,0.8,-22.144
CA-2017-117443,2017-12-23,175.872,4,0.2,63.7536
US-2016-134369,2016-09-16,12.96,2,0.0,6.3504
CA-2017-123687,2017-05-26,208.44,3,0.0,62.532
CA-2017-123687,2017-05-26,25.76,2,0.0,0.7728
CA-2015-104871,2015-03-30,366.744,4,0.3,-110.0232
CA-2014-133158,2014-08-19,289.24,7,0.0,26.0316
CA-2014-133158,2014-08-19,69.456,2,0.2,22.5732
CA-2014-126333,2014-12-23,5.184,1,0.2,1.8144
CA-2015-141740,2015-11-01,205.164,2,0.1,13.6776
CA-2014-119466,2014-12-15,8.544,2,0.6,-7.476
CA-2015-154823,2015-08-21,12.828,2,0.7,-8.9796
CA-2015-154823,2015-08-21,598.458,3,0.3,-42.747
CA-2015-154823,2015-08-21,25.984,1,0.2,-3.8976
US-2014-135881,2014-05-23,17.96,5,0.2,5.837
US-2014-135881,2014-05-23,5.04,2,0.0,0.1512
US-2014-135881,2014-05-23,208.16,1,0.0,56.2032
CA-2017-141201,2017-12-09,148.257,3,0.15,15.6978
CA-2014-114790,2014-03-11,146.76,3,0.0,38.1576
CA-2014-114790,2014-03-11,32.96,2,0.0,14.1728
CA-2014-114790,2014-03-11,587.97,3,0.0,164.6316
CA-2014-114790,2014-03-11,14.94,3,0.0,7.0218
US-2016-154256,2016-06-23,25.83,7,0.0,12.1401
CA-2014-124737,2014-08-23,15.552,3,0.2,5.4432
CA-2014-124737,2014-08-23,6.8,1,0.2,0.51
CA-2014-124737,2014-08-23,4.224,3,0.2,1.2672
CA-2014-124737,2014-08-23,143.64,9,0.2,10.773
CA-2014-124737,2014-08-23,31.104,6,0.2,10.8864
CA-2014-124737,2014-08-23,223.056,9,0.2,69.705
US-2017-101840,2017-02-06,227.46,6,0.0,65.9634
US-2017-101840,2017-02-06,46.24,4,0.2,15.606
CA-2017-131653,2017-01-29,5.22,2,0.0,2.4012
US-2016-157840,2016-12-20,33.9,5,0.0,15.594
CA-2016-145548,2016-11-11,28.14,3,0.0,7.8792
CA-2016-145548,2016-11-11,36.0,2,0.0,6.48
CA-2016-145548,2016-11-11,92.94,3,0.0,25.0938
CA-2016-145548,2016-11-11,245.646,3,0.1,8.1882
CA-2016-145548,2016-11-11,55.008,3,0.2,17.19
CA-2016-145548,2016-11-11,35.232,3,0.2,11.4504
CA-2017-119494,2017-11-09,523.392,3,0.2,52.3392
CA-2014-124618,2014-05-02,479.984,2,0.2,89.997
CA-2017-161970,2017-09-22,12.96,2,0.0,6.2208
CA-2017-161970,2017-09-22,17.94,3,0.0,6.4584
CA-2017-103443,2017-12-17,166.72,2,0.0,41.68
CA-2017-103443,2017-12-17,24.816,3,0.2,8.3754
CA-2017-103443,2017-12-17,124.36,2,0.0,27.3592
US-2017-165358,2017-07-18,599.97,5,0.4,69.9965
US-2017-165358,2017-07-18,198.744,4,0.3,-14.196
US-2017-165358,2017-07-18,9.184,2,0.2,1.148
CA-2016-160136,2016-11-03,9.248,2,0.2,3.3524
CA-2014-150581,2014-04-08,99.592,1,0.2,2.4898
CA-2014-150581,2014-04-08,399.96,4,0.0,139.986
CA-2016-119515,2016-08-14,15.552,3,0.2,5.4432
CA-2014-141355,2014-09-25,14.576,2,0.2,2.3686
CA-2016-165330,2016-12-11,209.6,5,0.2,68.12
CA-2016-165330,2016-12-11,23.32,2,0.0,6.0632
CA-2016-165330,2016-12-11,30.98,1,0.0,13.941
CA-2016-165330,2016-12-11,119.96,4,0.0,25.1916
CA-2016-165330,2016-12-11,363.92,5,0.2,-31.843
CA-2016-165330,2016-12-11,35.808,3,0.2,11.19
CA-2016-165330,2016-12-11,122.688,9,0.2,39.8736
CA-2016-165330,2016-12-11,892.136,7,0.2,111.517
CA-2016-165330,2016-12-11,50.22,3,0.0,2.0088
CA-2016-165330,2016-12-11,83.42,2,0.0,24.1918
CA-2016-165330,2016-12-11,5.872,2,0.2,2.1286
CA-2015-132633,2015-02-03,12.144,3,0.2,4.0986
CA-2016-157742,2016-12-29,27.792,3,0.2,10.422
CA-2017-127712,2017-08-31,6.208,2,0.2,0.6984
CA-2017-169474,2017-02-04,32.67,3,0.0,8.4942
CA-2014-106726,2014-12-06,1261.33,7,0.0,327.9458
CA-2016-147473,2016-05-30,38.88,6,0.0,18.6624
CA-2016-114209,2016-05-21,1.964,2,0.8,-3.2406
CA-2016-114209,2016-05-21,82.656,9,0.2,30.996
CA-2014-141901,2014-08-09,5.98,1,0.0,2.691
CA-2016-164490,2016-09-05,9.248,2,0.2,3.3524
CA-2016-112256,2016-07-23,4.448,2,0.2,0.3336
CA-2016-112256,2016-07-23,5.184,1,0.2,1.8144
CA-2016-112256,2016-07-23,175.92,5,0.2,15.393
CA-2016-112256,2016-07-23,4.752,4,0.8,-8.316
CA-2016-112256,2016-07-23,13.344,2,0.2,1.0008
CA-2016-167416,2016-05-12,54.9,5,0.0,26.901
CA-2016-106950,2016-09-02,22.911,7,0.7,-17.5651
CA-2016-106950,2016-09-02,309.456,9,0.2,34.8138
CA-2016-106950,2016-09-02,19.456,4,0.2,3.4048
CA-2016-106950,2016-09-02,472.518,3,0.4,-149.6307
CA-2016-106950,2016-09-02,1012.68,3,0.2,303.804
CA-2016-106950,2016-09-02,17.22,5,0.7,-12.628
CA-2017-118724,2017-07-21,3.52,2,0.0,1.6896
CA-2017-118724,2017-07-21,1626.192,9,0.2,121.9644
CA-2017-112004,2017-09-25,8.595,5,0.7,-6.303
CA-2017-112004,2017-09-25,190.896,2,0.2,-42.9516
US-2017-143175,2017-08-03,99.87,3,0.0,23.9688
CA-2015-105844,2015-10-25,79.36,4,0.0,23.808
CA-2017-118864,2017-06-15,119.96,1,0.2,7.4975
CA-2015-119480,2015-01-09,106.32,3,0.0,49.9704
CA-2015-119480,2015-01-09,163.44,3,0.0,45.7632
CA-2015-119480,2015-01-09,42.76,2,0.0,11.1176
CA-2015-119480,2015-01-09,51.55,5,0.0,24.2285
US-2015-153374,2015-02-09,479.952,6,0.2,89.991
CA-2016-101980,2016-08-19,146.688,6,0.2,55.008
CA-2016-101980,2016-08-19,276.784,2,0.2,89.9548
CA-2016-101980,2016-08-19,25.32,5,0.2,9.1785
CA-2017-144596,2017-11-06,318.96,9,0.0,149.9112
CA-2015-124933,2015-12-26,212.64,6,0.0,99.9408
CA-2014-159625,2014-11-23,23.472,3,0.2,8.802
CA-2016-144337,2016-08-01,19.648,2,0.2,6.6312
CA-2014-117478,2014-09-21,6.57,3,0.7,-5.037
CA-2017-147410,2017-09-04,421.1,2,0.0,105.275
CA-2017-128944,2017-06-19,760.116,6,0.3,-43.4352
CA-2017-128944,2017-06-19,38.784,3,0.2,7.272
CA-2017-128944,2017-06-19,122.328,9,0.2,1.5291
CA-2016-109666,2016-04-19,25.98,2,0.0,0.7794
CA-2016-109666,2016-04-19,3.28,2,0.0,1.476
CA-2016-109666,2016-04-19,459.88,4,0.0,13.7964
CA-2016-109666,2016-04-19,7.76,2,0.0,2.2504
CA-2016-109666,2016-04-19,71.96,2,0.0,17.99
CA-2016-109666,2016-04-19,54.9,5,0.0,15.372
CA-2016-109666,2016-04-19,9.28,2,0.2,3.248
US-2016-102239,2016-05-05,1685.88,6,0.0,320.3172
US-2016-102239,2016-05-05,5.728,2,0.2,2.0048
CA-2014-143168,2014-10-18,61.96,2,0.0,27.882
CA-2014-143168,2014-10-18,1.344,1,0.2,0.4704
CA-2017-104906,2017-02-13,17.94,3,0.0,8.7906
CA-2017-118122,2017-11-17,13.904,2,0.2,4.5188
US-2014-147774,2014-01-20,67.194,1,0.7,-51.5154
CA-2017-166926,2017-12-01,41.86,7,0.0,18.837
CA-2017-166926,2017-12-01,141.96,2,0.0,41.1684
CA-2015-128013,2015-08-09,10.02,3,0.0,4.4088
CA-2015-128013,2015-08-09,144.12,3,0.0,69.1776
CA-2016-123176,2016-09-27,17.94,3,0.0,8.7906
CA-2016-123176,2016-09-27,13.89,3,0.0,4.5837
US-2016-117541,2016-11-14,16.45,5,0.0,7.567
US-2016-117541,2016-11-14,19.92,4,0.0,6.5736
CA-2016-166282,2016-04-16,35.168,4,0.2,8.3524
CA-2016-166282,2016-04-16,123.088,7,0.2,40.0036
CA-2017-141439,2017-11-26,257.94,3,0.0,67.0644
CA-2017-141439,2017-11-26,1879.96,4,0.0,545.1884
CA-2017-141439,2017-11-26,27.46,2,0.0,9.8856
CA-2017-141439,2017-11-26,89.98,2,0.0,43.1904
CA-2017-141439,2017-11-26,828.6,3,0.0,240.294
CA-2015-163965,2015-11-20,7.23,5,0.7,-5.784
CA-2015-163965,2015-11-20,17.44,2,0.2,1.308
CA-2015-163965,2015-11-20,62.88,4,0.7,-50.304
CA-2015-163965,2015-11-20,290.352,3,0.2,-36.294
CA-2017-128783,2017-09-07,113.52,4,0.0,46.5432
CA-2017-128783,2017-09-07,135.3,5,0.0,37.884
CA-2014-122217,2014-11-24,111.15,5,0.0,48.906
US-2017-141558,2017-03-11,776.85,5,0.4,-181.265
US-2017-141558,2017-03-11,12.294,1,0.7,-8.6058
US-2017-141558,2017-03-11,154.764,3,0.4,-46.4292
US-2017-141558,2017-03-11,43.28,1,0.2,3.246
CA-2016-139941,2016-06-12,92.94,3,0.0,41.823
CA-2016-139941,2016-06-12,52.56,3,0.0,18.396
CA-2015-166583,2015-06-26,971.88,3,0.2,109.3365
CA-2017-100412,2017-12-22,141.96,2,0.0,35.49
CA-2017-142909,2017-12-22,182.55,2,0.5,-135.087
CA-2014-137911,2014-10-09,88.768,2,0.2,31.0688
CA-2015-106208,2015-12-10,53.088,7,0.8,-108.8304
US-2015-136749,2015-12-25,275.88,6,0.0,46.8996
US-2015-136749,2015-12-25,157.9,5,0.0,74.213
CA-2017-126718,2017-04-29,4.91,1,0.0,2.4059
CA-2016-131380,2016-03-28,87.92,4,0.0,0.8792
CA-2016-131380,2016-03-28,5.98,1,0.0,2.9302
CA-2015-145835,2015-05-13,222.384,2,0.2,16.6788
CA-2015-145835,2015-05-13,16.0,4,0.2,5.6
CA-2014-138709,2014-07-04,21.84,3,0.0,10.92
CA-2014-138709,2014-07-04,15.6,5,0.0,7.644
CA-2014-122070,2014-04-22,247.84,8,0.0,121.4416
CA-2014-122070,2014-04-22,9.912,3,0.2,3.3453
CA-2016-158610,2016-09-19,69.52,2,0.0,17.38
CA-2014-117464,2014-07-22,11.52,4,0.0,3.2256
CA-2014-117464,2014-07-22,717.72,3,0.2,71.772
CA-2014-117464,2014-07-22,236.5,10,0.0,68.585
CA-2014-117464,2014-07-22,170.352,3,0.2,19.1646
US-2017-168613,2017-10-08,145.764,2,0.1,3.2392
CA-2017-125381,2017-04-25,107.97,3,0.0,22.6737
US-2017-141677,2017-03-26,143.96,5,0.2,1.7995
US-2017-141677,2017-03-26,2399.96,5,0.2,569.9905
US-2017-141677,2017-03-26,74.352,3,0.2,23.235
US-2017-141677,2017-03-26,87.168,8,0.8,-226.6368
US-2017-141677,2017-03-26,32.232,3,0.2,2.4174
CA-2017-133067,2017-05-04,2.202,2,0.7,-1.5414
CA-2017-133067,2017-05-04,9.396,3,0.7,-7.5168
US-2016-144351,2016-11-14,89.97,3,0.0,25.1916
CA-2014-106054,2014-01-06,12.78,3,0.0,5.2398
CA-2016-138667,2016-12-27,40.0,2,0.2,0.5
CA-2017-150609,2017-04-30,23.24,5,0.2,7.553
CA-2017-128853,2017-04-21,908.82,9,0.0,227.205
CA-2017-133102,2017-08-17,5.552,2,0.2,-1.041
CA-2017-133102,2017-08-17,8.016,3,0.2,1.002
CA-2017-133102,2017-08-17,74.592,4,0.3,-2.1312
CA-2017-133102,2017-08-17,16.784,2,0.6,-22.2388
CA-2017-133102,2017-08-17,38.864,4,0.8,-99.1032
CA-2016-164399,2016-11-12,203.976,3,0.2,25.497
CA-2016-164399,2016-11-12,674.352,3,0.2,-8.4294
CA-2016-116918,2016-10-01,5.388,4,0.7,-4.49
CA-2016-116918,2016-10-01,30.976,8,0.2,5.0336
CA-2016-110492,2016-02-12,1350.12,6,0.0,175.5156
CA-2016-110492,2016-02-12,15.92,4,0.0,7.4824
CA-2016-147683,2016-11-13,19.54,2,0.0,7.2298
CA-2014-116785,2014-04-26,21.4,5,0.0,6.206
CA-2014-116785,2014-04-26,12.6,2,0.0,5.796
US-2015-156797,2015-08-11,11.96,2,0.0,3.1096
US-2015-156797,2015-08-11,138.0,2,0.0,34.5
CA-2016-104276,2016-11-27,116.76,1,0.2,14.595
CA-2016-104276,2016-11-27,331.023,7,0.45,-114.3534
CA-2016-120369,2016-10-28,756.8,5,0.0,75.68
CA-2014-118276,2014-12-29,8.736,3,0.6,-4.8048
CA-2015-136658,2015-09-10,6.08,2,0.0,2.0672
CA-2017-137414,2017-10-02,17.46,2,0.0,5.9364
CA-2017-137414,2017-10-02,369.16,11,0.2,32.3015
CA-2016-143476,2016-09-11,2.912,2,0.2,0.91
CA-2016-143476,2016-09-11,20.736,4,0.2,7.2576
CA-2016-143476,2016-09-11,9.568,2,0.2,2.99
US-2016-119046,2016-06-02,30.18,3,0.0,13.8828
US-2016-119046,2016-06-02,51.648,12,0.2,18.7224
US-2016-119046,2016-06-02,11.232,3,0.2,3.9312
CA-2017-154949,2017-10-15,14.73,3,0.0,7.2177
CA-2015-103072,2015-09-27,16.4,5,0.0,4.756
CA-2015-103072,2015-09-27,25.92,4,0.0,12.4416
CA-2015-150770,2015-05-03,8.82,3,0.0,2.5578
CA-2015-150770,2015-05-03,62.496,2,0.2,21.8736
CA-2015-150770,2015-05-03,339.96,4,0.0,122.3856
CA-2015-150770,2015-05-03,49.568,2,0.2,17.3488
CA-2017-154760,2017-01-09,274.491,3,0.7,-228.7425
US-2017-104437,2017-01-27,137.94,3,0.0,35.8644
CA-2017-113075,2017-09-02,40.68,3,0.2,-7.119
CA-2016-109953,2016-07-14,110.376,3,0.2,12.4173
CA-2016-109953,2016-07-14,151.62,7,0.0,50.0346
CA-2016-109953,2016-07-14,30.8,4,0.0,10.164
CA-2017-127397,2017-02-24,123.92,5,0.2,38.725
CA-2017-127397,2017-02-24,1319.8,5,0.2,214.4675
CA-2014-157546,2014-07-20,89.712,6,0.2,30.2778
CA-2014-157546,2014-07-20,22.83,3,0.0,10.7301
CA-2017-153843,2017-03-13,30.88,2,0.0,15.44
CA-2017-153843,2017-03-13,465.16,2,0.0,120.9416
CA-2017-153843,2017-03-13,27.12,4,0.0,12.4752
CA-2016-137337,2016-03-08,113.6,8,0.0,44.304
CA-2016-137337,2016-03-08,12.96,2,0.0,6.3504
CA-2016-137337,2016-03-08,69.456,2,0.2,22.5732
CA-2014-138737,2014-12-07,8.64,3,0.0,2.4192
CA-2016-164924,2016-07-10,341.991,3,0.7,-319.1916
CA-2016-101651,2016-12-24,43.96,7,0.0,18.4632
CA-2016-101651,2016-12-24,39.76,7,0.0,18.6872
CA-2017-136651,2017-04-23,66.36,7,0.0,26.544
CA-2017-136651,2017-04-23,92.88,6,0.2,30.186
CA-2017-136651,2017-04-23,24.14,2,0.0,7.9662
CA-2017-118892,2017-08-17,4416.174,9,0.3,-630.882
US-2017-151127,2017-05-22,49.56,7,0.0,18.8328
CA-2017-145807,2017-02-09,354.9,5,0.0,17.745
US-2014-127978,2014-03-03,15.12,3,0.2,4.914
US-2014-127978,2014-03-03,302.45,5,0.5,-199.617
US-2014-127978,2014-03-03,44.672,8,0.2,-10.0512
CA-2015-158491,2015-06-04,119.98,2,0.0,35.994
CA-2015-158491,2015-06-04,989.97,3,0.0,395.988
CA-2016-116764,2016-08-27,9.216,4,0.2,3.3408
CA-2016-152457,2016-09-12,68.52,3,0.0,31.5192
CA-2016-152730,2016-05-30,364.74,3,0.0,109.422
CA-2016-152730,2016-05-30,47.4,5,0.0,21.33
CA-2016-152730,2016-05-30,49.76,4,0.0,13.9328
CA-2016-152730,2016-05-30,5.56,2,0.0,1.4456
CA-2016-152730,2016-05-30,629.1,6,0.0,301.968
CA-2016-152730,2016-05-30,14.7,5,0.0,3.969
CA-2016-152730,2016-05-30,45.36,7,0.0,21.7728
CA-2016-152730,2016-05-30,125.99,1,0.0,35.2772
CA-2017-137001,2017-06-10,14.7,7,0.0,4.116
CA-2017-156363,2017-10-22,32.7,5,0.4,-6.54
CA-2017-156363,2017-10-22,31.68,4,0.2,11.088
CA-2017-122056,2017-06-13,181.86,7,0.0,50.9208
US-2014-143721,2014-11-23,155.372,2,0.3,-35.5136
CA-2017-122987,2017-08-16,13.428,3,0.7,-11.19
CA-2017-122987,2017-08-16,67.136,4,0.2,-0.8392
CA-2016-133368,2016-01-14,89.568,2,0.2,32.4684
CA-2016-133368,2016-01-14,315.776,8,0.2,31.5776
CA-2016-123337,2016-09-16,273.666,2,0.15,-12.8784
CA-2016-123337,2016-09-16,17.48,4,0.0,4.5448
US-2016-150357,2016-10-10,20.608,2,0.2,-4.3792
US-2016-150357,2016-10-10,4.095,3,0.7,-2.73
CA-2015-144519,2015-11-13,339.96,5,0.2,42.495
CA-2015-144519,2015-11-13,63.98,7,0.0,21.7532
CA-2014-120670,2014-11-02,799.92,10,0.2,239.976
CA-2016-157217,2016-07-19,35.984,2,0.2,4.498
CA-2016-157217,2016-07-19,389.97,3,0.0,132.5898
CA-2016-108224,2016-05-14,185.528,7,0.2,48.7011
CA-2015-162782,2015-02-21,2541.98,2,0.0,1270.99
CA-2017-159282,2017-10-16,599.985,5,0.7,-479.988
CA-2017-155936,2017-06-22,3.036,3,0.8,-5.0094
CA-2017-169439,2017-09-09,25.92,5,0.2,3.888
CA-2017-169439,2017-09-09,66.112,2,0.2,-9.0904
CA-2017-151183,2017-10-14,46.36,4,0.0,15.2988
CA-2016-149965,2016-06-20,6.9,1,0.0,0.552
CA-2016-149965,2016-06-20,57.69,3,0.0,23.6529
CA-2014-158281,2014-09-02,559.71,3,0.4,-121.2705
CA-2016-153661,2016-01-30,305.01,9,0.0,76.2525
CA-2016-153661,2016-01-30,50.784,2,0.2,17.7744
CA-2016-153661,2016-01-30,26.01,9,0.0,12.2247
CA-2017-109183,2017-12-04,649.0,2,0.5,-272.58
CA-2016-113656,2016-01-23,59.99,7,0.0,21.5964
CA-2015-148964,2015-05-26,20.24,1,0.0,7.8936
CA-2014-111899,2014-05-04,37.84,2,0.2,2.838
CA-2014-111899,2014-05-04,5.472,6,0.2,1.8468
CA-2015-101126,2015-02-10,77.24,5,0.2,7.724
CA-2014-163468,2014-11-18,292.1,4,0.5,-175.26
CA-2014-163468,2014-11-18,8.544,2,0.6,-7.476
CA-2014-163468,2014-11-18,424.116,6,0.3,-30.294
CA-2014-163468,2014-11-18,2.892,3,0.8,-4.9164
CA-2014-163468,2014-11-18,381.72,5,0.2,-66.801
US-2017-117450,2017-09-04,97.184,2,0.2,6.074
US-2017-117450,2017-09-04,10.368,2,0.2,3.6288
CA-2014-137274,2014-03-29,890.841,3,0.3,-152.7156
CA-2016-144092,2016-11-05,72.0,4,0.0,12.96
CA-2016-144092,2016-11-05,113.888,2,0.2,9.9652
CA-2016-144092,2016-11-05,158.13,3,0.0,77.4837
CA-2017-112172,2017-06-10,14.13,3,0.0,0.7065
CA-2015-121699,2015-08-10,64.75,5,0.0,29.1375
CA-2015-162761,2015-10-09,1.872,2,0.7,-1.3104
CA-2015-162761,2015-10-09,11.214,2,0.7,-8.5974
CA-2015-162761,2015-10-09,37.376,8,0.2,7.4752
CA-2016-121377,2016-05-28,286.4,1,0.2,25.06
CA-2017-115322,2017-05-11,43.92,3,0.0,12.7368
CA-2016-132066,2016-10-16,142.182,1,0.4,-37.9152
CA-2017-158120,2017-11-17,19.608,3,0.2,6.6177
CA-2017-158120,2017-11-17,4.158,7,0.7,-3.465
CA-2017-100097,2017-11-26,979.95,5,0.0,264.5865
CA-2017-100097,2017-11-26,135.3,5,0.0,37.884
CA-2017-167626,2017-09-03,8.904,3,0.2,3.339
CA-2017-167626,2017-09-03,100.8,2,0.2,21.42
US-2017-126053,2017-12-05,41.96,2,0.0,10.9096
US-2017-126053,2017-12-05,9.45,3,0.0,4.536
US-2017-128447,2017-11-10,400.8,5,0.0,112.224
US-2017-128447,2017-11-10,28.792,1,0.2,10.0772
US-2014-131275,2014-03-18,111.0,2,0.0,14.43
US-2014-131275,2014-03-18,1279.968,4,0.2,415.9896
US-2014-131275,2014-03-18,1856.19,7,0.0,334.1142
CA-2016-149349,2016-11-12,22.752,6,0.6,-8.532
CA-2017-115119,2017-10-26,61.542,1,0.4,-13.3341
CA-2017-115119,2017-10-26,81.438,7,0.7,-65.1504
CA-2015-125563,2015-04-11,67.36,2,0.2,10.104
CA-2015-125563,2015-04-11,54.528,3,0.2,14.3136
CA-2015-113152,2015-12-25,843.9,2,0.0,371.316
CA-2015-113152,2015-12-25,449.568,2,0.2,56.196
CA-2017-165155,2017-09-21,15.51,1,0.0,3.8775
CA-2014-163412,2014-12-20,192.186,3,0.1,36.3018
CA-2015-159590,2015-07-18,5.76,2,0.0,1.6128
CA-2014-116190,2014-07-26,67.88,2,0.0,18.3276
CA-2014-116190,2014-07-26,162.89,13,0.0,76.5583
CA-2014-116190,2014-07-26,25.71,3,0.0,9.2556
CA-2014-168473,2014-12-26,191.88,6,0.0,19.188
CA-2017-168389,2017-12-11,721.875,6,0.45,-420.0
CA-2017-168389,2017-12-11,73.568,4,0.2,-16.5528
CA-2017-168389,2017-12-11,13.584,1,0.2,1.3584
CA-2017-168389,2017-12-11,64.784,1,0.2,-12.147
CA-2014-130421,2014-03-03,176.772,3,0.8,-459.6072
CA-2017-142125,2017-10-21,38.82,6,0.0,19.41
CA-2017-142125,2017-10-21,21.9,5,0.0,10.512
CA-2017-141138,2017-11-10,111.79,7,0.0,43.5981
CA-2017-152135,2017-03-16,445.44,8,0.4,-81.664
CA-2016-151974,2016-09-22,16.52,5,0.2,5.369
CA-2017-154102,2017-02-06,29.9,5,0.0,13.455
CA-2015-139780,2015-12-31,116.4,8,0.0,52.38
CA-2016-114748,2016-10-09,1.408,1,0.2,0.1584
CA-2016-114748,2016-10-09,169.568,2,0.2,0.0
US-2014-115189,2014-12-30,251.964,6,0.4,-50.3928
US-2014-115189,2014-12-30,523.764,3,0.4,-192.0468
CA-2016-163594,2016-04-12,19.44,3,0.0,9.3312
CA-2016-163594,2016-04-12,194.352,3,0.2,-36.441
CA-2016-163594,2016-04-12,36.624,3,0.2,13.734
CA-2016-127243,2016-11-28,340.182,3,0.4,-73.7061
CA-2016-127243,2016-11-28,12.672,8,0.2,2.6928
CA-2016-127243,2016-11-28,6.888,2,0.7,-5.0512
CA-2016-127243,2016-11-28,32.544,2,0.2,-7.7292
CA-2016-127243,2016-11-28,347.802,7,0.3,-24.843
CA-2017-161851,2017-04-15,15.57,3,0.7,-11.937
CA-2015-110345,2015-03-09,4.608,2,0.2,1.6704
CA-2014-107769,2014-10-28,257.98,2,0.0,74.8142
US-2017-123862,2017-01-07,153.78,11,0.0,44.5962
US-2017-123862,2017-01-07,61.02,3,0.0,0.6102
US-2017-123862,2017-01-07,110.11,7,0.0,31.9319
US-2017-123862,2017-01-07,7.89,1,0.0,3.5505
CA-2017-100580,2017-08-13,36.024,3,0.2,11.7078
US-2017-145597,2017-11-02,54.336,4,0.2,5.4336
CA-2014-132787,2014-09-19,92.52,6,0.0,24.9804
CA-2015-136224,2015-05-31,10.272,3,0.2,1.1556
CA-2016-105732,2016-09-13,40.74,3,0.0,0.4074
CA-2016-105732,2016-09-13,14.4,5,0.0,7.056
CA-2016-105732,2016-09-13,149.95,5,0.0,41.986
CA-2016-105732,2016-09-13,16.9,2,0.0,5.07
CA-2016-105732,2016-09-13,17.61,3,0.0,8.4528
CA-2016-105732,2016-09-13,378.0,2,0.0,136.08
CA-2016-105732,2016-09-13,17.64,3,0.0,8.6436
CA-2016-105732,2016-09-13,373.08,6,0.0,100.7316
CA-2016-105732,2016-09-13,1336.44,14,0.0,387.5676
CA-2016-105732,2016-09-13,29.97,3,0.0,0.2997
CA-2017-108035,2017-11-29,390.368,2,0.2,48.796
CA-2017-108035,2017-11-29,101.52,5,0.2,19.035
CA-2017-160031,2017-12-04,74.352,3,0.2,23.235
CA-2017-147844,2017-05-02,15.7,5,0.0,7.065
CA-2017-147844,2017-05-02,59.52,3,0.0,15.4752
CA-2017-147844,2017-05-02,34.4,5,0.0,15.824
CA-2016-110975,2016-12-25,313.176,2,0.4,-120.0508
CA-2016-110975,2016-12-25,866.646,3,0.1,173.3292
CA-2014-141649,2014-09-30,795.408,6,0.2,59.6556
CA-2014-124807,2014-07-12,35.856,9,0.2,12.9978
CA-2014-124807,2014-07-12,23.84,4,0.2,3.278
CA-2016-110009,2016-09-08,43.13,1,0.0,14.6642
CA-2016-110009,2016-09-08,30.87,7,0.0,14.2002
CA-2017-168172,2017-08-06,70.12,4,0.0,21.036
CA-2015-100146,2015-05-14,509.9575,5,0.15,41.9965
CA-2015-100146,2015-05-14,122.91,3,0.0,34.4148
CA-2015-100146,2015-05-14,97.568,2,0.2,-6.098
CA-2015-100146,2015-05-14,722.352,3,0.2,81.2646
CA-2017-152079,2017-01-20,11.52,5,0.2,4.176
CA-2016-129728,2016-05-30,167.84,8,0.0,11.7488
CA-2014-121769,2014-04-08,172.11,1,0.4,-94.6605
CA-2014-103058,2014-07-23,99.98,2,0.0,7.9984
CA-2017-121125,2017-05-30,156.792,1,0.2,17.6391
CA-2017-121125,2017-05-30,35.36,2,0.2,-3.094
CA-2017-121125,2017-05-30,13.592,1,0.2,-0.3398
US-2016-114013,2016-03-13,386.68,2,0.3,-5.524
US-2016-114013,2016-03-13,379.96,5,0.2,47.495
US-2016-114013,2016-03-13,539.91,3,0.4,-116.9805
US-2016-114013,2016-03-13,41.24,5,0.2,13.9185
US-2016-114013,2016-03-13,51.897,1,0.7,-41.5176
US-2016-114013,2016-03-13,552.56,5,0.2,-138.14
US-2016-114013,2016-03-13,23.16,5,0.7,-15.44
US-2016-114013,2016-03-13,126.08,2,0.2,-28.368
US-2016-114013,2016-03-13,449.1,3,0.7,-643.71
CA-2017-135069,2017-04-10,195.104,4,0.2,21.9492
CA-2017-135069,2017-04-10,36.672,3,0.2,6.4176
CA-2016-101693,2016-06-25,85.246,2,0.3,-6.089
CA-2016-101693,2016-06-25,32.712,2,0.6,-26.1696
US-2014-164763,2014-03-17,11.43,3,0.0,5.3721
US-2014-164763,2014-03-17,30.44,2,0.0,14.9156
US-2014-164763,2014-03-17,12.96,2,0.0,6.3504
US-2014-164763,2014-03-17,16.0,4,0.0,7.68
US-2014-164763,2014-03-17,32.67,3,0.0,8.4942
CA-2014-161249,2014-08-09,4.464,3,0.2,-0.9486
CA-2014-161249,2014-08-09,9.345,5,0.7,-6.5415
CA-2015-148180,2015-07-26,9.144,3,0.2,3.0861
CA-2015-148180,2015-07-26,23.136,6,0.2,8.3868
CA-2015-148180,2015-07-26,99.2,5,0.0,25.792
CA-2014-165568,2014-02-15,21.36,5,0.2,7.209
CA-2015-145457,2015-03-24,46.9,5,0.0,13.132
US-2017-163657,2017-09-02,18.72,5,0.2,6.552
US-2017-163657,2017-09-02,236.528,2,0.2,-2.9566
CA-2015-120446,2015-11-16,18.9,3,0.0,8.694
CA-2014-109932,2014-12-09,10.688,2,0.2,3.7408
CA-2014-109932,2014-12-09,237.096,3,0.2,20.7459
CA-2017-127474,2017-02-03,5.184,1,0.2,1.8144
CA-2017-127474,2017-02-03,65.584,2,0.2,23.7742
CA-2017-127474,2017-02-03,22.2,1,0.6,-26.085
CA-2017-127474,2017-02-03,419.4,5,0.2,146.79
CA-2017-115448,2017-11-11,88.92,5,0.2,14.4495
CA-2017-105669,2017-09-17,9.912,3,0.2,3.2214
CA-2017-105669,2017-09-17,318.43,5,0.3,-77.333
CA-2017-105669,2017-09-17,5.8,5,0.8,-10.15
CA-2017-105669,2017-09-17,1415.76,6,0.2,88.485
CA-2017-134796,2017-06-25,148.48,2,0.2,16.704
CA-2016-137743,2016-07-30,9.248,4,0.2,3.1212
CA-2016-137743,2016-07-30,1036.624,2,0.2,51.8312
CA-2015-137974,2015-04-16,569.64,2,0.0,148.1064
CA-2015-137974,2015-04-16,9.14,1,0.0,4.57
CA-2015-137974,2015-04-16,1196.86,7,0.0,119.686
CA-2015-137974,2015-04-16,523.26,9,0.0,125.5824
US-2015-136987,2015-04-11,639.968,4,0.2,215.9892
US-2015-136987,2015-04-11,52.76,2,0.0,24.2696
CA-2015-138485,2015-02-27,538.92,9,0.0,80.838
CA-2016-103709,2016-09-08,14.88,2,0.0,3.72
CA-2016-103709,2016-09-08,34.24,8,0.0,15.408
CA-2016-103709,2016-09-08,261.74,2,0.0,65.435
CA-2016-138282,2016-05-19,87.84,8,0.0,23.7168
CA-2017-148985,2017-11-11,34.92,4,0.0,11.8728
CA-2014-138100,2014-09-15,14.94,3,0.0,7.0218
CA-2014-138100,2014-09-15,14.56,2,0.0,6.2608
CA-2015-100734,2015-09-15,3.576,4,0.7,-2.8608
CA-2015-100734,2015-09-15,147.184,2,0.2,-29.4368
CA-2016-139997,2016-07-01,1499.95,5,0.0,449.985
CA-2016-109652,2016-04-10,13.568,4,0.2,3.2224
CA-2014-167199,2014-01-06,2573.82,9,0.0,746.4078
CA-2014-167199,2014-01-06,609.98,2,0.0,274.491
CA-2014-167199,2014-01-06,5.48,2,0.0,1.4796
CA-2014-167199,2014-01-06,391.98,2,0.0,113.6742
CA-2014-167199,2014-01-06,755.96,4,0.0,204.1092
CA-2014-167199,2014-01-06,31.12,4,0.0,0.3112
CA-2014-167199,2014-01-06,6.54,1,0.0,3.0084
CA-2016-124583,2016-09-01,12.78,1,0.0,5.751
CA-2014-113964,2014-09-23,18.464,4,0.2,6.924
CA-2014-129938,2014-12-15,445.802,7,0.3,-108.2662
CA-2017-135111,2017-12-28,2.48,1,0.0,0.868
CA-2017-135111,2017-12-28,25.9,5,0.0,12.691
US-2015-134558,2015-12-19,29.9,5,0.0,14.651
US-2015-134558,2015-12-19,2249.91,9,0.0,517.4793
US-2015-134558,2015-12-19,1053.164,4,0.3,-105.3164
CA-2017-157196,2017-11-05,12.96,2,0.0,6.2208
CA-2015-108672,2015-09-10,106.68,6,0.0,33.0708
US-2017-118598,2017-11-16,119.94,6,0.0,5.997
US-2017-160836,2017-09-11,10.272,3,0.2,3.21
US-2017-160836,2017-09-11,512.19,5,0.3,-65.853
US-2017-160836,2017-09-11,1.556,2,0.8,-4.2012
CA-2017-121048,2017-07-14,4.448,2,0.2,1.4456
CA-2017-121048,2017-07-14,276.69,3,0.0,49.8042
CA-2017-121048,2017-07-14,4.96,4,0.0,2.3312
CA-2017-121048,2017-07-14,71.92,4,0.0,20.8568
CA-2017-121048,2017-07-14,18.84,3,0.0,7.9128
CA-2017-121048,2017-07-14,140.97,3,0.0,19.7358
CA-2017-121048,2017-07-14,470.376,3,0.2,52.9173
US-2017-120147,2017-03-30,6.08,2,0.0,2.0672
US-2017-120147,2017-03-30,164.792,1,0.2,18.5391
CA-2016-158043,2016-01-31,23.36,2,0.0,11.68
US-2017-106579,2017-06-08,12.176,4,0.8,-18.8728
CA-2014-115889,2014-11-02,46.384,2,0.2,5.2182
CA-2014-115889,2014-11-02,362.92,2,0.0,105.2468
US-2017-161935,2017-07-14,9.248,2,0.2,3.3524
US-2017-161935,2017-07-14,1889.946,9,0.4,-377.9892
US-2017-161935,2017-07-14,62.04,5,0.2,4.653
US-2017-161935,2017-07-14,396.92,5,0.2,148.845
US-2017-161935,2017-07-14,239.456,7,0.2,17.9592
US-2017-161935,2017-07-14,13.12,5,0.2,2.132
US-2017-167920,2017-12-09,29.36,2,0.0,13.5056
US-2017-167920,2017-12-09,214.9,5,0.0,62.321
US-2017-167920,2017-12-09,15.92,4,0.0,7.4824
US-2017-167920,2017-12-09,146.45,5,0.0,48.3285
US-2017-167920,2017-12-09,15.14,1,0.0,0.6056
US-2017-167920,2017-12-09,5.76,2,0.0,2.6496
US-2017-167920,2017-12-09,1399.98,2,0.0,629.991
CA-2016-162383,2016-09-05,8.952,2,0.7,-7.46
CA-2016-162383,2016-09-05,8.856,6,0.7,-6.4944
CA-2016-162383,2016-09-05,85.246,2,0.3,-1.2178
CA-2014-125731,2014-09-10,21.728,7,0.2,7.6048
CA-2014-125731,2014-09-10,1487.04,5,0.2,148.704
US-2017-106145,2017-09-26,71.88,6,0.0,33.0648
US-2017-106145,2017-09-26,9.24,3,0.0,2.9568
US-2017-106145,2017-09-26,35.88,6,0.0,16.146
US-2017-106145,2017-09-26,17.04,3,0.2,5.538
US-2017-106145,2017-09-26,931.176,3,0.2,314.2719
CA-2016-107146,2016-06-17,266.352,3,0.2,-13.3176
CA-2016-107146,2016-06-17,483.136,4,0.2,54.3528
US-2017-134642,2017-02-25,196.784,2,0.2,-22.1382
US-2017-134642,2017-02-25,231.92,5,0.2,5.798
US-2017-160143,2017-03-31,29.7,3,0.0,8.019
CA-2017-103415,2017-12-03,13.592,2,0.6,-14.2716
CA-2016-106460,2016-02-19,70.88,2,0.0,33.3136
US-2017-112347,2017-12-02,114.288,1,0.2,12.8574
US-2017-112347,2017-12-02,36.624,8,0.7,-24.416
US-2017-112347,2017-12-02,242.352,8,0.7,-363.528
US-2017-112347,2017-12-02,49.616,2,0.2,4.9616
US-2017-112347,2017-12-02,508.704,6,0.2,0.0
US-2017-112347,2017-12-02,57.36,6,0.2,-14.34
US-2017-112347,2017-12-02,906.68,5,0.2,68.001
CA-2014-103492,2014-10-10,719.952,6,0.2,71.9952
CA-2014-103492,2014-10-10,755.944,7,0.2,66.1451
CA-2014-103492,2014-10-10,11.98,5,0.8,-19.168
CA-2014-103492,2014-10-10,0.898,1,0.8,-1.5715
CA-2016-136595,2016-09-05,21.204,3,0.6,-11.6622
CA-2014-140396,2014-11-20,34.74,3,0.0,17.37
CA-2014-140396,2014-11-20,833.94,6,0.0,216.8244
CA-2014-140396,2014-11-20,12.96,3,0.2,4.536
CA-2014-140396,2014-11-20,25.92,4,0.0,12.4416
CA-2014-114181,2014-05-10,349.965,7,0.5,-216.9783
CA-2014-114181,2014-05-10,22.32,5,0.2,5.301
CA-2017-159506,2017-11-27,158.28,6,0.0,72.8088
CA-2017-159506,2017-11-27,497.94,3,0.0,224.073
US-2014-137155,2014-11-01,533.94,3,0.0,154.8426
US-2014-137155,2014-11-01,167.94,3,0.0,82.2906
US-2014-137155,2014-11-01,31.68,6,0.0,9.8208
CA-2016-105746,2016-12-30,170.786,1,0.3,0.0
US-2016-104815,2016-09-03,198.744,4,0.3,0.0
CA-2017-157672,2017-10-05,63.824,2,0.2,13.5626
US-2016-166660,2016-01-30,435.168,4,0.2,-59.8356
US-2016-166660,2016-01-30,48.58,1,0.0,7.7728
CA-2017-140802,2017-04-21,47.976,3,0.2,8.3958
CA-2017-140802,2017-04-21,20.736,4,0.2,7.2576
CA-2014-133830,2014-12-05,26.46,9,0.0,11.907
CA-2014-133830,2014-12-05,49.12,4,0.0,23.0864
CA-2014-133830,2014-12-05,15.0,3,0.0,7.2
CA-2014-100916,2014-10-21,194.7,5,0.0,9.735
CA-2014-100916,2014-10-21,591.32,4,0.0,112.3508
CA-2014-100916,2014-10-21,2.84,1,0.0,0.8804
CA-2015-129532,2015-12-08,221.96,2,0.0,4.4392
CA-2015-129532,2015-12-08,236.0,4,0.0,40.12
CA-2014-134726,2014-11-02,41.94,2,0.0,15.0984
CA-2014-134726,2014-11-02,52.792,1,0.2,4.6193
CA-2016-138597,2016-12-18,563.94,3,0.0,112.788
CA-2015-123113,2015-11-23,2625.12,8,0.0,735.0336
CA-2015-123113,2015-11-23,17.94,3,0.0,4.485
CA-2015-169656,2015-08-13,422.856,3,0.2,15.8571
CA-2015-142734,2015-04-16,127.764,2,0.1,2.8392
CA-2014-163223,2014-03-21,3499.93,7,0.0,909.9818
CA-2014-163223,2014-03-21,14.4,5,0.0,6.624
CA-2014-163223,2014-03-21,122.97,3,0.0,60.2553
CA-2014-163223,2014-03-21,9.32,4,0.0,2.7028
CA-2014-163223,2014-03-21,122.94,3,0.0,59.0112
CA-2017-122945,2017-11-16,17.31,3,0.0,5.193
CA-2015-139738,2015-09-25,128.744,7,0.2,12.8744
CA-2016-158778,2016-09-05,58.248,9,0.2,11.6496
CA-2016-158778,2016-09-05,71.246,2,0.3,-19.3382
CA-2016-158778,2016-09-05,7.872,3,0.2,0.5904
CA-2016-158778,2016-09-05,887.271,3,0.3,-63.3765
CA-2017-119655,2017-04-20,146.86,7,0.0,70.4928
CA-2017-119655,2017-04-20,36.56,4,0.0,18.28
CA-2015-164567,2015-06-15,225.576,3,0.2,22.5576
CA-2014-131947,2014-09-17,5.248,2,0.2,0.4592
CA-2014-131947,2014-09-17,38.256,3,0.2,4.782
CA-2014-131947,2014-09-17,40.24,5,0.2,13.078
CA-2014-131947,2014-09-17,29.925,5,0.7,-21.945
CA-2014-131947,2014-09-17,148.704,6,0.2,46.47
CA-2014-131947,2014-09-17,55.92,10,0.2,16.776
CA-2016-152520,2016-07-08,12.96,2,0.0,6.2208
CA-2016-101791,2016-05-27,25.176,3,0.6,-33.3582
CA-2016-101791,2016-05-27,5.584,2,0.6,-1.6752
CA-2016-101791,2016-05-27,1297.368,9,0.2,97.3026
CA-2017-121195,2017-12-24,264.32,2,0.2,19.824
CA-2017-163209,2017-05-03,25.92,4,0.0,12.4416
CA-2017-163209,2017-05-03,22.96,7,0.0,6.6584
CA-2014-133354,2014-02-22,19.44,3,0.0,9.3312
US-2015-130491,2015-02-08,9.54,2,0.0,4.293
US-2015-130491,2015-02-08,5.81,1,0.0,1.8011
US-2015-130491,2015-02-08,5.76,2,0.0,1.728
CA-2015-113740,2015-08-24,14.91,3,0.0,4.6221
CA-2014-148425,2014-11-30,6.642,9,0.7,-4.428
CA-2016-144309,2016-12-10,18.54,2,0.0,8.7138
CA-2016-144309,2016-12-10,679.96,5,0.2,220.987
CA-2017-151225,2017-10-27,189.576,1,0.2,9.4788
CA-2017-151225,2017-10-27,71.96,5,0.2,7.196
US-2014-144078,2014-11-25,539.92,5,0.2,47.243
US-2014-144078,2014-11-25,725.344,4,0.2,54.4008
US-2014-144078,2014-11-25,7.44,3,0.0,2.604
CA-2014-124464,2014-07-14,39.48,1,0.0,11.0544
CA-2015-136805,2015-05-23,850.5,5,0.1,245.7
CA-2015-136805,2015-05-23,75.33,9,0.0,19.5858
US-2015-159499,2015-11-21,325.632,6,0.2,28.4928
US-2015-159499,2015-11-21,23.344,2,0.2,-1.459
US-2015-159499,2015-11-21,16.52,5,0.2,5.369
CA-2014-162089,2014-03-30,335.72,5,0.2,113.3055
CA-2014-162089,2014-03-30,251.944,7,0.2,88.1804
CA-2014-162089,2014-03-30,127.302,7,0.3,-9.093
US-2017-158526,2017-12-29,1207.84,8,0.0,314.0384
US-2017-158526,2017-12-29,12.53,1,0.0,5.8891
US-2017-158526,2017-12-29,34.58,1,0.0,10.0282
US-2017-158526,2017-12-29,300.98,1,0.0,87.2842
US-2017-158526,2017-12-29,258.75,3,0.0,77.625
CA-2017-104885,2017-03-02,59.52,3,0.0,15.4752
CA-2017-104885,2017-03-02,57.96,7,0.0,27.2412
CA-2017-104885,2017-03-02,441.96,2,0.0,101.6508
CA-2017-104885,2017-03-02,68.04,6,0.0,33.3396
US-2016-157490,2016-10-06,703.71,6,0.7,-938.28
US-2016-157490,2016-10-06,17.904,4,0.7,-14.92
US-2016-157490,2016-10-06,11.976,4,0.7,-9.1816
US-2016-157490,2016-10-06,67.96,5,0.2,0.8495
CA-2015-161452,2015-04-05,892.224,3,0.2,89.2224
US-2014-115196,2014-09-09,1299.99,2,0.5,-571.9956
CA-2016-138968,2016-03-15,4.544,2,0.2,1.6472
CA-2016-138968,2016-03-15,1352.032,4,0.2,84.502
CA-2015-101889,2015-12-27,1548.99,9,0.4,-464.697
CA-2015-101889,2015-12-27,19.872,3,0.2,6.7068
CA-2017-110821,2017-08-07,119.448,3,0.2,-13.4379
CA-2017-110821,2017-08-07,118.16,2,0.2,-25.109
CA-2015-121552,2015-03-22,19.56,4,0.0,5.4768
CA-2015-107685,2015-11-30,80.96,4,0.0,29.1456
CA-2015-107685,2015-11-30,25.92,4,0.0,12.4416
US-2014-120740,2014-04-15,106.96,2,0.0,31.0184
US-2014-120740,2014-04-15,187.76,4,0.0,76.9816
CA-2017-155740,2017-07-30,76.776,4,0.7,-53.7432
CA-2017-146493,2017-06-01,53.9,5,0.0,25.872
CA-2014-105417,2014-01-07,76.728,3,0.6,-53.7096
CA-2014-105417,2014-01-07,10.43,7,0.8,-18.2525
US-2017-141509,2017-09-29,99.2,5,0.0,25.792
CA-2017-139493,2017-09-13,15.92,5,0.2,2.786
CA-2014-151967,2014-10-22,129.92,4,0.0,10.3936
US-2016-140158,2016-10-04,30.4,1,0.0,13.984
US-2016-140158,2016-10-04,5399.91,9,0.0,2591.9568
US-2016-140158,2016-10-04,119.1,3,0.0,34.539
CA-2015-130974,2015-11-27,40.08,6,0.0,19.2384
CA-2015-130974,2015-11-27,59.94,3,0.0,28.1718
CA-2015-130974,2015-11-27,259.98,2,0.0,88.3932
CA-2015-130974,2015-11-27,170.98,1,0.0,32.4862
CA-2015-130974,2015-11-27,38.97,3,0.0,4.6764
CA-2015-130974,2015-11-27,154.9,5,0.0,69.705
CA-2015-130974,2015-11-27,446.068,4,0.3,0.0
CA-2017-133487,2017-05-06,152.94,3,0.0,41.2938
CA-2014-142951,2014-10-08,23.472,3,0.2,4.9878
CA-2014-133592,2014-12-31,195.64,4,0.0,91.9508
CA-2014-133592,2014-12-31,14.94,3,0.0,7.0218
CA-2014-133592,2014-12-31,1687.8,4,0.0,742.632
CA-2014-133592,2014-12-31,341.96,2,0.0,78.6508
CA-2014-133592,2014-12-31,605.88,6,0.0,151.47
CA-2015-120782,2015-04-28,186.732,1,0.1,41.496
CA-2015-120782,2015-04-28,3812.97,3,0.0,1906.485
CA-2015-116876,2015-02-14,26.424,9,0.2,9.5787
CA-2015-116876,2015-02-14,625.99,1,0.0,187.797
CA-2016-169838,2016-11-25,1568.61,9,0.0,329.4081
CA-2016-169838,2016-11-25,17.3,1,0.0,8.304
CA-2016-169838,2016-11-25,160.0,8,0.0,62.4
US-2017-128951,2017-07-15,179.94,3,0.0,50.3832
US-2017-128951,2017-07-15,872.94,3,0.0,157.1292
US-2017-128951,2017-07-15,12.96,2,0.0,6.2208
CA-2014-102330,2014-12-29,88.8,6,0.0,44.4
CA-2014-102330,2014-12-29,319.968,4,0.2,35.9964
CA-2016-118899,2016-03-22,167.888,7,0.2,14.6902
CA-2017-107958,2017-07-02,163.96,5,0.2,59.4355
CA-2017-107958,2017-07-02,5.232,4,0.8,-8.1096
CA-2017-151799,2017-12-14,1199.98,2,0.0,467.9922
CA-2017-151799,2017-12-14,73.85,1,0.0,2.2155
CA-2017-151799,2017-12-14,25.71,3,0.0,6.6846
CA-2017-151799,2017-12-14,17.28,6,0.0,8.1216
CA-2017-151799,2017-12-14,526.582,2,0.3,-52.6582
CA-2016-114601,2016-08-26,11.56,2,0.0,5.6644
CA-2016-114601,2016-08-26,209.97,3,0.0,58.7916
CA-2016-114601,2016-08-26,447.84,4,0.0,98.5248
CA-2016-114601,2016-08-26,479.97,3,0.0,163.1898
CA-2016-114601,2016-08-26,8.64,3,0.0,2.5056
CA-2017-100237,2017-10-15,11.68,2,0.0,4.2048
CA-2014-139542,2014-10-25,40.776,3,0.2,0.5097
CA-2014-139542,2014-10-25,13.698,3,0.7,-9.5886
US-2015-142811,2015-04-02,87.8,5,0.2,32.925
CA-2017-139353,2017-10-28,77.952,3,0.2,15.5904
CA-2017-139353,2017-10-28,147.184,2,0.2,-29.4368
CA-2017-139353,2017-10-28,47.952,3,0.2,16.1838
CA-2014-150203,2014-12-05,250.26,6,0.0,72.5754
US-2017-101518,2017-11-03,40.776,3,0.2,0.5097
CA-2015-149636,2015-01-06,29.6,5,0.2,9.25
CA-2015-149636,2015-01-06,1.938,2,0.7,-1.3566
US-2017-146213,2017-09-09,159.96,4,0.0,51.1872
CA-2015-108588,2015-01-05,59.52,3,0.0,15.4752
CA-2015-108588,2015-01-05,17.48,2,0.0,8.2156
CA-2015-108588,2015-01-05,13.168,2,0.2,4.6088
US-2017-138086,2017-04-16,40.74,3,0.0,12.222
CA-2015-139374,2015-09-10,179.886,1,0.3,-2.5698
CA-2016-113978,2016-09-25,286.256,1,0.2,17.891
CA-2016-113978,2016-09-25,24.224,2,0.2,-4.8448
CA-2016-113978,2016-09-25,331.536,3,0.2,-82.884
US-2015-150231,2015-03-16,17.52,3,0.0,6.3072
CA-2016-106915,2016-11-26,17.856,4,0.2,4.2408
US-2016-109260,2016-09-26,431.976,3,0.2,-75.5958
CA-2017-104850,2017-06-13,291.136,4,0.2,-25.4744
CA-2017-140508,2017-09-18,114.848,4,0.2,35.89
CA-2017-143294,2017-06-02,10.688,2,0.2,3.7408
CA-2016-165673,2016-05-15,15.232,4,0.2,5.5216
CA-2017-134418,2017-09-15,12.42,3,0.0,5.2164
US-2016-106313,2016-08-22,19.44,3,0.0,9.3312
CA-2014-105872,2014-05-30,70.368,4,0.2,26.388
CA-2017-108287,2017-12-18,12.672,9,0.2,1.4256
CA-2017-141103,2017-07-30,89.95,5,0.0,43.176
CA-2014-154781,2014-11-21,6.58,2,0.0,3.0268
CA-2014-154781,2014-11-21,94.99,1,0.0,28.497
CA-2015-147816,2015-09-24,35.12,2,0.2,13.17
CA-2017-105326,2017-08-20,25.92,4,0.0,12.4416
CA-2016-133613,2016-06-17,7.96,2,0.0,3.7412
CA-2016-133613,2016-06-17,566.97,3,0.0,153.0819
CA-2016-133613,2016-06-17,9.84,3,0.0,2.8536
CA-2015-109113,2015-12-19,25.488,2,0.2,4.779
CA-2015-156153,2015-05-31,7.56,6,0.0,0.3024
CA-2015-133242,2015-06-18,60.84,3,0.0,19.4688
CA-2015-133242,2015-06-18,450.04,2,0.0,58.5052
CA-2015-133242,2015-06-18,34.6,2,0.0,16.608
CA-2015-133242,2015-06-18,467.97,3,0.0,140.391
CA-2015-133242,2015-06-18,33.02,2,0.0,15.8496
CA-2015-158323,2015-11-30,17.088,2,0.2,1.068
CA-2015-161795,2015-12-21,3.008,2,0.2,0.3384
CA-2017-100902,2017-11-17,268.24,7,0.2,93.884
CA-2017-100902,2017-11-17,431.16,5,0.2,107.79
CA-2017-112844,2017-11-13,43.6,4,0.0,12.208
CA-2017-112844,2017-11-13,154.95,3,0.0,30.99
CA-2016-158925,2016-10-24,15.552,3,0.2,5.4432
CA-2014-155390,2014-12-06,42.208,2,0.2,13.7176
CA-2017-123071,2017-12-03,10.368,2,0.2,3.6288
CA-2017-156391,2017-09-26,2.224,1,0.2,0.556
CA-2015-103093,2015-02-03,74.52,9,0.0,35.0244
US-2017-118941,2017-08-12,17.52,3,0.0,5.256
US-2017-118941,2017-08-12,1779.9,5,0.0,373.779
US-2017-118941,2017-08-12,219.9,5,0.0,59.373
CA-2015-169299,2015-08-24,7.152,3,0.2,0.7152
CA-2017-154088,2017-11-12,26.72,5,0.2,9.352
CA-2016-155978,2016-08-01,1039.728,2,0.2,90.9762
CA-2016-155978,2016-08-01,45.96,2,0.0,13.788
CA-2016-108196,2016-11-25,456.588,2,0.7,-304.392
CA-2016-108196,2016-11-25,4499.985,5,0.7,-6599.978
CA-2016-108196,2016-11-25,59.976,3,0.2,11.9952
CA-2016-152800,2016-04-13,6.12,3,0.0,2.8764
CA-2014-166961,2014-12-27,10.98,1,0.0,2.9646
CA-2014-166961,2014-12-27,7.86,3,0.0,3.6156
CA-2014-166961,2014-12-27,51.45,3,0.0,13.8915
CA-2014-166961,2014-12-27,37.056,3,0.2,13.896
CA-2016-139381,2016-04-18,203.92,4,0.0,55.0584
CA-2016-139381,2016-04-18,29.56,4,0.0,7.9812
CA-2015-132136,2015-03-08,8.568,3,0.8,-14.5656
CA-2016-162236,2016-11-04,45.248,2,0.2,3.9592
CA-2016-162236,2016-11-04,876.3,10,0.4,-292.1
CA-2016-162236,2016-11-04,185.376,2,0.2,-34.758
US-2014-111353,2014-11-29,25.06,2,0.0,11.7782
US-2016-117037,2016-05-17,2.89,1,0.8,-4.7685
US-2016-117037,2016-05-17,7.896,3,0.2,2.4675
US-2016-117037,2016-05-17,22.608,3,0.6,-10.1736
US-2016-117037,2016-05-17,30.528,8,0.2,9.54
CA-2017-160801,2017-09-19,4.842,3,0.7,-3.3894
CA-2016-108364,2016-12-19,1.8,5,0.8,-2.88
CA-2017-169362,2017-10-12,39.984,2,0.2,-1.4994
CA-2015-127481,2015-12-12,32.4,5,0.0,15.876
CA-2015-127481,2015-12-12,97.88,2,0.0,48.94
CA-2015-112711,2015-07-12,307.168,4,0.2,30.7168
US-2015-145121,2015-10-02,26.9,5,0.0,13.181
CA-2017-166184,2017-03-24,47.01,3,0.0,22.0947
CA-2017-166184,2017-03-24,469.99,1,0.0,136.2971
CA-2017-166184,2017-03-24,207.846,3,0.1,2.3094
CA-2017-157413,2017-06-01,324.744,3,0.2,-77.1267
CA-2014-143637,2014-03-24,40.48,2,0.0,14.5728
CA-2015-102260,2015-09-22,12.0,4,0.2,4.2
CA-2015-102260,2015-09-22,720.064,4,0.2,-63.0056
CA-2015-102260,2015-09-22,25.424,1,0.2,-4.767
CA-2015-102260,2015-09-22,2.816,2,0.2,0.3168
CA-2015-102260,2015-09-22,3.204,2,0.7,-2.5632
US-2016-137295,2016-01-08,30.828,7,0.7,-24.6624
US-2016-137295,2016-01-08,47.616,3,0.2,5.952
US-2016-137295,2016-01-08,108.784,2,0.2,10.8784
CA-2016-134334,2016-02-14,4.77,1,0.0,2.1465
CA-2016-134334,2016-02-14,7.98,3,0.0,2.0748
CA-2016-134334,2016-02-14,550.431,3,0.3,-47.1798
CA-2016-134334,2016-02-14,10.56,6,0.0,4.6464
US-2017-109316,2017-06-08,1497.666,2,0.15,140.9568
US-2017-109316,2017-06-08,17.52,2,0.2,-3.504
CA-2016-138478,2016-10-21,113.22,3,0.0,29.4372
CA-2016-138478,2016-10-21,35.88,6,0.0,17.5812
CA-2016-138478,2016-10-21,4535.976,3,0.2,1644.2913
CA-2017-150469,2017-01-26,11.84,8,0.0,5.6832
CA-2017-152436,2017-12-08,592.74,6,0.0,160.0398
CA-2016-169334,2016-10-21,111.672,9,0.2,6.9795
US-2014-115413,2014-08-26,8.64,3,0.0,2.5056
US-2014-115413,2014-08-26,149.97,3,0.0,52.4895
CA-2014-125150,2014-05-16,232.88,5,0.2,17.466
CA-2015-127327,2015-02-03,90.882,1,0.1,15.147
CA-2017-117114,2017-10-31,508.768,4,0.2,38.1576
CA-2017-117114,2017-10-31,9.912,3,0.2,3.2214
CA-2015-137302,2015-04-26,63.936,3,0.2,6.3936
CA-2015-137302,2015-04-26,59.52,3,0.0,15.4752
CA-2015-137302,2015-04-26,311.976,3,0.2,38.997
CA-2015-137302,2015-04-26,50.352,3,0.2,17.6232
CA-2016-112382,2016-05-09,19.136,2,0.2,1.9136
CA-2015-128958,2015-01-24,13.12,5,0.2,2.132
CA-2015-106257,2015-04-13,241.568,2,0.2,-15.098
CA-2015-106257,2015-04-13,479.92,2,0.2,41.993
CA-2015-149083,2015-09-25,307.136,4,0.2,-11.5176
CA-2015-149083,2015-09-25,12.6,2,0.0,5.796
CA-2015-149083,2015-09-25,159.98,2,0.0,57.5928
US-2014-137869,2014-03-28,6.12,3,0.0,2.8764
US-2014-137869,2014-03-28,1184.72,4,0.0,106.6248
CA-2016-116603,2016-07-17,45.96,2,0.0,13.788
CA-2014-158470,2014-04-19,58.05,3,0.0,26.703
CA-2014-158470,2014-04-19,71.28,11,0.0,34.2144
US-2017-123834,2017-07-21,124.404,4,0.3,-21.3264
CA-2015-125976,2015-09-27,154.9,5,0.0,69.705
CA-2015-125976,2015-09-27,1871.88,12,0.0,561.564
CA-2016-128706,2016-02-27,16.192,2,0.6,-6.8816
CA-2016-104311,2016-05-02,18.936,3,0.2,-3.7872
CA-2016-104311,2016-05-02,12.672,3,0.2,-3.168
CA-2016-104311,2016-05-02,5.04,2,0.2,1.764
CA-2014-169649,2014-12-09,8.448,2,0.2,2.9568
CA-2014-169649,2014-12-09,20.388,2,0.8,-53.0088
CA-2015-144890,2015-12-25,9.96,2,0.0,4.8804
CA-2017-135587,2017-12-07,320.64,4,0.0,89.7792
CA-2017-135587,2017-12-07,52.0,4,0.0,23.4
CA-2014-103429,2014-05-30,25.584,2,0.2,8.9544
CA-2014-103429,2014-05-30,464.0,5,0.0,134.56
CA-2014-103429,2014-05-30,235.95,3,0.0,77.8635
CA-2014-103429,2014-05-30,39.96,4,0.0,17.982
CA-2017-152261,2017-03-02,18.528,4,0.7,-12.352
CA-2015-142993,2015-10-12,17.9,2,0.0,3.401
CA-2015-142993,2015-10-12,81.96,2,0.0,0.0
CA-2015-143364,2015-07-14,272.736,3,0.2,-64.7748
CA-2015-143364,2015-07-14,18.496,4,0.2,6.7048
CA-2015-143364,2015-07-14,441.92,2,0.2,49.716
CA-2015-143364,2015-07-14,127.764,6,0.7,-191.646
CA-2014-100972,2014-11-19,166.44,3,0.0,79.8912
CA-2016-136994,2016-05-27,13.38,2,0.0,6.1548
US-2017-166233,2017-07-03,24.0,2,0.2,-2.7
CA-2017-122112,2017-09-25,24.448,4,0.2,8.8624
CA-2016-101672,2016-10-03,6.16,2,0.0,2.9568
CA-2016-101672,2016-10-03,915.136,4,0.2,102.9528
CA-2016-101672,2016-10-03,8.56,2,0.0,3.852
CA-2016-101672,2016-10-03,97.82,2,0.0,45.9754
CA-2017-168403,2017-09-09,31.104,6,0.2,11.2752
CA-2017-168403,2017-09-09,11.176,1,0.2,0.8382
CA-2015-148705,2015-03-12,5.04,2,0.2,1.764
CA-2016-160241,2016-11-29,242.176,4,0.6,-302.72
CA-2016-155747,2016-06-14,337.176,2,0.4,-118.0116
CA-2017-118017,2017-12-03,13.344,6,0.2,1.0008
CA-2017-118017,2017-12-03,76.752,6,0.2,10.5534
CA-2017-118017,2017-12-03,102.336,8,0.2,14.0712
CA-2017-118017,2017-12-03,10.32,2,0.2,3.741
CA-2017-118017,2017-12-03,47.32,7,0.2,5.915
CA-2017-118017,2017-12-03,23.376,3,0.2,7.0128
CA-2017-118017,2017-12-03,16.72,5,0.2,3.344
CA-2017-118017,2017-12-03,16.192,1,0.2,4.6552
CA-2016-113117,2016-08-16,32.4,5,0.0,15.552
CA-2016-148684,2016-12-25,19.89,9,0.0,5.3703
CA-2016-148684,2016-12-25,399.98,2,0.0,171.9914
CA-2016-148684,2016-12-25,343.85,5,0.0,137.54
CA-2016-148684,2016-12-25,106.32,3,0.0,49.9704
CA-2017-125367,2017-07-23,13.92,3,0.2,4.35
CA-2017-124744,2017-06-21,82.4,5,0.0,40.376
CA-2017-124744,2017-06-21,6.24,2,0.0,3.0576
CA-2017-124744,2017-06-21,447.84,8,0.0,219.4416
CA-2017-128363,2017-08-13,272.048,7,0.2,30.6054
CA-2017-128363,2017-08-13,1614.582,6,0.7,-1237.8462
CA-2017-128363,2017-08-13,24.32,5,0.2,9.12
CA-2017-128363,2017-08-13,1.584,2,0.2,0.4752
CA-2017-128363,2017-08-13,31.984,1,0.2,0.0
CA-2017-128363,2017-08-13,14.76,5,0.2,4.797
CA-2017-128363,2017-08-13,423.648,2,0.2,47.6604
CA-2015-126669,2015-11-07,76.64,2,0.2,26.824
US-2015-118766,2015-10-15,4.464,1,0.2,1.674
US-2015-118766,2015-10-15,3.96,10,0.8,-6.93
CA-2016-112585,2016-07-30,715.64,2,0.0,178.91
CA-2016-149762,2016-12-03,268.704,3,0.2,6.7176
CA-2016-149762,2016-12-03,21.92,8,0.0,5.9184
CA-2016-149762,2016-12-03,48.72,3,0.0,7.308
CA-2016-149762,2016-12-03,205.666,2,0.15,-12.098
CA-2016-167605,2016-04-28,30.344,2,0.6,-31.8612
US-2017-105697,2017-08-25,25.696,2,0.2,1.9272
CA-2017-165323,2017-06-17,3404.5,5,0.0,1668.205
CA-2017-165323,2017-06-17,101.34,3,0.0,8.1072
CA-2015-110891,2015-11-20,344.372,4,0.3,-93.4724
CA-2017-100783,2017-09-04,30.384,1,0.2,3.798
CA-2015-152513,2015-07-04,22.848,2,0.2,7.4256
CA-2017-139822,2017-09-15,38.62,2,0.0,10.8136
CA-2017-139822,2017-09-15,59.98,2,0.0,10.7964
CA-2017-107713,2017-03-13,174.3,3,0.0,81.921
CA-2017-134096,2017-09-24,383.96,5,0.2,38.396
CA-2017-134096,2017-09-24,15.57,3,0.7,-11.418
CA-2016-125843,2016-08-13,22.32,4,0.0,10.7136
CA-2016-125843,2016-08-13,103.6,7,0.0,51.8
CA-2017-120404,2017-11-20,2.97,3,0.0,1.3365
CA-2017-120404,2017-11-20,569.99,1,0.0,170.997
CA-2017-120404,2017-11-20,50.97,3,0.0,9.1746
CA-2017-167549,2017-07-25,298.116,6,0.3,-4.2588
CA-2016-120082,2016-03-25,59.52,3,0.0,17.856
US-2016-168095,2016-07-15,230.28,3,0.2,23.028
US-2016-168095,2016-07-15,105.52,5,0.2,34.294
CA-2017-166093,2017-08-17,23.36,2,0.0,11.68
CA-2017-166093,2017-08-17,71.976,3,0.2,8.997
CA-2017-166093,2017-08-17,8.56,2,0.0,3.852
CA-2017-166093,2017-08-17,13.92,3,0.2,4.872
CA-2017-166093,2017-08-17,2518.29,9,0.0,654.7554
CA-2017-166093,2017-08-17,540.57,3,0.0,140.5482
CA-2017-166093,2017-08-17,221.056,8,0.2,77.3696
CA-2016-146325,2016-12-14,81.424,2,0.2,-9.1602
CA-2016-146325,2016-12-14,134.8,10,0.0,35.048
CA-2017-134194,2017-12-25,39.582,9,0.8,-59.373
CA-2017-134194,2017-12-25,44.688,7,0.2,5.0274
CA-2017-134194,2017-12-25,31.744,2,0.2,2.3808
CA-2017-134194,2017-12-25,40.98,5,0.8,-65.568
CA-2017-134194,2017-12-25,3.168,3,0.8,-5.0688
CA-2014-131009,2014-03-01,18.84,5,0.2,-3.5325
CA-2014-131009,2014-03-01,362.25,6,0.3,0.0
CA-2014-131009,2014-03-01,63.552,6,0.6,-34.9536
CA-2014-131009,2014-03-01,129.552,3,0.2,-22.6716
CA-2015-145814,2015-11-19,5.984,2,0.2,2.244
CA-2015-145814,2015-11-19,861.76,4,0.0,249.9104
CA-2014-138359,2014-04-01,66.96,4,0.0,2.6784
CA-2014-138359,2014-04-01,6.24,2,0.0,3.0576
CA-2017-131807,2017-10-05,435.168,4,0.2,-59.8356
CA-2017-131807,2017-10-05,14.9,5,0.0,6.854
CA-2017-131807,2017-10-05,15.8,4,0.0,4.108
CA-2017-131807,2017-10-05,72.9,5,0.0,26.973
CA-2017-131807,2017-10-05,206.352,3,0.2,5.1588
CA-2017-131807,2017-10-05,7.992,1,0.2,2.6973
CA-2017-104864,2017-11-18,81.36,5,0.2,-19.323
CA-2017-104864,2017-11-18,20.232,8,0.7,-16.1856
CA-2017-104864,2017-11-18,389.056,4,0.2,48.632
CA-2017-104864,2017-11-18,20.736,4,0.2,7.2576
CA-2017-104864,2017-11-18,41.472,8,0.2,14.5152
CA-2015-138219,2015-03-23,33.36,4,0.0,16.68
CA-2016-157707,2016-10-10,90.882,3,0.7,-190.8522
CA-2016-157707,2016-10-10,15.992,1,0.2,-2.9985
CA-2016-157707,2016-10-10,120.784,1,0.2,13.5882
US-2015-126753,2015-08-16,519.792,4,0.4,-112.6216
US-2015-126753,2015-08-16,31.176,3,0.2,-5.4558
US-2015-126753,2015-08-16,10.368,2,0.2,3.6288
US-2015-126753,2015-08-16,2.724,2,0.7,-1.9068
US-2015-126753,2015-08-16,254.352,3,0.2,0.0
US-2015-126753,2015-08-16,3.762,3,0.7,-2.7588
US-2015-126753,2015-08-16,10.272,3,0.2,3.21
CA-2014-166051,2014-05-31,659.97,3,0.0,197.991
CA-2014-166051,2014-05-31,113.73,3,0.0,32.9817
CA-2015-113040,2015-08-27,5.104,1,0.2,1.6588
CA-2014-103800,2014-01-03,16.448,2,0.2,5.5512
CA-2014-113383,2014-09-10,81.92,4,0.0,22.1184
CA-2014-113383,2014-09-10,254.9,5,0.0,76.47
CA-2017-152499,2017-01-22,15.12,5,0.2,4.914
CA-2017-152499,2017-01-22,7.872,3,0.2,0.8856
CA-2016-151498,2016-04-21,8.32,5,0.2,2.808
CA-2016-137939,2016-07-20,89.95,5,0.0,43.176
US-2016-117793,2016-08-23,25.2,4,0.0,11.592
US-2016-117793,2016-08-23,37.59,3,0.0,17.6673
US-2016-117793,2016-08-23,14.97,1,0.0,4.1916
US-2016-117793,2016-08-23,1.98,2,0.0,0.891
CA-2016-133872,2016-06-14,39.936,4,0.7,-26.624
CA-2016-133872,2016-06-14,18.464,2,0.2,2.308
US-2015-165743,2015-11-20,4.896,3,0.7,-3.4272
US-2015-165743,2015-11-20,145.764,6,0.7,-247.7988
US-2015-165743,2015-11-20,9.612,6,0.7,-7.3692
US-2017-105998,2017-11-03,199.75,5,0.0,87.89
US-2017-105998,2017-11-03,1673.184,12,0.2,20.9148
US-2014-148194,2014-05-04,12.18,7,0.0,3.8976
US-2014-148194,2014-05-04,57.68,4,0.0,19.0344
US-2015-151407,2015-11-08,263.96,4,0.0,76.5484
CA-2015-110870,2015-12-12,299.94,6,0.0,128.9742
CA-2015-110870,2015-12-12,25.76,7,0.0,0.5152
CA-2014-143210,2014-12-01,271.9,2,0.0,78.851
CA-2014-143210,2014-12-01,45.84,3,0.0,15.5856
CA-2014-143210,2014-12-01,9.82,2,0.0,3.2406
CA-2016-139808,2016-10-07,93.36,12,0.0,0.9336
CA-2015-110863,2015-11-17,541.24,4,0.0,5.4124
CA-2015-110863,2015-11-17,106.32,3,0.0,49.9704
CA-2015-110863,2015-11-17,1323.9,5,0.0,383.931
CA-2014-127859,2014-03-17,126.624,6,0.2,41.1528
US-2015-136427,2015-06-20,125.944,7,0.2,15.743
CA-2017-120168,2017-05-25,663.92,5,0.2,207.475
CA-2017-120168,2017-05-25,120.0,8,0.0,13.2
CA-2017-120168,2017-05-25,3.29,1,0.0,1.4805
CA-2017-120168,2017-05-25,18.84,3,0.0,6.0288
US-2014-131870,2014-09-09,60.672,6,0.2,12.8928
US-2014-131870,2014-09-09,30.816,9,0.2,2.6964
CA-2017-114804,2017-10-17,52.792,1,0.2,4.6193
CA-2017-167227,2017-11-02,83.9,10,0.0,20.975
CA-2017-167227,2017-11-02,11.76,2,0.0,5.7624
CA-2014-129189,2014-07-21,4.992,3,0.8,-12.9792
CA-2014-129189,2014-07-21,87.92,5,0.2,29.673
CA-2014-129189,2014-07-21,657.93,5,0.3,-93.99
CA-2014-129189,2014-07-21,1.044,1,0.8,-1.827
CA-2015-132465,2015-09-11,210.68,2,0.0,50.5632
CA-2015-132465,2015-09-11,78.8,1,0.0,1.576
CA-2015-132465,2015-09-11,19.99,1,0.0,6.7966
CA-2015-132465,2015-09-11,772.68,4,0.0,108.1752
CA-2016-166373,2016-10-21,106.08,6,0.2,-9.282
CA-2016-158806,2016-01-07,23.076,3,0.6,-10.9611
CA-2016-158806,2016-01-07,25.92,5,0.2,9.072
CA-2015-119690,2015-06-25,47.952,3,0.2,16.1838
CA-2015-119690,2015-06-25,0.984,2,0.8,-1.476
CA-2015-119690,2015-06-25,75.384,9,0.6,-20.7306
CA-2015-119690,2015-06-25,4.608,2,0.2,1.6704
CA-2015-153738,2015-09-20,37.68,6,0.0,16.956
CA-2017-169012,2017-07-10,41.91,3,0.0,10.8966
CA-2017-109393,2017-06-30,435.999,3,0.15,5.1294
CA-2017-121489,2017-08-21,388.704,6,0.2,38.8704
CA-2017-121489,2017-08-21,572.58,6,0.0,34.3548
CA-2017-121489,2017-08-21,33.18,2,0.0,11.613
US-2017-133081,2017-03-11,63.88,4,0.0,24.9132
US-2017-133081,2017-03-11,26.72,1,0.0,11.7568
CA-2017-165008,2017-09-15,295.056,9,0.2,106.9578
CA-2016-145611,2016-09-20,393.25,5,0.0,129.7725
CA-2016-113600,2016-12-15,2.214,3,0.7,-1.476
CA-2017-130834,2017-11-03,16.272,3,0.2,5.2884
CA-2016-168543,2016-07-03,706.86,7,0.0,197.9208
CA-2014-144974,2014-09-26,5.97,5,0.7,-4.577
CA-2014-144974,2014-09-26,21.184,1,0.2,4.7664
CA-2014-144974,2014-09-26,41.376,6,0.2,3.1032
CA-2014-109904,2014-07-14,17.94,3,0.0,4.485
CA-2017-152205,2017-09-28,2.655,1,0.7,-1.8585
CA-2015-121188,2015-08-28,892.35,5,0.0,267.705
CA-2015-121188,2015-08-28,307.666,2,0.15,28.9568
CA-2015-121188,2015-08-28,728.82,9,0.0,29.1528
CA-2015-121188,2015-08-28,41.36,5,0.2,13.959
CA-2015-121188,2015-08-28,43.176,3,0.2,15.1116
CA-2015-121188,2015-08-28,4.16,2,0.0,1.7472
CA-2015-156013,2015-09-20,61.4,5,0.0,28.858
CA-2015-156013,2015-09-20,24.448,2,0.2,8.8624
CA-2016-132997,2016-11-07,263.96,4,0.0,71.2692
CA-2016-132997,2016-11-07,359.97,3,0.0,100.7916
CA-2016-132997,2016-11-07,12.96,2,0.0,6.2208
CA-2016-132997,2016-11-07,116.82,3,0.0,5.841
CA-2016-132997,2016-11-07,276.784,2,0.2,89.9548
US-2015-160563,2015-10-20,239.97,3,0.0,86.3892
US-2015-160563,2015-10-20,16.02,6,0.0,6.0876
CA-2017-151750,2017-01-01,454.56,5,0.2,-107.958
CA-2017-151750,2017-01-01,141.42,5,0.6,-187.3815
CA-2017-151750,2017-01-01,310.744,4,0.3,-26.6352
CA-2017-151750,2017-01-01,12.736,4,0.2,2.2288
CA-2017-151750,2017-01-01,6.47,5,0.8,-9.705
CA-2017-151750,2017-01-01,13.748,14,0.8,-22.6842
CA-2017-151750,2017-01-01,15.224,2,0.8,-38.8212
CA-2015-106187,2015-06-23,27.42,3,0.0,9.3228
CA-2015-106187,2015-06-23,165.98,1,0.0,74.691
CA-2015-106187,2015-06-23,75.0,3,0.0,18.0
US-2016-164945,2016-11-22,134.272,8,0.2,46.9952
CA-2015-150714,2015-10-26,146.544,6,0.2,47.6268
CA-2015-150714,2015-10-26,131.904,3,0.2,47.8152
CA-2015-150714,2015-10-26,203.88,5,0.2,20.388
CA-2015-150714,2015-10-26,14.301,7,0.7,-10.4874
CA-2015-150714,2015-10-26,718.64,10,0.2,-161.694
CA-2016-105753,2016-10-20,61.1,5,0.0,18.33
CA-2017-120894,2017-04-28,28.08,3,0.2,5.265
CA-2016-106621,2016-09-29,10.496,4,0.2,1.1808
CA-2015-107020,2015-07-10,39.92,2,0.2,12.974
US-2015-117492,2015-08-07,77.58,9,0.0,20.1708
CA-2014-101392,2014-12-07,269.36,7,0.0,70.0336
CA-2015-127502,2015-12-10,5.76,2,0.0,2.8224
CA-2017-143658,2017-11-08,109.9,5,0.0,32.97
CA-2017-133046,2017-07-27,23.88,3,0.0,10.5072
CA-2017-133046,2017-07-27,26.2,4,0.0,12.052
CA-2017-133046,2017-07-27,12.96,2,0.0,6.2208
CA-2017-133046,2017-07-27,234.95,5,0.0,32.893
CA-2017-122798,2017-12-28,118.25,5,0.0,34.2925
CA-2017-122798,2017-12-28,4.28,1,0.0,1.926
CA-2016-169663,2016-03-10,26.85,3,0.0,5.1015
CA-2016-169663,2016-03-10,3357.6,3,0.2,377.73
CA-2015-149846,2015-05-22,8.26,2,0.0,3.7996
CA-2015-149846,2015-05-22,2973.32,7,0.2,334.4985
CA-2015-149846,2015-05-22,104.79,7,0.0,29.3412
CA-2015-149846,2015-05-22,775.728,6,0.2,58.1796
CA-2017-159149,2017-02-17,89.0664,1,0.32,-17.0274
CA-2017-159149,2017-02-17,175.44,6,0.2,52.632
CA-2017-159149,2017-02-17,438.336,4,0.2,-87.6672
US-2017-167570,2017-12-08,215.544,4,0.3,-58.5048
CA-2017-160122,2017-11-18,55.584,6,0.2,20.844
CA-2017-160122,2017-11-18,127.386,2,0.3,-25.4772
CA-2016-130393,2016-12-01,248.43,5,0.3,-17.745
CA-2016-130393,2016-12-01,11.648,4,0.8,-30.8672
CA-2016-130393,2016-12-01,85.246,2,0.3,-1.2178
CA-2017-144820,2017-10-03,20.64,5,0.2,2.322
CA-2017-101014,2017-08-29,148.02,3,0.0,41.4456
CA-2017-105543,2017-11-24,33.29,1,0.0,7.9896
US-2017-113201,2017-06-30,204.95,5,0.0,100.4255
US-2017-106551,2017-07-22,526.344,4,0.3,-75.192
CA-2016-116722,2016-11-11,41.96,2,0.0,10.9096
CA-2016-116722,2016-11-11,451.152,3,0.2,0.0
CA-2016-116722,2016-11-11,31.504,11,0.2,11.0264
CA-2014-138128,2014-12-09,30.672,3,0.2,9.585
CA-2014-138128,2014-12-09,1079.976,4,0.4,125.9972
US-2017-150070,2017-09-07,161.568,2,0.2,-28.2744
CA-2015-137064,2015-02-06,2.934,3,0.8,-4.9878
CA-2015-137064,2015-02-06,18.528,2,0.2,4.4004
CA-2015-137064,2015-02-06,670.752,3,0.2,-125.766
CA-2017-157350,2017-08-26,64.96,5,0.6,-43.848
CA-2014-127866,2014-07-20,41.94,2,0.0,15.0984
CA-2014-127866,2014-07-20,11.96,2,0.0,5.8604
CA-2014-127866,2014-07-20,13.12,4,0.0,3.8048
CA-2014-127866,2014-07-20,535.41,3,0.0,160.623
CA-2015-131352,2015-10-08,72.78,3,0.6,-70.9605
CA-2015-121776,2015-02-16,36.84,3,0.0,17.3148
CA-2015-121776,2015-02-16,87.71,7,0.0,41.2237
CA-2016-118073,2016-08-12,562.2925,7,0.45,-255.5875
CA-2014-103219,2014-11-09,56.52,9,0.0,21.4776
CA-2016-102561,2016-07-18,11.264,8,0.2,1.2672
CA-2016-102561,2016-07-18,284.08,10,0.2,24.857
CA-2016-102561,2016-07-18,18.496,4,0.2,6.7048
CA-2016-100993,2016-02-05,14.73,3,0.0,7.2177
CA-2016-100993,2016-02-05,186.54,3,0.0,50.3658
CA-2016-100993,2016-02-05,557.728,4,0.2,6.9716
CA-2016-100993,2016-02-05,159.968,4,0.2,-31.9936
US-2014-112949,2014-06-20,471.9,6,0.0,155.727
US-2014-112949,2014-06-20,3.52,2,0.0,1.6896
US-2017-146822,2017-06-09,49.12,4,0.0,23.0864
US-2016-131058,2016-12-27,20.16,7,0.0,9.8784
CA-2014-167997,2014-01-26,10.68,2,0.0,5.0196
CA-2014-167997,2014-01-26,141.96,2,0.0,39.7488
CA-2017-140151,2017-03-23,32.48,2,0.0,4.872
CA-2017-140151,2017-03-23,20.04,3,0.0,9.6192
CA-2017-140151,2017-03-23,13999.96,4,0.0,6719.9808
US-2017-143770,2017-03-20,238.0,2,0.0,38.08
US-2017-143770,2017-03-20,61.96,2,0.0,27.882
CA-2016-131296,2016-10-04,239.372,2,0.3,-23.9372
CA-2016-103464,2016-11-18,595.0,5,0.0,95.2
CA-2017-136238,2017-12-26,16.032,3,0.2,5.6112
CA-2016-120803,2016-03-09,199.75,5,0.0,87.89
CA-2016-134138,2016-02-16,227.96,2,0.0,36.4736
CA-2015-120915,2015-09-28,293.52,6,0.0,76.3152
CA-2015-120915,2015-09-28,307.98,2,0.0,89.3142
CA-2015-168207,2015-11-02,96.96,6,0.0,33.936
CA-2015-168207,2015-11-02,117.488,7,0.2,41.1208
CA-2015-168207,2015-11-02,11.952,3,0.2,4.1832
CA-2015-168207,2015-11-02,512.499,3,0.15,-30.147
CA-2016-144148,2016-07-31,863.128,7,0.2,-32.3673
CA-2017-107174,2017-11-06,2036.86,7,0.0,366.6348
CA-2017-107174,2017-11-06,449.568,2,0.2,-73.0548
CA-2017-107174,2017-11-06,108.96,3,0.0,32.688
CA-2016-146150,2016-02-14,264.18,7,0.0,68.6868
CA-2014-114125,2014-07-09,2.88,1,0.0,1.4112
CA-2014-114125,2014-07-09,41.904,6,0.2,14.1426
CA-2014-114125,2014-07-09,23.92,4,0.0,4.0664
CA-2016-114944,2016-01-30,156.512,4,0.2,52.8228
CA-2016-135965,2016-09-22,128.34,6,0.0,37.2186
CA-2017-149699,2017-12-22,474.95,5,0.0,142.485
CA-2016-166429,2016-09-02,999.98,2,0.0,449.991
CA-2015-112767,2015-08-02,277.5,4,0.5,-188.7
CA-2015-119879,2015-11-21,1252.704,8,0.4,-480.2032
CA-2015-119879,2015-11-21,110.97,5,0.4,-24.0435
CA-2017-155642,2017-05-18,22.608,3,0.6,-10.1736
CA-2017-155642,2017-05-18,1.892,1,0.6,-0.9933
US-2017-101721,2017-07-23,63.312,3,0.2,20.5764
CA-2015-136728,2015-09-13,7.824,1,0.2,2.934
CA-2015-136728,2015-09-13,170.072,4,0.3,-12.148
CA-2016-127194,2016-12-10,62.82,9,0.0,29.5254
CA-2015-140375,2015-10-02,19.44,3,0.0,9.3312
CA-2015-140375,2015-10-02,7.38,1,0.0,3.6162
US-2017-155866,2017-11-17,38.88,6,0.0,18.6624
US-2017-155866,2017-11-17,187.76,4,0.0,76.9816
CA-2015-141327,2015-11-30,6.048,7,0.7,-4.2336
CA-2015-141327,2015-11-30,98.352,3,0.2,9.8352
CA-2015-141327,2015-11-30,335.744,2,0.2,25.1808
CA-2015-136700,2015-12-06,8.96,2,0.0,4.3904
CA-2017-102736,2017-09-05,89.568,4,0.2,-1.1196
CA-2017-102736,2017-09-05,71.96,5,0.2,7.196
CA-2017-102736,2017-09-05,15.552,3,0.2,5.4432
CA-2017-125269,2017-04-24,10.43,5,0.8,-18.2525
CA-2017-125269,2017-04-24,72.784,1,0.2,-18.196
CA-2015-114811,2015-11-08,67.15,5,0.0,16.7875
CA-2015-114811,2015-11-08,549.98,2,0.0,142.9948
CA-2015-114811,2015-11-08,11.82,3,0.0,4.728
CA-2015-114811,2015-11-08,4643.8,4,0.0,2229.024
CA-2015-114811,2015-11-08,577.764,2,0.1,115.5528
CA-2015-122266,2015-04-26,191.5155,1,0.45,-76.6062
CA-2015-122266,2015-04-26,2.624,1,0.2,0.4264
CA-2015-141565,2015-09-20,1369.764,6,0.7,-913.176
CA-2015-141565,2015-09-20,294.368,4,0.2,-58.8736
CA-2017-128769,2017-09-07,81.568,2,0.2,7.1372
CA-2016-116337,2016-11-07,44.46,5,0.6,-17.784
CA-2016-116337,2016-11-07,314.088,3,0.2,19.6305
CA-2015-120845,2015-09-25,6.336,4,0.7,-4.6464
CA-2015-120845,2015-09-25,10.48,1,0.2,3.799
CA-2015-120845,2015-09-25,2.469,1,0.7,-1.8106
CA-2015-120845,2015-09-25,3.264,2,0.7,-2.2848
CA-2014-120775,2014-10-03,4.344,3,0.2,0.8688
CA-2014-120775,2014-10-03,31.776,3,0.6,-19.0656
CA-2014-120775,2014-10-03,4.928,2,0.2,1.7248
CA-2014-120775,2014-10-03,1.788,3,0.8,-3.0396
CA-2014-120775,2014-10-03,15.072,4,0.2,-3.768
CA-2014-152905,2014-02-18,12.624,2,0.2,-2.5248
CA-2016-104633,2016-06-12,185.88,6,0.0,83.646
CA-2016-104633,2016-06-12,12.96,2,0.0,6.2208
CA-2017-104136,2017-11-01,189.7,10,0.0,91.056
CA-2017-104136,2017-11-01,40.99,1,0.0,20.0851
CA-2016-123050,2016-04-04,82.64,2,0.0,7.4376
CA-2016-123050,2016-04-04,31.02,2,0.0,8.0652
CA-2016-123050,2016-04-04,89.97,3,0.0,37.7874
CA-2016-162355,2016-06-30,35.97,3,0.0,9.7119
CA-2016-162355,2016-06-30,1266.86,7,0.0,291.3778
CA-2014-158225,2014-09-22,169.45,5,0.0,42.3625
CA-2014-158225,2014-09-22,40.68,2,0.0,0.4068
CA-2017-102204,2017-05-01,3.328,2,0.2,0.416
CA-2017-102204,2017-05-01,933.262,4,0.45,-458.1468
CA-2017-102204,2017-05-01,2803.92,5,0.2,0.0
CA-2017-103065,2017-10-20,4.768,2,0.2,-0.7748
CA-2017-103065,2017-10-20,6.672,1,0.2,2.502
CA-2017-103065,2017-10-20,4.448,2,0.2,1.112
CA-2017-103065,2017-10-20,43.936,4,0.2,6.0412
CA-2014-109855,2014-09-01,23.744,2,0.2,8.3104
CA-2014-109855,2014-09-01,357.0,3,0.0,57.12
CA-2014-109897,2014-08-12,806.336,8,0.2,50.396
CA-2014-109897,2014-08-12,85.44,3,0.0,31.6128
US-2014-143581,2014-08-19,344.91,3,0.0,10.3473
CA-2015-129217,2015-05-10,70.97,5,0.8,-191.619
CA-2015-129217,2015-05-10,36.784,2,0.2,3.6784
CA-2016-133816,2016-05-10,743.988,2,0.4,-123.998
CA-2015-140221,2015-03-05,11.212,2,0.8,-16.818
CA-2015-140221,2015-03-05,4.712,2,0.6,-1.8848
CA-2015-140221,2015-03-05,180.98,5,0.8,-470.548
CA-2015-140221,2015-03-05,60.416,2,0.2,6.0416
CA-2017-152310,2017-08-12,299.99,1,0.0,89.997
CA-2017-152310,2017-08-12,192.16,4,0.0,92.2368
CA-2017-152310,2017-08-12,242.624,8,0.2,27.2952
CA-2017-152310,2017-08-12,46.74,3,0.0,11.685
CA-2017-152310,2017-08-12,174.95,5,0.0,12.2465
CA-2017-152310,2017-08-12,100.704,6,0.2,37.764
CA-2016-118101,2016-06-26,368.91,9,0.0,180.7659
CA-2016-118101,2016-06-26,8.02,1,0.0,3.7694
CA-2016-118101,2016-06-26,171.04,4,0.0,44.4704
CA-2016-100307,2016-12-15,19.44,3,0.0,9.3312
CA-2015-138457,2015-09-13,13.092,4,0.7,-10.0372
CA-2014-131800,2014-12-30,122.94,3,0.0,30.735
CA-2014-131800,2014-12-30,35.448,7,0.2,12.8499
CA-2014-118304,2014-04-29,19.98,2,0.0,5.1948
CA-2017-121790,2017-01-30,69.375,1,0.5,-47.175
CA-2017-121790,2017-01-30,31.68,4,0.2,2.772
CA-2017-121790,2017-01-30,2003.168,4,0.2,250.396
CA-2017-121790,2017-01-30,9.344,2,0.2,3.1536
CA-2016-169670,2016-12-25,2563.056,8,0.1,313.2624
CA-2016-139549,2016-10-20,387.136,4,0.2,4.8392
CA-2015-104059,2015-06-13,3.424,1,0.2,0.2996
CA-2017-164112,2017-06-30,1085.42,7,0.0,282.2092
CA-2015-143882,2015-06-26,43.056,9,0.2,15.6078
US-2016-139262,2016-02-21,3.762,3,0.7,-2.7588
US-2016-139262,2016-02-21,34.86,2,0.7,-26.726
US-2016-139262,2016-02-21,432.456,3,0.2,32.4342
CA-2017-146192,2017-04-22,675.06,3,0.0,87.7578
CA-2017-134810,2017-05-09,65.232,3,0.2,22.0158
CA-2017-134810,2017-05-09,207.0,3,0.2,25.875
CA-2015-154284,2015-12-21,600.53,2,0.3,137.264
CA-2015-154284,2015-12-21,59.904,2,0.2,14.2272
CA-2015-154284,2015-12-21,637.44,8,0.2,135.456
CA-2015-154284,2015-12-21,51.756,3,0.6,-33.6414
CA-2014-156244,2014-08-12,31.104,6,0.2,10.8864
CA-2014-156244,2014-08-12,47.96,5,0.2,4.1965
CA-2014-156244,2014-08-12,158.928,7,0.2,41.7186
CA-2014-156244,2014-08-12,211.248,6,0.2,15.8436
CA-2014-156244,2014-08-12,5.552,2,0.2,-1.041
CA-2014-156244,2014-08-12,2.952,1,0.2,0.9963
CA-2015-106362,2015-12-11,10.332,3,0.7,-7.5768
US-2017-168802,2017-11-03,18.368,4,0.2,5.9696
US-2017-146906,2017-03-13,299.9,2,0.0,74.975
CA-2016-166380,2016-05-30,26.55,9,0.0,12.744
CA-2016-166380,2016-05-30,111.98,2,0.0,26.8752
US-2015-158911,2015-07-05,4.928,2,0.2,0.7392
US-2015-158911,2015-07-05,11.784,3,0.2,4.2717
US-2014-103338,2014-03-11,7.98,3,0.0,2.0748
CA-2015-109169,2015-04-20,180.96,2,0.0,81.432
US-2017-167318,2017-07-26,1649.95,5,0.0,659.98
US-2017-167318,2017-07-26,362.352,3,0.2,45.294
US-2014-120313,2014-10-31,73.584,2,0.2,8.2782
CA-2017-135419,2017-11-03,486.368,4,0.2,36.4776
CA-2016-128671,2016-08-11,32.4,5,0.0,15.552
CA-2016-128671,2016-08-11,41.86,7,0.0,19.2556
CA-2016-128671,2016-08-11,77.56,2,0.0,35.6776
CA-2016-149335,2016-07-25,37.17,9,0.0,11.151
CA-2014-168312,2014-03-01,137.352,3,0.2,8.5845
CA-2014-168312,2014-03-01,376.509,3,0.3,-43.0296
US-2017-105935,2017-01-26,62.72,4,0.0,24.4608
US-2017-105935,2017-01-26,2939.93,7,0.0,764.3818
CA-2014-161508,2014-07-12,512.358,3,0.3,-14.6388
CA-2014-161508,2014-07-12,3.488,2,0.2,0.5668
CA-2014-161508,2014-07-12,22.288,7,0.2,3.9004
CA-2014-161508,2014-07-12,16.032,3,0.2,5.6112
CA-2017-130904,2017-04-11,1.752,1,0.2,0.1533
CA-2017-130904,2017-04-11,20.992,8,0.2,2.3616
CA-2017-133620,2017-11-13,11.21,1,0.0,3.363
CA-2015-142937,2015-12-05,45.04,2,0.2,4.504
US-2016-149790,2016-09-26,15.624,2,0.8,-24.9984
CA-2016-130778,2016-11-19,8.74,2,0.0,2.2724
CA-2016-130778,2016-11-19,44.75,5,0.0,20.585
CA-2017-144456,2017-09-08,61.68,5,0.2,5.397
CA-2017-144456,2017-09-08,158.376,3,0.2,13.8579
CA-2017-103478,2017-07-21,2.864,4,0.8,-4.5824
CA-2017-103478,2017-07-21,94.192,7,0.8,-164.836
CA-2017-118577,2017-10-06,143.7,3,0.0,68.976
CA-2017-118577,2017-10-06,6.48,1,0.0,3.1104
CA-2017-113572,2017-11-07,7.88,4,0.0,2.5216
CA-2016-153269,2016-03-09,11.21,1,0.0,3.363
CA-2016-153269,2016-03-09,354.9,5,0.0,88.725
CA-2016-153269,2016-03-09,17.94,3,0.0,8.7906
CA-2016-153269,2016-03-09,51.8,4,0.0,23.31
CA-2017-161655,2017-05-13,299.52,9,0.0,149.76
CA-2016-101469,2016-07-02,7.7,2,0.0,3.157
CA-2014-153087,2014-12-27,23.92,4,0.0,11.7208
CA-2014-153087,2014-12-27,498.0,5,0.0,184.26
CA-2017-135076,2017-04-13,436.704,6,0.2,-38.2116
CA-2014-161634,2014-11-14,32.4,5,0.0,15.552
CA-2017-141481,2017-06-11,61.44,3,0.0,16.5888
CA-2016-132549,2016-11-25,73.36,7,0.0,19.8072
US-2014-155544,2014-03-21,59.2,5,0.2,22.2
US-2014-155544,2014-03-21,32.952,3,0.2,6.5904
US-2014-155544,2014-03-21,218.376,3,0.2,-10.9188
US-2015-115238,2015-04-30,31.4,5,0.0,13.188
US-2015-115238,2015-04-30,9.48,1,0.0,3.792
US-2015-115238,2015-04-30,209.5,10,0.0,58.66
US-2015-115238,2015-04-30,24.3,5,0.0,10.449
US-2015-115238,2015-04-30,6.48,1,0.0,3.1104
CA-2017-132199,2017-05-03,32.448,2,0.2,7.3008
CA-2017-132199,2017-05-03,26.388,4,0.7,-17.592
CA-2017-132199,2017-05-03,373.47,5,0.4,-112.041
CA-2017-132199,2017-05-03,64.2,5,0.7,-44.94
CA-2017-132199,2017-05-03,8.0,2,0.2,2.8
CA-2016-163174,2016-08-26,186.54,3,0.0,41.0388
CA-2014-110555,2014-04-11,87.08,7,0.0,24.3824
CA-2014-110555,2014-04-11,105.584,2,0.2,9.2386
CA-2014-110555,2014-04-11,217.44,6,0.0,91.3248
CA-2017-147207,2017-01-02,31.744,2,0.2,3.968
CA-2017-147207,2017-01-02,5.432,2,0.8,-13.58
CA-2017-147207,2017-01-02,913.43,5,0.3,-169.637
CA-2017-147207,2017-01-02,372.144,3,0.2,27.9108
CA-2017-137631,2017-04-28,751.984,2,0.2,84.5982
CA-2017-157273,2017-01-30,604.768,4,0.2,60.4768
CA-2014-109918,2014-09-07,27.36,4,0.0,7.3872
CA-2014-109918,2014-09-07,20.56,2,0.0,9.6632
CA-2014-109918,2014-09-07,83.92,5,0.2,31.47
CA-2016-118745,2016-06-11,902.712,3,0.2,33.8517
CA-2016-163972,2016-10-17,120.666,2,0.15,21.294
CA-2014-165393,2014-12-27,4.984,1,0.8,-8.4728
CA-2016-113726,2016-11-24,82.26,3,0.0,33.7266
CA-2016-152940,2016-11-10,29.74,1,0.0,4.461
CA-2015-158701,2015-01-05,87.36,6,0.0,23.5872
CA-2015-158701,2015-01-05,56.16,6,0.2,17.55
CA-2017-156272,2017-03-21,64.384,1,0.2,8.048
CA-2015-162964,2015-11-12,64.784,1,0.2,-14.5764
CA-2015-162964,2015-11-12,15.552,3,0.2,5.6376
CA-2015-162964,2015-11-12,223.888,7,0.2,69.965
CA-2014-103527,2014-09-09,10.896,3,0.2,3.405
CA-2016-134544,2016-03-17,84.784,2,0.2,-20.1362
CA-2016-163048,2016-02-08,241.5,4,0.3,0.0
CA-2016-145135,2016-11-26,59.97,3,0.0,14.9925
CA-2016-145135,2016-11-26,13.36,2,0.0,6.4128
CA-2017-137582,2017-09-04,11.808,3,0.2,4.1328
CA-2015-149601,2015-05-28,16.24,1,0.0,2.436
CA-2015-149601,2015-05-28,77.55,5,0.0,21.714
CA-2014-139423,2014-11-01,76.12,2,0.0,22.0748
CA-2016-102596,2016-12-27,17.184,6,0.2,6.2292
CA-2017-153227,2017-12-04,11.76,2,0.0,5.7624
CA-2017-110625,2017-12-23,27.46,2,0.0,9.8856
CA-2016-142594,2016-12-01,137.94,3,0.0,35.8644
CA-2016-142594,2016-12-01,111.15,5,0.0,48.906
CA-2016-142594,2016-12-01,901.95,3,0.0,297.6435
CA-2016-142594,2016-12-01,366.009,3,0.3,-47.0583
CA-2014-152254,2014-06-30,310.688,7,0.2,108.7408
US-2014-120236,2014-09-03,7.68,5,0.8,-11.52
CA-2017-120061,2017-11-02,155.372,2,0.3,-35.5136
CA-2015-133837,2015-04-13,10.744,1,0.2,0.8058
CA-2015-110814,2015-12-05,232.4,5,0.2,78.435
CA-2015-110814,2015-12-05,164.646,3,0.1,12.8058
CA-2015-110814,2015-12-05,22.68,2,0.0,11.1132
CA-2016-154067,2016-02-01,105.52,4,0.0,48.5392
CA-2017-140480,2017-07-08,83.92,4,0.0,5.8744
CA-2017-140480,2017-07-08,141.9,5,0.0,58.179
CA-2017-140480,2017-07-08,39.98,2,0.0,9.1954
CA-2017-140480,2017-07-08,28.91,7,0.0,8.673
CA-2017-140480,2017-07-08,174.95,5,0.0,45.487
CA-2015-134082,2015-12-11,110.528,4,0.2,38.6848
CA-2016-130820,2016-11-15,630.024,4,0.4,-199.5076
CA-2016-159765,2016-05-09,27.86,7,0.0,9.1938
CA-2017-132290,2017-03-10,933.408,4,0.3,-173.3472
CA-2016-147109,2016-12-17,51.84,10,0.2,18.144
CA-2016-147109,2016-12-17,165.6,3,0.2,-6.21
CA-2017-107265,2017-04-06,106.32,3,0.0,49.9704
CA-2017-118199,2017-05-09,147.92,5,0.2,46.225
CA-2017-118199,2017-05-09,104.28,3,0.0,26.07
CA-2017-118199,2017-05-09,286.85,1,0.0,63.107
CA-2017-118199,2017-05-09,66.96,4,0.0,2.6784
CA-2017-118199,2017-05-09,199.98,2,0.0,87.9912
CA-2017-150091,2017-10-12,45.0,3,0.0,4.95
CA-2017-150091,2017-10-12,17.9,5,0.0,8.771
CA-2017-150091,2017-10-12,40.48,2,0.0,17.4064
CA-2017-150091,2017-10-12,2154.9,5,0.0,129.294
CA-2016-137652,2016-08-28,18.432,8,0.7,-12.288
CA-2015-128356,2015-10-02,10.944,2,0.2,0.9576
CA-2017-167017,2017-11-23,4.36,2,0.0,0.1744
US-2017-132220,2017-11-12,62.352,6,0.2,-10.9116
CA-2016-118129,2016-12-19,303.92,5,0.2,-30.392
US-2014-113124,2014-03-30,129.3,2,0.0,6.465
CA-2017-155621,2017-11-08,274.2,10,0.0,112.422
US-2014-127635,2014-09-14,6.048,4,0.2,-1.3608
US-2014-127635,2014-09-14,6.848,2,0.2,2.14
US-2014-127635,2014-09-14,9.96,5,0.6,-6.723
US-2014-127635,2014-09-14,8.552,2,0.8,-13.6832
CA-2015-151470,2015-09-20,45.584,11,0.2,16.5242
CA-2015-112823,2015-12-10,25.488,2,0.2,4.4604
CA-2014-108861,2014-05-28,136.96,4,0.2,51.36
CA-2017-114370,2017-03-14,49.616,2,0.2,4.9616
CA-2016-158302,2016-12-08,10.584,3,0.2,3.4398
CA-2017-145779,2017-05-06,84.416,4,0.2,27.4352
US-2016-155173,2016-03-06,431.94,2,0.4,-71.99
US-2016-155173,2016-03-06,2.043,1,0.7,-1.4982
US-2016-155173,2016-03-06,68.238,3,0.4,-12.5103
CA-2017-125451,2017-10-23,240.744,4,0.3,-13.7568
CA-2017-125451,2017-10-23,35.0,4,0.0,14.7
CA-2017-125451,2017-10-23,210.68,2,0.0,50.5632
CA-2017-125451,2017-10-23,637.896,3,0.3,-127.5792
CA-2017-125451,2017-10-23,43.44,8,0.0,21.2856
CA-2017-125451,2017-10-23,2.22,1,0.0,0.666
CA-2014-131387,2014-04-28,1679.96,5,0.2,125.997
CA-2016-125087,2016-04-18,344.372,4,0.3,-93.4724
CA-2016-125087,2016-04-18,1554.936,3,0.2,77.7468
CA-2016-125087,2016-04-18,127.88,5,0.6,-67.137
CA-2016-154081,2016-05-22,222.384,2,0.2,22.2384
US-2017-118556,2017-05-28,106.869,3,0.3,-29.0073
US-2017-118556,2017-05-28,3.564,3,0.8,-6.237
CA-2014-126200,2014-08-25,25.68,3,0.8,-39.804
CA-2014-126200,2014-08-25,12.384,3,0.8,-19.8144
CA-2014-146500,2014-08-30,25.3,5,0.0,11.891
CA-2014-146500,2014-08-30,95.94,3,0.0,9.594
CA-2015-169537,2015-09-03,7.5,2,0.0,3.6
CA-2014-100881,2014-03-28,302.376,3,0.2,22.6782
CA-2015-144043,2015-05-10,46.688,4,0.2,-2.918
CA-2015-116512,2015-04-09,17.94,3,0.0,3.0498
CA-2015-101000,2015-04-09,370.14,3,0.0,144.3546
CA-2016-168557,2016-09-19,8.928,2,0.2,3.1248
US-2016-164196,2016-11-11,2678.94,6,0.0,241.1046
US-2017-132031,2017-04-23,387.136,4,0.2,-14.5176
US-2017-132031,2017-04-23,45.408,2,0.2,11.9196
US-2017-132031,2017-04-23,77.952,3,0.2,-11.6928
US-2017-132031,2017-04-23,3.0,1,0.2,1.05
CA-2015-169733,2015-10-22,9.952,1,0.2,0.9952
CA-2017-169404,2017-04-09,37.896,4,0.7,-29.0536
CA-2017-169404,2017-04-09,65.584,2,0.2,23.7742
CA-2017-134880,2017-10-27,44.784,1,0.2,16.2342
CA-2015-145758,2015-10-30,1035.8,4,0.0,269.308
CA-2017-158736,2017-12-18,5.76,2,0.0,1.6704
US-2016-119270,2016-03-12,19.98,2,0.0,8.991
CA-2014-109890,2014-07-21,35.98,2,0.0,10.0744
CA-2016-138583,2016-05-24,16.656,3,0.2,3.3312
US-2017-118535,2017-02-11,20.7,2,0.0,9.936
CA-2016-126284,2016-09-20,83.7,5,0.0,41.013
CA-2017-142391,2017-09-24,199.8,10,0.0,71.928
CA-2017-124716,2017-03-27,45.68,2,0.0,21.0128
CA-2017-124716,2017-03-27,110.96,2,0.0,53.2608
CA-2017-124716,2017-03-27,11.94,3,0.0,5.97
CA-2016-158841,2016-02-02,8749.95,5,0.0,2799.984
CA-2016-158841,2016-02-02,36.4,8,0.0,18.2
CA-2016-158841,2016-02-02,18.69,7,0.0,7.1022
CA-2017-106824,2017-07-07,5.94,3,0.0,0.1188
CA-2015-109190,2015-10-23,60.736,8,0.2,20.4984
CA-2015-109190,2015-10-23,479.976,3,0.2,161.9919
CA-2015-109190,2015-10-23,6.08,1,0.8,-10.336
CA-2016-143154,2016-12-02,165.6,3,0.2,-6.21
CA-2014-169061,2014-03-05,59.52,3,0.0,15.4752
CA-2014-169061,2014-03-05,479.97,3,0.0,177.5889
CA-2014-169061,2014-03-05,18.62,2,0.0,5.3998
CA-2014-169061,2014-03-05,49.632,6,0.2,16.7508
CA-2014-169061,2014-03-05,97.82,2,0.0,45.9754
CA-2015-102316,2015-03-01,15.984,2,0.2,1.1988
CA-2015-102316,2015-03-01,184.752,3,0.2,-20.7846
CA-2014-164903,2014-02-20,12.96,2,0.0,6.2208
CA-2016-109400,2016-05-02,366.744,4,0.3,-110.0232
CA-2016-130400,2016-03-08,8.856,9,0.8,-14.1696
CA-2016-130400,2016-03-08,27.96,5,0.2,8.388
CA-2016-130400,2016-03-08,146.352,3,0.2,49.3938
CA-2015-135853,2015-12-11,175.23,11,0.0,61.3305
CA-2015-135853,2015-12-11,125.99,1,0.0,31.4975
CA-2015-135853,2015-12-11,23.0,2,0.0,10.35
CA-2016-103359,2016-12-22,25.584,2,0.2,8.9544
CA-2016-144645,2016-02-02,73.784,2,0.6,-77.4732
CA-2017-141614,2017-06-05,20.736,4,0.2,7.2576
CA-2015-122168,2015-08-21,17.52,3,0.0,8.2344
CA-2015-122168,2015-08-21,35.76,12,0.0,10.0128
CA-2016-132899,2016-04-07,3.64,2,0.0,0.9828
CA-2017-149720,2017-06-04,30.336,6,0.6,-17.4432
CA-2017-118003,2017-12-04,12.99,1,0.0,1.5588
CA-2017-118003,2017-12-04,182.22,3,0.0,45.555
CA-2017-118003,2017-12-04,302.94,3,0.0,18.1764
CA-2016-141887,2016-01-11,54.992,14,0.2,8.9362
US-2016-160206,2016-04-01,12.99,1,0.0,0.2598
CA-2017-133074,2017-09-21,55.86,7,0.0,27.93
CA-2017-161172,2017-03-16,44.376,2,0.4,-7.396
CA-2017-161172,2017-03-16,51.264,6,0.2,7.6896
CA-2017-161172,2017-03-16,5.193,3,0.7,-3.462
CA-2017-161172,2017-03-16,159.984,2,0.2,43.9956
CA-2017-161172,2017-03-16,54.224,2,0.2,3.389
CA-2017-137624,2017-11-10,241.424,2,0.2,-36.2136
CA-2016-156748,2016-11-30,33.36,4,0.0,16.68
CA-2016-156748,2016-11-30,13.76,2,0.0,6.3296
CA-2016-156748,2016-11-30,496.86,7,0.0,24.843
CA-2016-156748,2016-11-30,389.97,3,0.0,35.0973
CA-2015-169677,2015-01-13,9.82,2,0.0,4.8118
US-2014-163146,2014-05-16,56.4,3,0.0,3.384
CA-2015-157343,2015-06-07,18.312,4,0.7,-12.208
CA-2015-157343,2015-06-07,25.92,5,0.2,9.072
CA-2015-157343,2015-06-07,8.016,3,0.2,1.002
CA-2017-147354,2017-03-09,479.984,2,0.2,59.998
CA-2017-147354,2017-03-09,30.84,5,0.2,9.6375
CA-2015-157287,2015-12-22,33.568,2,0.2,1.6784
CA-2015-157287,2015-12-22,422.625,7,0.3,0.0
CA-2014-137575,2014-08-06,199.98,2,0.0,83.9916
CA-2016-119074,2016-03-27,20.24,1,0.0,8.7032
CA-2016-119074,2016-03-27,39.92,4,0.0,11.1776
CA-2016-119074,2016-03-27,32.54,2,0.0,15.9446
CA-2015-149566,2015-12-05,39.0,3,0.0,17.55
CA-2015-149566,2015-12-05,12.6,4,0.0,6.048
CA-2015-126186,2015-09-11,24.64,4,0.2,4.004
CA-2015-121132,2015-07-17,6.264,3,0.2,2.0358
CA-2015-121132,2015-07-17,14.432,4,0.2,3.4276
CA-2014-140473,2014-05-30,719.976,3,0.2,134.9955
US-2017-102904,2017-11-13,239.92,8,0.0,23.992
CA-2016-102092,2016-12-09,1056.86,7,0.0,158.529
CA-2015-117884,2015-03-22,447.944,7,0.2,89.5888
CA-2015-117884,2015-03-22,150.408,9,0.2,-33.8418
CA-2016-132829,2016-12-23,453.576,3,0.2,39.6879
CA-2016-132829,2016-12-23,45.36,9,0.2,14.742
CA-2016-132829,2016-12-23,287.88,3,0.2,35.985
CA-2016-132829,2016-12-23,131.88,3,0.2,14.8365
CA-2016-132829,2016-12-23,2.328,2,0.6,-0.7566
CA-2016-123540,2016-04-02,1454.9,5,0.0,378.274
US-2017-108315,2017-04-30,4.842,3,0.7,-3.5508
US-2017-108315,2017-04-30,220.704,6,0.2,-8.2764
CA-2016-134110,2016-11-17,67.176,3,0.2,6.7176
CA-2016-134110,2016-11-17,15.232,4,0.2,5.5216
US-2016-136581,2016-11-10,31.104,6,0.2,10.8864
CA-2016-162390,2016-12-06,968.744,7,0.2,314.8418
CA-2016-162390,2016-12-06,222.352,13,0.2,77.8232
CA-2016-162390,2016-12-06,479.984,2,0.2,89.997
CA-2016-162222,2016-04-03,10.272,3,0.2,3.21
CA-2014-121629,2014-11-28,998.85,5,0.4,-199.77
CA-2015-164623,2015-10-20,24.56,2,0.0,11.5432
CA-2014-159849,2014-09-19,5.67,3,0.0,0.1134
CA-2017-101273,2017-08-27,14.336,4,0.2,0.896
CA-2017-106747,2017-07-03,102.3,1,0.0,26.598
CA-2017-146164,2017-12-22,607.52,2,0.0,97.2032
CA-2017-146164,2017-12-22,31.16,2,0.0,7.79
CA-2016-111605,2016-12-27,2.61,1,0.0,1.2006
CA-2014-130673,2014-05-20,10.332,3,0.6,-5.9409
CA-2014-130673,2014-05-20,10.368,2,0.2,3.6288
CA-2014-130673,2014-05-20,20.784,2,0.2,-3.6372
CA-2014-130673,2014-05-20,66.96,5,0.2,-13.392
CA-2014-104808,2014-02-04,17.248,2,0.2,6.0368
US-2017-132927,2017-12-09,11.088,7,0.7,-8.1312
CA-2017-162015,2017-07-11,1287.45,5,0.0,244.6155
CA-2017-162015,2017-07-11,168.1,5,0.0,43.706
CA-2015-138492,2015-05-15,51.968,2,0.2,-10.3936
CA-2017-145338,2017-01-29,4.768,2,0.2,0.4768
CA-2017-126676,2017-09-29,7.98,3,0.0,3.9102
CA-2017-101700,2017-04-23,18.688,2,0.2,7.008
CA-2017-101700,2017-04-23,11.664,3,0.2,3.3534
CA-2017-159667,2017-11-09,191.976,3,0.2,38.3952
CA-2017-159667,2017-11-09,499.168,4,0.2,31.198
CA-2014-111934,2014-05-05,11.88,2,0.0,5.346
CA-2014-111934,2014-05-05,35.44,1,0.0,16.6568
US-2016-117387,2016-10-27,67.136,4,0.2,25.176
CA-2014-141110,2014-11-26,4.32,3,0.2,1.512
CA-2014-141110,2014-11-26,14.94,3,0.0,7.0218
CA-2014-141110,2014-11-26,40.54,2,0.0,11.3512
CA-2014-141110,2014-11-26,7.312,1,0.2,2.5592
US-2014-133949,2014-12-31,475.944,7,0.2,59.493
US-2016-116365,2016-01-03,30.08,2,0.2,-5.264
US-2016-116365,2016-01-03,165.6,3,0.2,-6.21
US-2016-116365,2016-01-03,180.96,5,0.2,13.572
CA-2017-162936,2017-08-18,23.18,2,0.0,7.6494
CA-2014-151946,2014-06-04,56.96,2,0.0,21.0752
CA-2014-151946,2014-06-04,15.56,4,0.0,4.0456
CA-2014-151946,2014-06-04,353.568,2,0.2,-44.196
CA-2014-151946,2014-06-04,13.96,2,0.0,6.7008
CA-2017-123624,2017-11-13,82.95,5,0.0,29.0325
CA-2016-146437,2016-01-28,39.68,2,0.0,10.3168
CA-2016-138233,2016-11-09,479.97,3,0.0,177.5889
CA-2016-165918,2016-09-10,7.38,2,0.0,3.4686
CA-2016-165918,2016-09-10,14.256,3,0.2,4.455
CA-2016-165918,2016-09-10,81.98,2,0.0,40.1702
CA-2016-165918,2016-09-10,39.624,3,0.2,13.8684
CA-2017-117513,2017-03-03,399.672,7,0.2,-14.9877
CA-2017-132437,2017-09-08,65.12,4,0.0,16.9312
US-2017-119319,2017-11-06,30.56,5,0.6,-19.864
CA-2017-104318,2017-05-13,20.768,2,0.2,2.3364
US-2016-114230,2016-11-27,39.808,4,0.2,3.9808
CA-2015-136147,2015-11-13,121.104,6,0.7,-100.92
CA-2015-136147,2015-11-13,111.96,5,0.2,-1.3995
CA-2015-156118,2015-12-08,15.696,3,0.2,5.1012
CA-2015-164084,2015-09-07,70.26,3,0.0,18.9702
CA-2015-164084,2015-09-07,90.0,5,0.0,16.2
CA-2015-164084,2015-09-07,6.096,2,0.2,2.0574
CA-2015-164084,2015-09-07,481.176,2,0.4,-120.294
CA-2015-164084,2015-09-07,7.24,4,0.0,2.3892
CA-2016-107783,2016-07-28,177.45,5,0.5,-78.078
CA-2016-107783,2016-07-28,1369.764,6,0.7,-913.176
CA-2016-107783,2016-07-28,9.48,3,0.2,0.711
CA-2017-159793,2017-08-25,130.98,2,0.5,-89.0664
CA-2014-160094,2014-04-30,174.95,5,0.0,45.487
CA-2014-160094,2014-04-30,826.0,5,0.0,214.76
CA-2017-151281,2017-04-27,139.58,7,0.0,39.0824
CA-2017-118346,2017-07-23,399.95,5,0.0,143.982
CA-2014-129819,2014-12-13,12.39,3,0.0,5.8233
US-2017-148551,2017-01-12,760.98,5,0.8,-1141.47
CA-2017-147767,2017-12-02,67.86,6,0.7,-45.24
CA-2015-108259,2015-11-08,31.504,11,0.2,11.814
CA-2015-108259,2015-11-08,5.04,1,0.2,1.638
CA-2015-108259,2015-11-08,39.879,7,0.7,-29.2446
CA-2015-108259,2015-11-08,4.712,1,0.2,1.4136
CA-2016-113341,2016-11-25,194.352,3,0.2,19.4352
US-2015-131842,2015-12-05,97.424,2,0.2,10.9602
CA-2016-164574,2016-07-29,704.76,5,0.2,26.4285
CA-2016-164574,2016-07-29,27.396,3,0.7,-20.0904
CA-2014-142769,2014-09-13,5.7,5,0.0,2.679
CA-2014-142769,2014-09-13,14.19,3,0.0,5.5341
CA-2014-142769,2014-09-13,7.3,2,0.0,2.19
CA-2014-142769,2014-09-13,199.98,2,0.0,75.9924
CA-2014-142769,2014-09-13,144.96,4,0.0,60.8832
CA-2014-142769,2014-09-13,118.0,2,0.0,20.06
CA-2014-142769,2014-09-13,48.94,1,0.0,24.47
CA-2014-142769,2014-09-13,22.66,2,0.0,9.7438
CA-2016-168361,2016-06-21,0.836,1,0.8,-1.3376
CA-2016-153185,2016-09-03,30.96,6,0.2,11.223
CA-2017-124765,2017-11-25,723.92,5,0.2,-81.441
CA-2015-131856,2015-05-12,21.968,4,0.6,-15.9268
CA-2015-131856,2015-05-12,619.152,6,0.2,69.6546
CA-2015-131856,2015-05-12,127.904,7,0.2,41.5688
CA-2017-126634,2017-03-30,94.2,5,0.0,39.564
CA-2016-118500,2016-11-17,49.5,5,0.0,13.365
CA-2016-163951,2016-12-30,16.52,5,0.2,1.652
CA-2016-149916,2016-12-22,55.36,4,0.2,19.376
CA-2016-149916,2016-12-22,11.56,1,0.2,3.757
CA-2015-158918,2015-12-20,17.12,4,0.0,7.704
US-2014-159611,2014-12-27,182.352,3,0.2,-18.2352
US-2014-159611,2014-12-27,118.16,2,0.2,-25.109
CA-2017-163265,2017-02-16,18.368,2,0.2,6.1992
CA-2017-163265,2017-02-16,600.558,3,0.3,-8.5794
CA-2017-163265,2017-02-16,50.352,3,0.2,-8.1822
CA-2017-163265,2017-02-16,28.032,6,0.2,3.504
CA-2017-163265,2017-02-16,7.692,1,0.6,-3.6537
CA-2017-141705,2017-10-24,517.405,5,0.3,-81.3065
CA-2016-112739,2016-09-02,8.608,8,0.8,-13.3424
CA-2016-112739,2016-09-02,159.56,5,0.2,33.9065
CA-2016-143805,2016-12-01,2104.55,7,0.0,694.5015
CA-2016-143805,2016-12-01,40.7,5,0.0,11.803
CA-2014-133634,2014-11-05,47.79,3,0.0,16.2486
CA-2017-101665,2017-11-25,5.16,2,0.0,1.3416
CA-2016-155446,2016-12-16,21.21,7,0.0,4.4541
CA-2017-137323,2017-11-14,96.36,6,0.0,25.0536
CA-2016-144015,2016-06-26,231.72,2,0.0,11.586
CA-2016-144015,2016-06-26,17.9,5,0.0,8.95
CA-2016-144015,2016-06-26,12.48,2,0.0,5.616
CA-2014-101427,2014-12-26,8.016,3,0.2,1.1022
CA-2016-136770,2016-08-14,259.896,2,0.4,-56.3108
CA-2016-136770,2016-08-14,247.188,2,0.4,-49.4376
CA-2016-136770,2016-08-14,279.96,5,0.2,48.993
CA-2016-118311,2016-10-24,450.0,5,0.0,162.0
US-2014-112795,2014-08-23,19.44,3,0.0,9.5256
CA-2017-127096,2017-09-15,300.904,1,0.2,11.2839
CA-2017-119284,2017-06-15,239.976,3,0.2,26.9973
CA-2017-119284,2017-06-15,31.168,4,0.2,9.3504
CA-2017-119284,2017-06-15,120.96,2,0.4,-28.224
CA-2017-119284,2017-06-15,2239.936,8,0.2,223.9936
CA-2017-119284,2017-06-15,76.608,8,0.2,6.7032
CA-2017-119284,2017-06-15,142.776,1,0.2,17.847
CA-2017-119284,2017-06-15,91.36,5,0.2,29.692
CA-2015-133494,2015-03-01,3.552,2,0.2,0.444
CA-2016-111318,2016-07-23,115.136,8,0.2,11.5136
US-2014-132745,2014-10-01,4.71,1,0.0,0.0
CA-2014-146815,2014-09-08,172.764,2,0.1,13.4372
CA-2014-146815,2014-09-08,3.52,2,0.0,1.6896
CA-2014-119144,2014-11-16,79.968,4,0.2,-17.9928
CA-2014-119144,2014-11-16,305.9745,3,0.15,25.1979
CA-2014-119144,2014-11-16,344.91,3,0.0,10.3473
CA-2014-105648,2014-03-03,626.352,3,0.2,-23.4882
US-2015-145422,2015-12-03,359.499,3,0.15,-29.6058
CA-2017-136623,2017-07-11,71.952,6,0.2,5.3964
CA-2017-136623,2017-07-11,29.8,5,0.2,9.3125
CA-2017-121678,2017-11-16,1.824,1,0.7,-1.3984
CA-2016-120824,2016-06-12,64.384,4,0.8,-160.96
CA-2016-120824,2016-06-12,6.984,2,0.6,-4.5396
CA-2016-120824,2016-06-12,11.264,8,0.2,3.9424
CA-2016-120824,2016-06-12,15.552,3,0.2,5.6376
CA-2016-120824,2016-06-12,379.372,2,0.3,-119.2312
CA-2016-120824,2016-06-12,67.536,9,0.2,6.7536
CA-2016-120824,2016-06-12,1.524,2,0.8,-2.667
US-2016-135209,2016-12-29,37.408,7,0.2,13.0928
US-2016-135209,2016-12-29,25.344,6,0.2,8.8704
CA-2017-148145,2017-03-18,46.2,4,0.0,21.252
CA-2015-103870,2015-12-27,4.728,3,0.2,0.7092
CA-2015-103870,2015-12-27,53.352,3,0.2,16.0056
CA-2015-103870,2015-12-27,131.104,2,0.2,8.194
CA-2015-103870,2015-12-27,22.512,3,0.2,2.2512
CA-2015-103870,2015-12-27,72.744,7,0.2,-12.7302
CA-2015-111017,2015-07-31,52.59,3,0.0,15.777
CA-2017-116988,2017-06-27,19.44,3,0.0,9.3312
CA-2017-116988,2017-06-27,126.3,3,0.0,40.416
CA-2017-116988,2017-06-27,1287.45,5,0.0,244.6155
US-2014-169390,2014-02-07,64.96,4,0.0,9.744
CA-2016-168774,2016-09-04,535.41,3,0.0,160.623
CA-2017-161592,2017-04-06,8.1,5,0.7,-5.94
US-2017-131961,2017-12-08,13.248,4,0.2,3.6432
US-2017-131961,2017-12-08,83.988,2,0.4,-20.997
CA-2016-102498,2016-07-24,73.2,5,0.0,21.228
CA-2015-113222,2015-11-09,10.74,3,0.0,5.1552
US-2015-144771,2015-10-02,11.032,1,0.2,3.0338
US-2015-144771,2015-10-02,53.04,3,0.2,-4.641
CA-2015-162376,2015-11-22,17.12,4,0.0,4.9648
CA-2015-162376,2015-11-22,59.94,3,0.0,28.1718
CA-2017-128076,2017-02-02,210.58,2,0.0,12.6348
CA-2017-128076,2017-02-02,30.96,2,0.2,10.062
CA-2017-128076,2017-02-02,239.984,2,0.2,38.9974
US-2015-163825,2015-06-16,3050.376,3,0.2,1143.891
US-2015-163825,2015-06-16,133.98,2,0.0,33.495
CA-2016-105662,2016-05-05,93.248,4,0.2,31.4712
CA-2016-105662,2016-05-05,177.48,3,0.2,19.9665
CA-2017-152198,2017-09-09,17.712,6,0.2,5.9778
CA-2017-152198,2017-09-09,4.86,3,0.7,-3.564
CA-2017-152198,2017-09-09,6.258,2,0.7,-5.215
CA-2016-114307,2016-07-22,37.68,2,0.0,10.5504
CA-2016-114307,2016-07-22,51.84,8,0.0,24.8832
CA-2016-114307,2016-07-22,27.42,3,0.0,9.3228
CA-2016-114307,2016-07-22,5.4,3,0.0,2.592
CA-2016-159891,2016-01-31,1270.99,1,0.0,635.495
CA-2016-159891,2016-01-31,125.36,8,0.0,58.9192
CA-2016-112578,2016-12-29,14.03,1,0.0,4.0687
CA-2016-112578,2016-12-29,27.96,2,0.0,7.2696
CA-2015-107083,2015-11-21,5.344,2,0.2,0.7348
CA-2015-107083,2015-11-21,1.696,2,0.8,-2.544
CA-2015-107083,2015-11-21,24.588,3,0.8,-67.617
CA-2015-107083,2015-11-21,7.98,5,0.8,-13.167
CA-2015-151722,2015-10-05,288.0,4,0.2,57.6
CA-2016-151148,2016-09-12,146.952,3,0.2,9.1845
CA-2016-151148,2016-09-12,83.136,4,0.2,5.196
CA-2017-115882,2017-09-14,942.784,4,0.2,94.2784
CA-2017-115882,2017-09-14,74.352,3,0.2,23.235
CA-2015-132276,2015-02-23,26.88,6,0.0,6.72
CA-2015-132276,2015-02-23,10.896,2,0.2,3.8136
CA-2016-163636,2016-12-05,3.536,2,0.2,0.3094
CA-2016-102813,2016-07-02,528.43,5,0.3,0.0
CA-2016-102813,2016-07-02,41.472,8,0.2,14.5152
CA-2017-135377,2017-12-13,287.976,3,0.2,7.1994
CA-2015-165813,2015-03-20,29.304,3,0.2,2.5641
CA-2015-133585,2015-03-01,55.328,2,0.2,6.2244
CA-2015-133585,2015-03-01,1227.9984,6,0.32,-36.1176
CA-2016-116911,2016-09-15,20.416,4,0.2,6.6352
CA-2016-116911,2016-09-15,1128.39,3,0.0,259.5297
US-2017-129224,2017-03-17,4.608,2,0.2,1.6704
CA-2017-145765,2017-05-28,195.96,5,0.2,19.596
CA-2017-145765,2017-05-28,15.552,3,0.2,5.4432
CA-2017-145765,2017-05-28,271.968,4,0.2,54.3936
CA-2017-126914,2017-06-15,698.352,3,0.2,52.3764
CA-2017-126914,2017-06-15,77.728,2,0.2,-3.8864
CA-2015-169572,2015-09-06,46.62,9,0.0,21.4452
CA-2017-162075,2017-03-18,537.544,7,0.2,47.0351
CA-2014-162992,2014-12-19,14.62,2,0.0,6.8714
CA-2014-162992,2014-12-19,22.55,5,0.0,8.7945
CA-2014-162992,2014-12-19,583.8,5,0.2,72.975
CA-2014-162992,2014-12-19,211.168,4,0.2,15.8376
CA-2016-106397,2016-07-07,12.96,2,0.0,6.2208
CA-2016-106397,2016-07-07,45.98,2,0.0,12.8744
US-2016-150140,2016-04-06,1294.75,5,0.0,336.635
CA-2014-116666,2014-05-08,1799.97,5,0.4,239.996
CA-2017-148992,2017-11-23,10.688,2,0.2,3.7408
CA-2016-140935,2016-11-10,221.98,2,0.0,62.1544
CA-2016-140935,2016-11-10,341.96,2,0.0,54.7136
CA-2014-157644,2014-12-31,34.77,3,0.0,11.4741
CA-2014-157644,2014-12-31,18.9,3,0.0,8.694
US-2017-100398,2017-08-19,102.72,3,0.2,37.236
CA-2016-113082,2016-09-12,40.48,2,0.0,14.5728
US-2017-110646,2017-10-26,33.282,3,0.7,-27.735
US-2017-110646,2017-10-26,118.65,5,0.4,19.775
US-2017-110646,2017-10-26,14.76,5,0.2,4.9815
CA-2017-120614,2017-05-30,37.52,4,0.0,18.0096
US-2016-140172,2016-03-08,207.144,3,0.1,48.3336
US-2016-140172,2016-03-08,13.9,5,0.0,3.753
CA-2015-127754,2015-07-26,266.352,3,0.2,13.3176
CA-2015-144274,2015-11-23,307.98,2,0.0,89.3142
CA-2015-144274,2015-11-23,44.1,6,0.0,20.727
CA-2015-144274,2015-11-23,13.12,4,0.0,5.6416
CA-2015-144274,2015-11-23,16.56,2,0.0,7.7832
CA-2015-144274,2015-11-23,38.88,6,0.0,18.6624
CA-2015-142930,2015-11-28,335.52,4,0.2,117.432
CA-2017-100622,2017-11-03,959.984,2,0.2,311.9948
CA-2017-100622,2017-11-03,4.086,2,0.7,-2.9964
CA-2017-100622,2017-11-03,55.984,2,0.2,4.1988
CA-2017-100622,2017-11-03,10.688,2,0.2,3.7408
CA-2017-117156,2017-03-21,8.856,3,0.2,2.8782
CA-2015-115399,2015-12-19,6.912,3,0.2,2.5056
US-2014-157847,2014-04-02,26.72,5,0.2,9.352
US-2014-157847,2014-04-02,33.488,7,0.2,10.465
CA-2015-115168,2015-06-05,10.56,2,0.0,4.752
CA-2014-109680,2014-10-06,386.34,2,0.0,54.0876
CA-2016-167983,2016-08-21,33.44,10,0.2,11.704
CA-2015-145324,2015-11-15,39.96,2,0.0,14.3856
CA-2015-153423,2015-06-22,1217.568,2,0.2,456.588
US-2017-132675,2017-09-24,15.51,1,0.0,3.8775
US-2017-132675,2017-09-24,89.9,2,0.0,25.172
US-2017-132675,2017-09-24,14.28,4,0.0,3.7128
US-2017-132675,2017-09-24,12.72,3,0.0,4.9608
US-2017-132675,2017-09-24,15.75,5,0.0,7.56
CA-2014-153808,2014-04-06,70.95,3,0.0,18.447
CA-2014-153808,2014-04-06,65.568,2,0.2,23.7684
CA-2014-153808,2014-04-06,299.97,3,0.0,131.9868
US-2016-112396,2016-02-09,89.97,3,0.0,39.5868
US-2016-112396,2016-02-09,31.86,2,0.0,11.151
CA-2014-141173,2014-11-18,67.15,5,0.0,16.7875
CA-2017-156664,2017-12-18,7.236,3,0.7,-6.03
CA-2017-156664,2017-12-18,4.824,3,0.2,1.7487
CA-2017-156664,2017-12-18,91.36,5,0.2,29.692
CA-2017-156664,2017-12-18,130.112,2,0.2,13.0112
CA-2015-140718,2015-07-02,74.24,1,0.2,8.352
CA-2015-140718,2015-07-02,159.84,10,0.2,45.954
CA-2015-140718,2015-07-02,2.892,2,0.7,-2.3136
CA-2015-140718,2015-07-02,9.392,2,0.2,3.2872
CA-2014-119977,2014-10-08,123.92,4,0.0,55.764
US-2015-115343,2015-09-22,55.6,5,0.2,6.255
US-2015-115343,2015-09-22,617.976,3,0.2,-7.7247
CA-2017-163671,2017-12-24,21.312,3,0.2,7.992
CA-2017-135909,2017-10-13,209.94,6,0.0,39.8886
CA-2017-135909,2017-10-13,31.984,2,0.2,-7.996
CA-2017-135909,2017-10-13,5083.96,5,0.2,1906.485
US-2017-114356,2017-08-20,35.96,1,0.2,3.596
CA-2015-125934,2015-09-11,31.05,3,0.0,14.904
CA-2015-125934,2015-09-11,8.92,4,0.0,3.9248
CA-2015-125934,2015-09-11,209.6,4,0.0,96.416
CA-2015-125934,2015-09-11,111.04,4,0.0,29.9808
CA-2015-125934,2015-09-11,38.88,6,0.0,18.6624
CA-2015-158148,2015-12-20,36.27,3,0.0,10.881
CA-2014-120411,2014-09-20,493.43,5,0.3,-70.49
CA-2014-120411,2014-09-20,11.12,2,0.2,3.475
CA-2016-158260,2016-11-04,686.4,2,0.2,77.22
CA-2017-101805,2017-12-01,15.92,5,0.2,5.373
CA-2017-101805,2017-12-01,70.68,12,0.0,31.0992
CA-2017-101805,2017-12-01,541.24,4,0.0,5.4124
US-2014-105137,2014-10-10,101.994,2,0.7,-71.3958
US-2014-105137,2014-10-10,18.264,2,0.7,-13.3936
CA-2017-142489,2017-11-14,21.99,5,0.8,-32.985
US-2016-141264,2016-08-13,185.376,2,0.2,-34.758
US-2016-141264,2016-08-13,58.924,1,0.8,-153.2024
CA-2017-126928,2017-09-17,480.0,4,0.0,225.6
CA-2017-126928,2017-09-17,34.05,3,0.0,9.534
US-2015-107944,2015-03-23,192.72,11,0.0,92.5056
US-2015-107944,2015-03-23,239.97,3,0.0,86.3892
CA-2016-135594,2016-06-30,50.12,7,0.2,-0.6265
US-2017-115252,2017-10-20,15.984,2,0.2,1.3986
US-2017-115252,2017-10-20,14.352,3,0.2,4.485
CA-2014-107398,2014-08-25,6.528,4,0.7,-4.5696
CA-2014-107398,2014-08-25,2.862,3,0.7,-2.2896
CA-2014-107398,2014-08-25,20.856,8,0.7,-16.6848
CA-2014-169642,2014-07-27,276.28,2,0.0,0.0
CA-2017-103968,2017-12-01,629.64,9,0.0,107.0388
CA-2016-147256,2016-10-17,449.97,3,0.0,220.4853
CA-2016-147256,2016-10-17,1927.59,7,0.0,751.7601
CA-2016-162159,2016-09-16,121.78,2,0.0,30.445
CA-2015-111038,2015-12-01,2676.672,9,0.2,267.6672
CA-2014-124723,2014-08-05,489.23,2,0.3,41.934
CA-2016-167241,2016-08-15,312.03,3,0.0,43.6842
CA-2016-167241,2016-08-15,17.94,3,0.0,3.0498
CA-2016-167241,2016-08-15,165.6,3,0.2,10.35
CA-2016-167241,2016-08-15,37.52,4,0.0,18.0096
CA-2015-163237,2015-08-07,494.97,3,0.0,148.491
CA-2015-163237,2015-08-07,25.06,2,0.0,11.7782
CA-2016-150483,2016-05-31,32.064,3,0.6,-12.8256
CA-2016-150483,2016-05-31,18.496,4,0.2,6.7048
CA-2016-150483,2016-05-31,191.079,3,0.3,-38.2158
CA-2016-150483,2016-05-31,10.368,2,0.2,3.6288
US-2016-126431,2016-07-01,30.53,1,0.0,14.0438
US-2016-126431,2016-07-01,30.84,3,0.0,6.168
US-2016-126431,2016-07-01,75.06,9,0.0,33.777
CA-2016-139934,2016-12-18,66.976,7,0.2,6.6976
CA-2015-109603,2015-01-26,182.72,8,0.0,84.0512
CA-2017-160661,2017-10-28,21.93,3,0.0,10.3071
CA-2017-102610,2017-11-04,95.976,3,0.2,15.5961
CA-2017-102610,2017-11-04,143.928,9,0.2,-32.3838
CA-2017-102610,2017-11-04,3.564,2,0.7,-2.97
CA-2017-102610,2017-11-04,4.928,2,0.2,1.7248
US-2016-144057,2016-05-09,856.656,6,0.2,107.082
US-2016-144057,2016-05-09,13.184,4,0.8,-20.4352
US-2016-144057,2016-05-09,48.784,4,0.8,-131.7168
US-2016-144057,2016-05-09,76.64,2,0.2,26.824
US-2016-144057,2016-05-09,18.528,6,0.8,-27.792
CA-2014-160276,2014-04-02,177.68,2,0.0,46.1968
CA-2014-132983,2014-04-28,159.98,2,0.0,57.5928
CA-2016-145709,2016-10-04,52.68,3,0.2,19.755
CA-2016-145709,2016-10-04,11.568,3,0.2,2.6028
CA-2017-133928,2017-06-11,4.572,4,0.7,-3.81
CA-2016-168032,2016-01-30,1439.968,4,0.2,143.9968
CA-2016-168032,2016-01-30,1.728,3,0.8,-2.6784
CA-2016-168032,2016-01-30,626.1,3,0.5,-538.446
CA-2015-143616,2015-09-27,99.2,5,0.0,25.792
US-2015-168704,2015-04-13,609.98,4,0.3,-113.282
US-2015-168704,2015-04-13,211.372,2,0.3,-45.294
US-2015-168704,2015-04-13,239.976,3,0.2,17.9982
CA-2017-143252,2017-12-18,99.95,5,0.0,22.9885
CA-2017-143252,2017-12-18,29.34,3,0.0,10.8558
CA-2016-102134,2016-03-14,16.74,2,0.0,4.3524
CA-2017-130036,2017-08-27,12.672,3,0.2,3.96
CA-2017-130036,2017-08-27,1119.888,14,0.2,209.979
CA-2015-134117,2015-12-17,204.85,5,0.0,53.261
CA-2015-134117,2015-12-17,135.984,2,0.2,16.998
CA-2015-134117,2015-12-17,16.4,5,0.0,7.052
CA-2015-134117,2015-12-17,92.96,2,0.2,31.374
CA-2014-130918,2014-08-22,7.632,3,0.2,-1.8126
CA-2016-159023,2016-11-03,4.158,7,0.7,-3.465
CA-2016-159023,2016-11-03,179.991,3,0.7,-251.9874
CA-2017-111717,2017-10-10,239.358,3,0.3,-47.8716
CA-2014-154592,2014-12-07,164.88,3,0.0,80.7912
CA-2014-128622,2014-11-15,10.95,3,0.0,3.285
CA-2017-148355,2017-12-24,19.44,3,0.0,9.3312
CA-2017-148355,2017-12-24,12.3,5,0.0,6.15
CA-2014-132913,2014-12-24,13.97,1,0.0,3.6322
CA-2017-150910,2017-12-22,934.956,6,0.4,-249.3216
CA-2017-150910,2017-12-22,46.864,2,0.2,7.6154
CA-2017-150910,2017-12-22,26.16,3,0.2,1.962
CA-2017-150910,2017-12-22,23.128,7,0.2,2.891
CA-2017-150910,2017-12-22,59.24,5,0.2,16.291
CA-2014-156790,2014-08-08,155.456,4,0.2,-7.7728
CA-2014-126480,2014-09-20,8.56,2,0.0,3.852
CA-2017-105620,2017-12-25,21.0,3,0.2,5.775
CA-2017-105620,2017-12-25,120.0,2,0.5,-7.2
CA-2017-150266,2017-11-25,299.96,5,0.2,37.495
CA-2017-150266,2017-11-25,67.84,5,0.8,-179.776
CA-2017-150266,2017-11-25,853.93,5,0.3,-24.398
CA-2017-150266,2017-11-25,18.688,4,0.2,3.7376
CA-2016-157280,2016-11-05,273.96,2,0.0,71.2296
CA-2016-157280,2016-11-05,89.97,3,0.0,18.8937
CA-2016-157280,2016-11-05,756.8,5,0.0,75.68
CA-2017-106691,2017-11-06,1.248,2,0.8,-1.9344
CA-2016-134180,2016-11-03,72.0,1,0.2,14.4
CA-2016-134180,2016-11-03,470.155,7,0.3,-13.433
CA-2014-166730,2014-12-30,39.128,1,0.2,-8.8038
CA-2017-157469,2017-12-02,19.728,9,0.2,1.7262
CA-2017-157469,2017-12-02,151.188,2,0.4,-25.198
CA-2017-122308,2017-03-24,271.764,2,0.1,60.392
US-2014-149034,2014-11-19,47.496,1,0.2,-1.1874
CA-2017-159226,2017-04-25,344.981,7,0.15,28.4102
CA-2017-156622,2017-11-23,36.288,7,0.2,12.7008
CA-2017-156622,2017-11-23,78.304,2,0.2,29.364
CA-2017-156622,2017-11-23,127.785,1,0.3,-31.0335
CA-2017-156622,2017-11-23,6.104,2,0.8,-9.156
CA-2014-119529,2014-11-03,5.76,2,0.0,2.8224
CA-2015-150413,2015-10-19,1.72,1,0.8,-2.838
CA-2014-108182,2014-02-06,8.952,2,0.8,-14.7708
CA-2016-110898,2016-03-06,2.334,3,0.8,-6.3018
CA-2016-110898,2016-03-06,1.728,4,0.8,-2.7648
CA-2016-110898,2016-03-06,159.04,5,0.6,-194.824
CA-2016-110898,2016-03-06,145.98,2,0.5,-99.2664
CA-2015-123092,2015-12-03,77.952,3,0.2,12.6672
CA-2015-123092,2015-12-03,95.97,5,0.7,-73.577
CA-2015-123092,2015-12-03,105.584,2,0.2,9.2386
CA-2015-123092,2015-12-03,9.344,2,0.2,1.168
US-2015-128587,2015-12-24,9.68,2,0.0,3.7752
US-2015-128587,2015-12-24,4899.93,7,0.0,2302.9671
US-2017-139577,2017-10-01,104.75,5,0.0,21.9975
CA-2017-159100,2017-10-16,18.528,2,0.2,4.4004
CA-2017-159100,2017-10-16,1875.258,7,0.4,-968.8833
CA-2014-109043,2014-08-15,91.36,5,0.2,29.692
CA-2014-109043,2014-08-15,152.24,5,0.2,17.127
US-2017-116491,2017-11-11,35.184,2,0.2,12.3144
CA-2017-122763,2017-03-20,56.704,2,0.2,19.1376
CA-2017-122763,2017-03-20,274.064,7,0.2,102.774
CA-2017-137785,2017-05-13,458.43,5,0.3,-124.431
CA-2014-133389,2014-06-22,8.226,3,0.7,-6.0324
CA-2014-103807,2014-12-02,5.95,1,0.0,0.833
CA-2014-103807,2014-12-02,15.24,3,0.0,7.1628
CA-2015-102855,2015-04-05,239.94,6,0.0,26.3934
CA-2015-102855,2015-04-05,23.84,8,0.0,6.4368
CA-2017-107825,2017-11-18,92.52,6,0.0,24.9804
CA-2017-107825,2017-11-18,37.76,1,0.0,10.5728
CA-2017-107825,2017-11-18,7.38,2,0.0,3.4686
CA-2017-107825,2017-11-18,5.82,2,0.0,2.7354
CA-2017-106047,2017-07-12,3.816,1,0.2,1.1925
CA-2017-127803,2017-05-19,26.16,4,0.0,12.8184
CA-2015-137071,2015-12-20,100.8,2,0.2,21.42
CA-2016-121447,2016-02-21,135.8,7,0.0,66.542
CA-2017-143084,2017-03-18,13.9,5,0.0,3.753
CA-2017-143084,2017-03-18,19.4,5,0.0,9.312
CA-2016-131639,2016-12-17,13.488,2,0.2,4.3836
CA-2016-131639,2016-12-17,11.416,1,0.2,3.8529
CA-2016-161361,2016-03-26,17.64,3,0.0,8.6436
CA-2016-161361,2016-03-26,17.04,3,0.2,5.538
CA-2014-100706,2014-12-16,99.98,2,0.0,7.9984
CA-2014-100706,2014-12-16,29.46,6,0.0,9.7218
CA-2015-129525,2015-11-15,166.92,13,0.7,-116.844
US-2016-141880,2016-08-22,98.328,3,0.2,9.8328
CA-2015-165799,2015-06-29,117.882,1,0.1,1.3098
CA-2016-102127,2016-06-26,20.97,3,0.0,9.0171
CA-2016-102127,2016-06-26,139.96,4,0.0,9.7972
CA-2016-102127,2016-06-26,37.74,3,0.0,12.8316
US-2016-152415,2016-09-17,14.82,3,0.0,6.2244
US-2016-152415,2016-09-17,191.82,3,0.0,61.3824
CA-2014-138198,2014-07-18,13.904,2,0.2,4.5188
CA-2017-128041,2017-09-01,314.6,4,0.0,103.818
CA-2017-128041,2017-09-01,283.56,4,0.0,45.3696
CA-2017-105823,2017-06-22,487.96,2,0.0,146.388
CA-2014-152268,2014-09-02,1793.98,2,0.0,843.1706
CA-2015-148873,2015-10-01,2.992,4,0.8,-4.488
CA-2015-148873,2015-10-01,108.768,4,0.2,2.7192
CA-2015-166492,2015-04-07,25.92,4,0.0,12.4416
CA-2015-166492,2015-04-07,22.58,2,0.0,5.8708
CA-2017-157420,2017-11-21,55.176,3,0.2,-12.4146
CA-2016-117121,2016-12-17,9892.74,13,0.0,4946.37
CA-2014-138177,2014-09-19,73.915,1,0.5,-45.8273
CA-2014-114335,2014-09-28,337.088,4,0.2,16.8544
CA-2015-168760,2015-09-22,61.44,3,0.0,16.5888
CA-2016-168830,2016-11-07,479.97,3,0.0,163.1898
CA-2017-137463,2017-12-16,5.984,2,0.2,2.244
CA-2017-137463,2017-12-16,189.95,5,0.0,45.588
CA-2017-137463,2017-12-16,149.95,5,0.0,31.4895
CA-2017-137463,2017-12-16,29.95,5,0.0,8.6855
CA-2017-137463,2017-12-16,44.4,3,0.0,22.2
CA-2014-124513,2014-09-21,66.03,3,0.0,17.1678
CA-2015-165554,2015-05-18,10.86,2,0.0,5.3214
CA-2014-141838,2014-03-26,3.36,2,0.0,0.84
CA-2014-141838,2014-03-26,27.936,4,0.2,9.4284
CA-2014-141838,2014-03-26,28.784,2,0.2,2.8784
CA-2017-117009,2017-09-22,21.96,2,0.0,6.1488
CA-2015-128993,2015-09-12,21.98,2,0.0,8.5722
CA-2015-160227,2015-11-02,2621.322,11,0.1,553.3902
CA-2015-149097,2015-10-20,74.76,7,0.0,23.9232
CA-2015-149097,2015-10-20,364.776,3,0.2,27.3582
CA-2016-132304,2016-06-14,1115.17,7,0.0,334.551
CA-2015-136420,2015-11-20,89.696,4,0.2,33.636
CA-2015-136420,2015-11-20,50.12,4,0.0,23.5564
CA-2016-101623,2016-02-28,36.48,6,0.0,18.24
US-2014-151015,2014-10-14,322.192,13,0.2,100.685
US-2014-151015,2014-10-14,2.946,3,0.8,-4.8609
US-2014-151015,2014-10-14,19.136,4,0.2,6.9368
CA-2017-152968,2017-05-26,23.08,2,0.0,6.924
CA-2016-150077,2016-02-04,90.48,2,0.0,23.5248
CA-2016-106278,2016-09-02,215.976,3,0.2,-2.6997
CA-2016-106278,2016-09-02,65.94,3,0.0,30.9918
CA-2017-147550,2017-12-04,11.352,3,0.2,2.6961
CA-2015-136105,2015-06-12,24.56,2,0.0,6.8768
CA-2016-142524,2016-09-04,16.56,2,0.0,7.7832
CA-2016-142524,2016-09-04,279.95,5,0.0,67.188
CA-2014-136336,2014-04-21,828.84,6,0.0,0.0
US-2015-136259,2015-11-05,7.218,3,0.7,-5.5338
US-2015-136259,2015-11-05,27.2,4,0.2,2.04
US-2014-124625,2014-11-03,89.97,3,0.0,18.8937
CA-2016-108105,2016-02-16,318.08,4,0.0,34.9888
CA-2016-108105,2016-02-16,5.8,1,0.0,2.61
CA-2017-166898,2017-09-11,143.952,6,0.2,17.994
CA-2017-166898,2017-09-11,19.44,3,0.0,9.3312
CA-2017-169005,2017-11-02,5.56,2,0.0,1.4456
CA-2015-104038,2015-02-06,146.73,3,0.0,2.9346
CA-2015-104038,2015-02-06,29.9,5,0.0,13.455
CA-2016-126102,2016-09-10,276.784,2,0.2,89.9548
CA-2016-143406,2016-09-26,93.032,2,0.8,-251.1864
CA-2016-143406,2016-09-26,454.965,5,0.3,-136.4895
CA-2015-150308,2015-12-15,246.168,3,0.2,21.5397
CA-2016-131093,2016-09-17,295.4,5,0.2,-62.7725
US-2017-148831,2017-10-13,348.56,8,0.0,104.568
CA-2015-162950,2015-06-28,15.552,3,0.2,5.4432
CA-2015-162950,2015-06-28,482.94,6,0.5,-376.6932
US-2015-132836,2015-06-01,299.98,2,0.0,83.9944
US-2015-132836,2015-06-01,403.68,6,0.0,181.656
US-2015-132836,2015-06-01,41.9,2,0.0,11.732
US-2015-132836,2015-06-01,28.91,7,0.0,13.2986
US-2014-158365,2014-04-12,32.4,5,0.0,15.552
CA-2017-152933,2017-10-12,369.544,7,0.2,27.7158
CA-2017-152933,2017-10-12,10.368,2,0.2,3.7584
CA-2017-152933,2017-10-12,791.88,3,0.2,128.6805
CA-2015-163181,2015-11-07,23.64,3,0.2,5.319
CA-2015-163181,2015-11-07,84.784,2,0.2,-16.9568
CA-2015-163181,2015-11-07,64.96,5,0.6,-84.448
CA-2015-163181,2015-11-07,32.06,10,0.8,-51.296
CA-2015-163181,2015-11-07,177.648,2,0.2,-28.8678
CA-2015-163181,2015-11-07,287.91,3,0.4,33.5895
CA-2015-132941,2015-05-25,22.368,2,0.2,1.6776
CA-2015-132941,2015-05-25,32.368,7,0.2,11.7334
CA-2015-132941,2015-05-25,207.984,2,0.2,36.3972
CA-2014-132010,2014-10-13,36.4,5,0.0,17.472
CA-2014-132010,2014-10-13,22.96,2,0.0,4.3624
CA-2014-132010,2014-10-13,315.2,4,0.0,6.304
CA-2014-132010,2014-10-13,15.18,3,0.0,7.1346
CA-2016-135461,2016-02-07,623.96,5,0.2,38.9975
CA-2017-153045,2017-01-19,429.6,2,0.4,-93.08
CA-2017-153045,2017-01-19,31.968,2,0.2,6.3936
CA-2017-153045,2017-01-19,887.271,3,0.3,-63.3765
CA-2017-153045,2017-01-19,21.696,4,0.2,7.0512
US-2016-155971,2016-06-06,22.05,7,0.0,10.584
US-2016-155971,2016-06-06,99.9,5,0.0,46.953
CA-2017-122007,2017-03-18,90.86,7,0.0,26.3494
CA-2017-162250,2017-11-24,7.78,1,0.0,3.501
US-2016-158288,2016-11-26,78.759,9,0.7,-57.7566
CA-2016-128916,2016-08-18,9.552,3,0.6,-3.8208
CA-2016-128916,2016-08-18,5.344,4,0.6,-2.1376
CA-2015-157028,2015-11-28,8.28,2,0.0,3.4776
CA-2017-112473,2017-05-25,50.136,3,0.2,-11.2806
US-2017-147655,2017-09-04,88.074,7,0.7,-58.716
CA-2016-130911,2016-03-24,301.47,3,0.5,-241.176
CA-2016-130911,2016-03-24,18.656,2,0.2,1.6324
CA-2017-100055,2017-05-28,27.46,2,0.0,9.8856
CA-2017-100055,2017-05-28,125.13,3,0.0,36.2877
CA-2015-157805,2015-08-31,555.96,5,0.2,41.697
CA-2016-124254,2016-04-12,129.552,3,0.2,-22.6716
CA-2016-124254,2016-04-12,51.984,1,0.2,-5.1984
CA-2016-124254,2016-04-12,10.272,3,0.2,3.4668
CA-2014-123400,2014-02-02,18.336,2,0.7,-12.224
CA-2014-123400,2014-02-02,180.96,5,0.2,13.572
CA-2014-106971,2014-09-02,475.944,7,0.2,95.1888
CA-2017-123029,2017-09-30,159.98,2,0.0,47.994
CA-2016-139409,2016-09-05,43.6,4,0.0,12.208
US-2017-166688,2017-05-20,8.288,2,0.2,3.0044
US-2017-166688,2017-05-20,1123.128,9,0.2,70.1955
US-2017-166688,2017-05-20,64.9,5,0.0,18.821
CA-2015-126970,2015-09-20,2.808,3,0.8,-4.4928
US-2016-165505,2016-01-23,99.98,2,0.0,42.9914
US-2016-165505,2016-01-23,8.04,6,0.0,2.7336
US-2016-165505,2016-01-23,1564.29,13,0.0,406.7154
US-2014-157070,2014-06-01,138.56,4,0.0,66.5088
US-2014-157070,2014-06-01,65.52,5,0.1,12.376
US-2015-106873,2015-09-24,14.576,2,0.2,2.3686
US-2015-106873,2015-09-24,23.2,2,0.2,1.45
US-2015-106873,2015-09-24,16.464,7,0.2,1.8522
CA-2016-132990,2016-08-01,19.312,2,0.2,3.1382
CA-2014-102645,2014-01-23,40.08,6,0.0,19.2384
CA-2014-134215,2014-08-04,101.96,2,0.0,27.5292
CA-2014-134215,2014-08-04,259.74,13,0.0,124.6752
CA-2014-134215,2014-08-04,255.42,9,0.0,104.7222
CA-2016-118934,2016-08-09,4.338,3,0.7,-3.0366
CA-2016-118934,2016-08-09,11.88,5,0.7,-7.92
CA-2016-160108,2016-12-08,405.86,7,0.0,32.4688
CA-2016-160108,2016-12-08,680.01,3,0.0,176.8026
CA-2015-164007,2015-06-08,2.376,3,0.2,0.7425
CA-2015-164007,2015-06-08,143.128,2,0.8,-393.602
CA-2016-100300,2016-06-24,4476.8,4,0.2,503.64
CA-2016-100300,2016-06-24,104.85,1,0.0,50.328
CA-2016-100300,2016-06-24,241.44,3,0.0,72.432
CA-2016-140571,2016-03-15,319.76,14,0.0,147.0896
CA-2016-140571,2016-03-15,45.68,2,0.0,21.0128
US-2016-155768,2016-12-01,31.96,2,0.0,1.598
US-2016-155768,2016-12-01,47.9,1,0.0,22.992
US-2016-155768,2016-12-01,1112.94,3,0.0,222.588
US-2016-155768,2016-12-01,22.92,3,0.0,11.2308
CA-2017-119424,2017-06-12,71.976,3,0.2,8.997
CA-2017-119424,2017-06-12,19.44,3,0.0,9.3312
CA-2016-118178,2016-03-19,31.086,3,0.7,-20.724
CA-2016-166618,2016-11-14,13.98,2,0.0,3.9144
CA-2016-166618,2016-11-14,23.65,1,0.0,6.149
CA-2017-156776,2017-08-07,707.88,3,0.2,44.2425
CA-2017-156776,2017-08-07,11.952,3,0.2,4.1832
CA-2017-156776,2017-08-07,31.128,3,0.2,11.673
CA-2017-156776,2017-08-07,55.76,4,0.0,7.8064
CA-2017-156776,2017-08-07,24.56,2,0.0,11.5432
CA-2017-156776,2017-08-07,51.75,1,0.0,15.525
CA-2017-156776,2017-08-07,207.184,1,0.2,25.898
CA-2017-156776,2017-08-07,1473.1,5,0.0,412.468
US-2015-130512,2015-08-21,3.488,2,0.2,-0.6976
US-2015-130512,2015-08-21,21.728,4,0.2,3.8024
US-2015-130512,2015-08-21,663.072,6,0.2,-165.768
US-2015-130512,2015-08-21,99.588,2,0.7,-82.99
US-2015-130512,2015-08-21,49.568,2,0.2,15.49
CA-2015-141810,2015-11-02,29.372,7,0.8,-46.9952
CA-2015-141810,2015-11-02,344.704,2,0.2,38.7792
CA-2014-146843,2014-11-30,47.992,7,0.2,3.5994
CA-2014-146843,2014-11-30,102.24,4,0.2,-16.614
CA-2014-103310,2014-05-10,39.96,2,0.0,19.1808
CA-2014-103310,2014-05-10,1432.0,5,0.2,125.3
CA-2014-103310,2014-05-10,41.04,6,0.0,11.0808
CA-2014-103310,2014-05-10,256.784,1,0.2,32.098
CA-2016-152688,2016-10-17,120.98,1,0.0,12.098
CA-2016-152688,2016-10-17,315.98,1,0.0,148.5106
CA-2016-153836,2016-10-30,28.752,3,0.2,10.0632
CA-2016-153836,2016-10-30,114.95,5,0.0,32.186
CA-2016-104689,2016-12-01,23.04,8,0.0,6.912
CA-2016-146423,2016-04-21,15.48,3,0.0,4.4892
CA-2016-146423,2016-04-21,51.84,8,0.0,24.8832
CA-2017-140781,2017-08-03,39.816,3,0.2,7.4655
CA-2017-141747,2017-08-03,16.06,1,0.0,4.1756
CA-2017-142776,2017-12-11,7.28,1,0.0,3.4944
CA-2017-142776,2017-12-11,5.4,3,0.0,2.592
CA-2015-167479,2015-03-14,19.44,3,0.0,9.3312
CA-2014-144071,2014-12-08,39.88,2,0.0,11.1664
CA-2014-144071,2014-12-08,79.44,3,0.0,28.5984
US-2017-120908,2017-09-30,20.664,7,0.2,6.9741
CA-2016-152646,2016-11-21,32.4,5,0.0,15.552
CA-2017-103765,2017-11-24,13.762,1,0.8,-24.7716
US-2017-118157,2017-11-14,15.28,2,0.0,7.4872
US-2015-164238,2015-08-16,44.688,7,0.2,3.3516
US-2015-164238,2015-08-16,301.47,3,0.5,-204.9996
CA-2017-103212,2017-10-13,11.07,3,0.0,5.2029
CA-2017-103212,2017-10-13,1504.52,4,0.0,346.0396
CA-2017-103212,2017-10-13,25.92,4,0.0,12.4416
CA-2017-121160,2017-11-04,7.536,6,0.8,-13.188
CA-2017-121160,2017-11-04,1.408,2,0.8,-2.3232
CA-2017-121160,2017-11-04,4.144,4,0.8,-6.4232
CA-2017-121160,2017-11-04,52.752,3,0.2,-12.5286
CA-2017-140515,2017-03-19,381.36,7,0.0,106.7808
CA-2014-153619,2014-11-03,6.72,4,0.0,3.36
CA-2017-133718,2017-07-23,15.192,3,0.2,5.5071
CA-2017-133718,2017-07-23,58.32,9,0.0,27.9936
CA-2014-148383,2014-12-27,946.764,6,0.7,-694.2936
CA-2016-126732,2016-09-02,94.68,9,0.0,31.2444
CA-2016-126732,2016-09-02,23.67,3,0.0,0.9468
CA-2016-126732,2016-09-02,1091.168,4,0.2,68.198
CA-2016-126732,2016-09-02,18.69,7,0.0,5.2332
CA-2016-126732,2016-09-02,568.728,3,0.2,28.4364
CA-2016-126732,2016-09-02,7.312,1,0.2,2.5592
CA-2017-138156,2017-02-11,147.568,2,0.2,-3.6892
CA-2017-110310,2017-10-27,56.784,7,0.2,20.5842
CA-2017-110310,2017-10-27,5.607,3,0.7,-3.9249
CA-2017-110310,2017-10-27,6.576,3,0.2,0.5754
CA-2014-113271,2014-07-09,14.304,6,0.2,4.6488
CA-2014-113271,2014-07-09,119.833,1,0.15,7.049
CA-2014-113271,2014-07-09,5.56,2,0.0,2.224
CA-2014-113271,2014-07-09,32.4,5,0.0,15.552
CA-2017-130106,2017-05-22,9.84,3,0.0,2.8536
CA-2017-130106,2017-05-22,2.78,1,0.0,0.7228
CA-2016-127761,2016-11-10,3.64,1,0.2,1.365
CA-2016-127761,2016-11-10,881.93,7,0.0,220.4825
CA-2016-105354,2016-12-02,115.84,8,0.0,54.4448
CA-2017-155712,2017-03-02,107.648,2,0.2,33.64
CA-2017-102309,2017-09-23,199.95,5,0.0,63.984
CA-2017-102309,2017-09-23,12.96,2,0.0,6.2208
CA-2014-168368,2014-02-11,60.89,1,0.0,15.2225
CA-2014-168368,2014-02-11,14.94,3,0.0,6.8724
CA-2014-168368,2014-02-11,9.64,2,0.0,4.4344
CA-2014-168368,2014-02-11,332.94,3,0.0,53.2704
CA-2014-168368,2014-02-11,51.9,3,0.0,24.393
CA-2014-168368,2014-02-11,64.96,2,0.0,2.5984
CA-2017-167976,2017-11-11,25.5,3,0.0,6.63
CA-2017-111388,2017-09-02,215.976,3,0.2,-2.6997
CA-2015-124499,2015-10-09,389.97,3,0.0,35.0973
CA-2015-124499,2015-10-09,269.91,5,0.1,53.982
US-2017-128118,2017-11-24,11.673,3,0.7,-7.782
US-2017-128118,2017-11-24,64.848,7,0.2,24.318
CA-2014-125759,2014-02-08,14.56,2,0.0,5.5328
CA-2015-151869,2015-09-25,102.582,1,0.1,6.8388
CA-2015-151869,2015-09-25,20.04,3,0.0,9.6192
US-2017-102183,2017-08-21,32.088,7,0.2,11.2308
US-2017-102183,2017-08-21,4305.552,6,0.2,1453.1238
CA-2016-100510,2016-05-12,10.02,3,0.0,4.4088
CA-2016-100510,2016-05-12,631.96,4,0.0,303.3408
CA-2017-146983,2017-09-02,1577.94,3,0.0,757.4112
US-2014-134054,2014-10-10,255.85,7,0.0,112.574
CA-2016-113236,2016-05-26,184.704,6,0.2,13.8528
CA-2016-113236,2016-05-26,47.92,2,0.2,11.98
CA-2017-122539,2017-12-01,15.936,4,0.2,5.1792
CA-2017-122539,2017-12-01,8.001,7,0.7,-5.6007
CA-2017-122539,2017-12-01,398.972,2,0.3,-28.498
CA-2016-166772,2016-09-20,163.88,2,0.0,40.97
US-2017-152898,2017-09-11,67.9,5,0.0,20.37
CA-2016-160486,2016-12-30,72.224,4,0.2,25.2784
CA-2017-102218,2017-09-02,11.696,2,0.2,3.9474
CA-2014-161032,2014-11-18,392.94,3,0.0,43.2234
CA-2015-102778,2015-11-21,18.176,1,0.2,4.7712
CA-2017-154011,2017-06-19,6.888,3,0.8,-11.0208
CA-2017-154011,2017-06-19,457.485,3,0.3,-84.9615
US-2017-165456,2017-11-30,1079.316,6,0.3,-15.4188
CA-2014-111857,2014-04-23,48.91,1,0.0,22.9877
CA-2014-163650,2014-09-23,9.84,3,0.0,2.8536
CA-2014-163650,2014-09-23,34.5,3,0.0,15.525
CA-2017-124114,2017-03-02,0.556,1,0.8,-0.9452
US-2017-116505,2017-11-17,43.8,6,0.0,20.586
CA-2017-161340,2017-05-28,13.872,3,0.2,5.0286
CA-2017-161340,2017-05-28,115.96,4,0.5,-64.9376
US-2015-163433,2015-04-18,41.424,2,0.2,8.2848
US-2015-163433,2015-04-18,244.768,4,0.2,24.4768
US-2015-163433,2015-04-18,74.352,3,0.2,6.5058
US-2015-163433,2015-04-18,4.312,2,0.8,-6.8992
US-2015-163433,2015-04-18,56.686,1,0.3,-20.245
US-2015-163433,2015-04-18,97.968,2,0.2,6.123
US-2015-163433,2015-04-18,7.872,3,0.2,0.8856
US-2015-163433,2015-04-18,15.552,3,0.2,5.4432
US-2015-163433,2015-04-18,1.476,1,0.8,-2.2878
CA-2015-137603,2015-09-19,8.4,5,0.0,2.184
CA-2014-128237,2014-03-25,6.56,2,0.0,1.9024
CA-2014-128237,2014-03-25,14.88,2,0.0,3.72
CA-2014-128237,2014-03-25,45.48,4,0.0,15.918
CA-2014-128237,2014-03-25,25.44,6,0.0,9.9216
US-2016-102141,2016-08-26,146.688,8,0.2,45.84
CA-2017-148642,2017-03-06,4.928,2,0.2,1.7248
CA-2017-148642,2017-03-06,63.488,4,0.2,4.7616
CA-2015-111948,2015-11-11,418.32,7,0.0,117.1296
CA-2015-111948,2015-11-11,123.858,2,0.1,46.7908
CA-2016-161907,2016-04-05,118.782,3,0.4,-27.7158
CA-2016-161907,2016-04-05,769.184,4,0.2,-163.4516
CA-2017-124940,2017-02-21,47.904,1,0.2,-2.994
US-2017-108343,2017-07-20,13.36,2,0.0,6.4128
US-2017-108343,2017-07-20,163.764,2,0.1,25.4744
US-2017-108343,2017-07-20,183.92,4,0.0,31.2664
US-2016-111563,2016-11-04,11.376,3,0.6,-5.688
US-2016-111563,2016-11-04,66.112,4,0.6,-84.2928
CA-2017-121853,2017-09-23,211.04,8,0.0,97.0784
CA-2017-121853,2017-09-23,594.816,2,0.2,59.4816
CA-2017-121853,2017-09-23,72.96,3,0.2,23.712
US-2017-130687,2017-09-07,80.96,4,0.0,34.8128
US-2017-130687,2017-09-07,455.712,2,0.2,34.1784
US-2017-130687,2017-09-07,25.98,1,0.0,7.2744
CA-2015-164497,2015-11-28,45.28,4,0.0,15.3952
US-2015-153283,2015-11-12,15.56,2,0.0,7.3132
CA-2016-108056,2016-09-29,859.2,3,0.2,75.18
CA-2017-127726,2017-09-11,195.68,4,0.0,50.8768
CA-2017-127726,2017-09-11,14.2,4,0.0,6.674
CA-2017-110198,2017-05-01,314.352,3,0.2,-15.7176
CA-2017-110198,2017-05-01,4.608,2,0.2,1.4976
CA-2017-130715,2017-09-16,17.9,5,0.0,8.771
CA-2014-155264,2014-10-19,2.992,1,0.2,1.122
CA-2014-155264,2014-10-19,20.064,6,0.2,7.0224
CA-2014-155264,2014-10-19,146.73,3,0.0,68.9631
CA-2014-155264,2014-10-19,18.75,5,0.0,9.0
CA-2014-155264,2014-10-19,117.576,3,0.2,11.7576
CA-2016-119123,2016-03-13,51.184,7,0.2,19.194
CA-2017-109085,2017-02-17,455.97,5,0.4,-106.393
CA-2017-109085,2017-02-17,5.715,5,0.7,-4.7625
CA-2017-109085,2017-02-17,57.594,1,0.4,-11.5188
CA-2017-109085,2017-02-17,30.144,2,0.2,8.2896
CA-2017-109085,2017-02-17,899.43,5,0.3,-12.849
CA-2016-114860,2016-12-22,842.72,8,0.0,202.2528
CA-2016-114860,2016-12-22,41.96,2,0.0,10.9096
CA-2016-159009,2016-09-23,13.216,4,0.2,4.4604
CA-2016-159009,2016-09-23,184.752,3,0.2,-20.7846
CA-2017-148411,2017-09-24,520.464,2,0.3,-14.8704
CA-2017-148411,2017-09-24,11.424,3,0.2,3.7128
CA-2015-110324,2015-12-01,19.44,3,0.0,9.3312
CA-2015-110324,2015-12-01,3.64,2,0.0,1.0192
CA-2015-110324,2015-12-01,18.54,2,0.0,8.7138
CA-2016-168046,2016-01-25,43.12,5,0.2,15.092
CA-2016-168046,2016-01-25,313.722,3,0.4,-99.3453
CA-2016-168046,2016-01-25,45.98,1,0.0,7.8166
CA-2016-168046,2016-01-25,428.68,7,0.0,0.0
CA-2017-111591,2017-03-21,30.576,6,0.2,10.3194
CA-2017-111591,2017-03-21,13.02,7,0.0,0.3906
CA-2017-111591,2017-03-21,22.14,3,0.0,6.4206
CA-2017-111591,2017-03-21,359.32,4,0.0,7.1864
US-2014-166828,2014-08-22,11.56,2,0.0,5.6644
CA-2014-108147,2014-06-08,68.48,2,0.2,25.68
CA-2014-108147,2014-06-08,1676.88,6,0.0,83.844
CA-2016-154998,2016-04-07,37.94,2,0.0,18.2112
CA-2017-113460,2017-11-07,272.97,3,0.0,43.6752
CA-2015-111339,2015-05-29,41.568,4,0.2,-4.1568
CA-2015-111339,2015-05-29,317.058,3,0.3,-86.0586
CA-2015-111339,2015-05-29,8.04,5,0.2,2.9145
CA-2017-102820,2017-05-07,419.944,7,0.2,52.493
CA-2016-149671,2016-06-05,61.38,6,0.0,15.9588
CA-2015-126347,2015-12-14,50.0,2,0.0,10.5
CA-2017-108756,2017-12-25,31.8,3,0.0,13.674
CA-2017-155362,2017-12-17,32.56,2,0.0,8.4656
CA-2016-117625,2016-05-10,7.072,2,0.2,2.3868
CA-2014-154158,2014-12-23,45.528,3,0.2,15.9348
CA-2014-154158,2014-12-23,64.784,1,0.2,6.4784
CA-2014-154158,2014-12-23,424.272,2,0.2,-10.6068
CA-2014-154158,2014-12-23,1.344,1,0.2,0.504
CA-2014-154158,2014-12-23,83.92,5,0.2,-1.049
CA-2017-100433,2017-08-11,25.92,4,0.0,12.4416
CA-2017-163097,2017-08-27,120.576,8,0.2,33.1584
US-2017-127292,2017-01-19,79.92,4,0.0,37.5624
US-2017-127292,2017-01-19,12.28,1,0.0,5.7716
US-2017-127292,2017-01-19,542.94,3,0.0,152.0232
US-2017-127292,2017-01-19,2.04,1,0.0,0.9588
CA-2015-163734,2015-06-19,228.92,5,0.2,14.3075
CA-2017-162474,2017-03-13,7.992,1,0.2,2.5974
CA-2015-130848,2015-10-25,582.336,8,0.2,-29.1168
CA-2014-125997,2014-09-20,629.95,5,0.0,157.4875
CA-2014-125997,2014-09-20,631.782,2,0.1,140.396
CA-2014-125997,2014-09-20,801.568,2,0.2,-10.0196
CA-2014-125997,2014-09-20,75.18,6,0.0,35.3346
CA-2014-125997,2014-09-20,30.98,1,0.0,8.0548
CA-2014-125997,2014-09-20,1349.91,9,0.0,661.4559
CA-2016-103128,2016-11-11,14.112,6,0.2,1.2348
CA-2015-167696,2015-09-16,31.12,4,0.0,14.6264
CA-2014-159814,2014-06-24,4.272,2,0.2,0.9612
CA-2016-105459,2016-08-12,209.148,2,0.4,-66.2302
CA-2016-105459,2016-08-12,1591.02,6,0.0,286.3836
CA-2017-141663,2017-04-13,7.92,5,0.2,1.683
CA-2014-152618,2014-03-14,574.91,2,0.3,156.047
CA-2014-152618,2014-03-14,8.448,2,0.2,2.64
CA-2017-162789,2017-09-22,1071.0,9,0.0,171.36
CA-2017-162789,2017-09-22,12.07,1,0.0,3.9831
US-2017-110149,2017-12-10,3.273,1,0.7,-2.5093
US-2017-110149,2017-12-10,87.92,5,0.2,15.386
CA-2016-108959,2016-03-10,104.696,1,0.2,6.5435
CA-2015-164777,2015-01-27,2803.92,5,0.2,0.0
CA-2016-132017,2016-09-26,6.816,2,0.8,-11.5872
CA-2015-127824,2015-10-18,249.584,2,0.2,15.599
CA-2015-127824,2015-10-18,17.94,3,0.0,8.7906
CA-2015-127824,2015-10-18,10.11,3,0.0,3.2352
CA-2014-148285,2014-10-27,10.368,2,0.2,3.6288
CA-2014-148285,2014-10-27,11.952,3,0.2,4.0338
CA-2017-152926,2017-10-02,15.224,2,0.8,-38.8212
CA-2017-152926,2017-10-02,21.984,6,0.8,-56.0592
CA-2014-145254,2014-07-23,604.752,6,0.2,60.4752
CA-2014-145254,2014-07-23,40.7,5,0.0,11.803
CA-2014-145254,2014-07-23,302.376,3,0.2,37.797
CA-2014-145254,2014-07-23,45.0,3,0.0,4.95
CA-2014-116246,2014-09-12,3785.292,6,0.1,420.588
CA-2016-160479,2016-09-15,35.4,5,0.0,13.452
CA-2014-167486,2014-11-27,199.9,5,0.0,39.98
CA-2014-152100,2014-05-11,1212.96,8,0.3,-69.312
CA-2015-166219,2015-08-28,1099.96,5,0.2,82.497
CA-2015-166219,2015-08-28,103.481,1,0.3,-16.2613
CA-2015-111864,2015-06-19,5.904,2,0.2,1.9926
CA-2015-119627,2015-08-17,30.08,2,0.2,-5.264
CA-2015-119627,2015-08-17,36.288,7,0.2,12.7008
CA-2015-119627,2015-08-17,10.272,3,0.2,1.1556
CA-2015-119627,2015-08-17,252.8,4,0.2,-31.6
CA-2015-160787,2015-09-25,2.946,2,0.7,-2.0622
CA-2017-107853,2017-05-26,12.96,2,0.0,6.2208
CA-2017-126144,2017-07-31,285.576,4,0.4,-57.1152
US-2014-154655,2014-10-12,22.24,2,0.2,2.502
CA-2014-100391,2014-05-25,14.62,2,0.0,6.7252
CA-2014-165477,2014-12-29,48.36,5,0.2,6.045
CA-2017-165904,2017-04-07,16.256,2,0.2,1.2192
CA-2017-165904,2017-04-07,219.184,2,0.2,19.1786
CA-2015-104052,2015-03-01,95.84,4,0.2,34.742
CA-2015-168277,2015-05-29,12.39,3,0.0,5.6994
CA-2016-158617,2016-09-22,35.88,6,0.0,16.146
CA-2017-136882,2017-05-27,477.3,5,0.0,138.417
US-2016-148957,2016-09-17,12.32,4,0.0,5.9136
CA-2014-140032,2014-09-08,8.608,2,0.2,3.0128
CA-2017-145506,2017-06-03,136.26,9,0.0,5.4504
CA-2015-129546,2015-09-28,186.15,3,0.0,55.845
CA-2015-129546,2015-09-28,81.792,6,0.2,26.5824
CA-2015-129546,2015-09-28,47.19,3,0.0,13.6851
CA-2015-129546,2015-09-28,36.784,2,0.2,-8.2764
CA-2016-140977,2016-06-16,91.475,1,0.5,-1.8295
CA-2017-151855,2017-05-27,27.192,3,0.2,0.3399
CA-2017-151855,2017-05-27,12.06,5,0.7,-10.05
CA-2014-138240,2014-10-09,144.6,3,0.0,41.934
CA-2014-138240,2014-10-09,15.992,1,0.2,-2.9985
CA-2014-101833,2014-11-17,34.44,3,0.0,17.22
CA-2014-100867,2014-10-19,321.552,6,0.2,20.097
US-2017-109610,2017-11-25,701.96,2,0.0,168.4704
CA-2014-156545,2014-02-27,19.456,4,0.2,3.4048
CA-2014-109127,2014-12-21,17.28,6,0.0,7.9488
CA-2016-126858,2016-11-19,31.96,2,0.0,1.598
CA-2017-102925,2017-11-05,164.688,6,0.2,55.5822
CA-2017-102925,2017-11-05,166.5,2,0.4,-66.6
CA-2017-102925,2017-11-05,12.96,2,0.0,6.2208
CA-2017-102925,2017-11-05,110.96,2,0.0,53.2608
CA-2017-102925,2017-11-05,99.98,2,0.0,3.9992
CA-2017-102925,2017-11-05,11.424,1,0.2,3.7128
CA-2017-102925,2017-11-05,128.124,2,0.1,24.2012
CA-2017-102925,2017-11-05,101.4,5,0.0,38.532
CA-2015-100818,2015-05-31,5.904,2,0.2,1.9926
CA-2015-100818,2015-05-31,173.488,7,0.2,54.215
CA-2015-100818,2015-05-31,51.56,2,0.6,-61.872
CA-2015-100818,2015-05-31,3.564,3,0.8,-6.237
CA-2014-126193,2014-09-07,13.16,5,0.2,4.1125
CA-2014-126193,2014-09-07,3.828,3,0.8,-6.5076
CA-2014-126193,2014-09-07,304.99,5,0.8,-533.7325
CA-2017-150504,2017-11-06,18.16,2,0.2,1.816
CA-2015-158351,2015-06-20,319.984,2,0.2,91.9954
CA-2014-122679,2014-07-22,19.68,6,0.0,6.4944
CA-2016-164770,2016-12-02,781.864,10,0.32,-137.976
CA-2016-164770,2016-12-02,30.816,9,0.2,9.63
CA-2017-130505,2017-10-12,673.344,3,0.3,-76.9536
US-2017-125213,2017-12-11,6.54,3,0.0,2.1582
CA-2015-156566,2015-10-01,572.8,2,0.2,50.12
US-2016-102232,2016-08-05,197.05,7,0.0,59.115
CA-2017-111738,2017-01-03,2022.272,8,0.2,682.5168
CA-2017-111738,2017-01-03,9.12,3,0.0,3.1008
CA-2017-163188,2017-11-07,38.16,9,0.0,19.08
CA-2016-105207,2016-01-03,1592.85,7,0.0,350.427
CA-2016-105207,2016-01-03,11.88,2,0.0,5.346
US-2016-123610,2016-05-12,120.0,6,0.0,46.8
US-2016-123610,2016-05-12,8.67,1,0.0,2.3409
CA-2017-118213,2017-11-05,4.41,1,0.0,2.0286
CA-2017-118213,2017-11-05,167.94,3,0.0,82.2906
CA-2017-118213,2017-11-05,67.8,10,0.0,31.188
CA-2016-149237,2016-05-26,26.94,3,0.0,11.3148
US-2015-158589,2015-11-20,32.04,3,0.0,8.01
CA-2016-101329,2016-04-22,32.13,9,0.0,8.3538
CA-2016-101329,2016-04-22,2.88,1,0.0,0.8064
CA-2016-113607,2016-10-14,1091.93,7,0.0,272.9825
CA-2016-113607,2016-10-14,111.96,2,0.0,54.8604
CA-2014-149104,2014-04-05,26.7,2,0.0,7.476
CA-2014-149104,2014-04-05,40.2,5,0.0,18.09
CA-2014-149104,2014-04-05,13.89,3,0.0,4.5837
CA-2014-149104,2014-04-05,689.82,6,0.0,20.6946
CA-2016-105263,2016-08-06,38.34,9,0.0,15.7194
CA-2014-130575,2014-12-14,9.264,3,0.8,-13.896
CA-2017-142461,2017-05-30,204.6664,1,0.32,-6.0196
CA-2016-125220,2016-10-14,1649.75,5,0.0,544.4175
CA-2014-100293,2014-03-14,91.056,6,0.2,31.8696
CA-2014-154165,2014-02-17,54.208,14,0.2,8.8088
CA-2015-123939,2015-08-24,26.982,3,0.4,4.0473
CA-2015-123939,2015-08-24,6.912,3,0.2,2.5056
CA-2015-123939,2015-08-24,435.504,3,0.2,48.9942
US-2017-104451,2017-05-08,81.08,4,0.0,22.7024
CA-2016-101189,2016-02-04,93.02,2,0.0,3.7208
CA-2014-169446,2014-12-19,323.976,3,0.2,36.4473
CA-2014-169446,2014-12-19,15.552,3,0.2,5.4432
CA-2014-169446,2014-12-19,32.592,3,0.2,-7.7406
CA-2017-156958,2017-12-05,83.92,5,0.2,29.372
CA-2017-156958,2017-12-05,199.9,5,0.0,39.98
CA-2017-156958,2017-12-05,31.176,3,0.2,-7.0146
CA-2017-156958,2017-12-05,172.752,6,0.2,60.4632
CA-2017-156958,2017-12-05,9.296,2,0.2,3.0212
CA-2017-101637,2017-03-24,12.768,2,0.2,0.9576
CA-2017-111759,2017-07-08,52.76,2,0.0,24.2696
CA-2017-102729,2017-10-26,55.616,2,0.2,5.5616
CA-2016-116596,2016-10-27,427.644,14,0.1,80.7772
CA-2016-116596,2016-10-27,40.67,7,0.0,12.6077
CA-2016-116596,2016-10-27,33.48,2,0.0,1.3392
CA-2016-116596,2016-10-27,9.728,2,0.2,3.2832
CA-2017-124191,2017-06-12,8.856,3,0.6,-6.8634
CA-2016-148747,2016-09-25,477.666,2,0.15,84.294
US-2017-169488,2017-09-07,16.9,5,0.0,7.774
US-2017-169488,2017-09-07,39.96,2,0.0,18.7812
CA-2015-135727,2015-05-11,191.968,7,0.2,16.7972
CA-2015-135251,2015-08-06,35.52,3,0.2,13.32
CA-2015-135251,2015-08-06,6.23,5,0.8,-9.6565
CA-2015-135251,2015-08-06,56.704,2,0.2,19.1376
CA-2015-135251,2015-08-06,369.1992,3,0.32,-114.0174
CA-2014-166590,2014-10-29,1.98,2,0.0,0.891
CA-2014-166590,2014-10-29,75.88,2,0.0,35.6636
CA-2016-131744,2016-06-18,6.848,2,0.2,2.14
CA-2016-131744,2016-06-18,4.626,2,0.7,-3.855
CA-2016-131744,2016-06-18,453.6,3,0.2,90.72
CA-2015-160864,2015-05-03,13.848,3,0.2,5.193
CA-2015-147690,2015-11-10,577.584,6,0.2,43.3188
CA-2015-163923,2015-05-30,151.96,4,0.0,36.4704
CA-2016-125724,2016-09-22,68.432,7,0.2,8.554
CA-2015-111612,2015-11-28,71.12,5,0.2,9.779
CA-2015-111612,2015-11-28,3.008,2,0.2,0.564
CA-2015-156853,2015-12-03,184.66,7,0.0,84.9436
CA-2014-103086,2014-10-17,5.312,2,0.6,-1.5936
CA-2016-129280,2016-05-03,132.52,5,0.2,34.7865
CA-2016-129280,2016-05-03,195.64,5,0.2,-44.019
CA-2016-129280,2016-05-03,51.968,2,0.2,10.3936
CA-2016-129280,2016-05-03,431.976,3,0.2,-75.5958
CA-2016-129280,2016-05-03,224.937,3,0.7,-164.9538
CA-2016-129280,2016-05-03,6.0,2,0.2,2.1
CA-2015-161242,2015-06-01,11.76,2,0.0,5.7624
CA-2014-130428,2014-03-31,1125.488,7,0.2,98.4802
CA-2014-130428,2014-03-31,12.645,5,0.7,-10.116
CA-2014-130428,2014-03-31,4.032,2,0.2,1.0584
CA-2017-104388,2017-07-05,79.96,4,0.0,22.3888
CA-2015-113131,2015-09-24,6.732,6,0.7,-4.488
CA-2015-113131,2015-09-24,33.568,2,0.2,1.6784
CA-2015-113131,2015-09-24,15.84,2,0.2,5.544
CA-2015-113131,2015-09-24,24.424,1,0.2,7.9378
CA-2015-113131,2015-09-24,17.12,5,0.2,1.926
CA-2015-148495,2015-08-13,31.56,3,0.0,10.4148
CA-2015-143147,2015-05-26,105.686,1,0.3,-28.6862
CA-2015-143147,2015-05-26,399.54,2,0.4,-79.908
CA-2015-143147,2015-05-26,104.93,5,0.3,-4.497
CA-2017-152975,2017-09-14,1079.85,3,0.0,323.955
CA-2017-152975,2017-09-14,70.98,1,0.0,3.549
CA-2017-152975,2017-09-14,29.95,5,0.0,8.6855
CA-2017-152975,2017-09-14,589.41,5,0.1,-6.549
CA-2016-107475,2016-06-07,9.648,6,0.2,3.4974
CA-2017-116127,2017-06-25,400.784,1,0.2,-5.0098
CA-2017-132584,2017-08-26,53.72,4,0.0,13.9672
CA-2016-160598,2016-08-26,31.008,1,0.2,11.2404
CA-2016-108630,2016-11-18,61.12,5,0.2,22.156
US-2017-129203,2017-04-17,195.136,4,0.2,-43.9056
CA-2017-110940,2017-07-23,121.536,4,0.2,15.192
CA-2014-119172,2014-05-11,17.472,3,0.2,5.6784
CA-2014-119172,2014-05-11,104.58,9,0.8,-172.557
US-2016-105452,2016-07-28,24.7,5,0.6,-9.88
US-2016-105452,2016-07-28,302.72,5,0.6,-378.4
CA-2017-108931,2017-09-14,8.56,2,0.0,3.852
CA-2017-108931,2017-09-14,11.56,2,0.0,5.6644
CA-2017-104619,2017-01-24,25.86,3,0.0,6.7236
CA-2017-104619,2017-01-24,276.784,2,0.2,89.9548
CA-2017-104619,2017-01-24,110.352,3,0.2,8.2764
CA-2015-149517,2015-09-19,60.84,3,0.0,19.4688
CA-2015-116841,2015-04-14,35.208,1,0.2,2.6406
CA-2017-107797,2017-05-08,41.472,8,0.2,14.5152
CA-2016-117604,2016-09-04,239.5,5,0.0,114.96
CA-2014-130155,2014-05-19,34.2,5,0.0,9.234
CA-2016-129861,2016-06-17,376.866,3,0.4,-213.5574
CA-2015-138625,2015-11-02,197.72,4,0.0,55.3616
US-2017-122672,2017-11-04,70.72,4,0.2,-6.188
US-2017-122672,2017-11-04,194.352,3,0.2,-43.7292
CA-2017-117128,2017-12-05,21.6,6,0.0,9.936
CA-2017-117128,2017-12-05,11.07,3,0.0,5.2029
CA-2016-130638,2016-05-16,282.84,4,0.0,19.7988
CA-2016-130638,2016-05-16,27.72,9,0.0,13.3056
CA-2017-144365,2017-10-24,11.68,4,0.0,5.256
CA-2016-110086,2016-09-18,239.984,2,0.2,23.9984
CA-2014-128524,2014-11-11,22.98,1,0.0,6.894
CA-2014-128524,2014-11-11,102.13,7,0.0,15.3195
CA-2014-128524,2014-11-11,2033.584,2,0.2,762.594
CA-2016-140256,2016-08-22,5.76,2,0.0,1.6704
CA-2017-160633,2017-11-16,899.982,3,0.4,74.9985
CA-2017-160633,2017-11-16,86.352,3,0.2,5.397
CA-2017-160633,2017-11-16,139.96,5,0.2,-1.7495
CA-2014-115133,2014-09-26,16.704,6,0.2,1.2528
CA-2014-115133,2014-09-26,3.152,2,0.2,0.4728
CA-2014-115133,2014-09-26,32.896,4,0.2,11.1024
CA-2017-137449,2017-06-29,21.392,2,0.8,-54.5496
CA-2017-137449,2017-06-29,307.314,3,0.3,-39.5118
CA-2017-137449,2017-06-29,409.9992,3,0.32,-96.4704
CA-2017-103520,2017-09-23,9.248,2,0.2,3.3524
CA-2014-139283,2014-11-23,14.67,3,0.0,6.7482
CA-2014-118192,2014-01-13,37.408,7,0.2,13.0928
CA-2014-118192,2014-01-13,3.438,2,0.7,-2.5212
CA-2016-168844,2016-05-31,7.152,3,0.2,2.3244
CA-2016-168844,2016-05-31,179.7,6,0.0,88.053
CA-2017-154809,2017-02-13,90.64,8,0.0,38.9752
CA-2014-151330,2014-10-14,177.0,3,0.0,30.09
CA-2014-151330,2014-10-14,79.45,7,0.0,22.246
CA-2014-151330,2014-10-14,1628.82,9,0.0,260.6112
CA-2014-124702,2014-11-18,137.54,2,0.0,55.016
CA-2014-124702,2014-11-18,730.2,4,0.0,94.926
US-2017-125808,2017-11-12,11.56,2,0.0,5.6644
CA-2015-116638,2015-01-28,4297.644,13,0.4,-1862.3124
CA-2014-104563,2014-03-07,20.65,5,0.0,9.499
CA-2014-104563,2014-03-07,204.9,5,0.0,0.0
CA-2014-104563,2014-03-07,436.704,6,0.2,21.8352
CA-2014-104563,2014-03-07,481.568,2,0.2,54.1764
US-2017-107979,2017-06-08,89.544,7,0.2,12.3123
US-2017-107979,2017-06-08,35.168,2,0.2,-8.3524
US-2017-107979,2017-06-08,72.588,2,0.7,-48.392
CA-2014-150518,2014-11-19,221.16,4,0.0,57.5016
CA-2014-150518,2014-11-19,281.97,3,0.0,78.9516
CA-2016-107104,2016-11-26,3406.664,8,0.15,160.3136
CA-2016-107104,2016-11-26,37.17,9,0.0,10.4076
CA-2016-107104,2016-11-26,64.96,2,0.0,19.488
CA-2016-107104,2016-11-26,595.38,6,0.0,297.69
CA-2017-161893,2017-01-23,95.984,2,0.2,11.998
CA-2017-161893,2017-01-23,4.938,2,0.7,-3.6212
CA-2014-156160,2014-09-22,97.44,3,0.0,35.0784
CA-2014-156160,2014-09-22,3.984,1,0.2,1.3944
CA-2014-156160,2014-09-22,13.04,4,0.0,5.7376
CA-2014-156160,2014-09-22,579.528,4,0.1,83.7096
CA-2014-100860,2014-03-26,18.75,5,0.0,9.0
CA-2016-160717,2016-06-06,3023.928,9,0.2,226.7946
CA-2016-160717,2016-06-06,26.96,2,0.0,3.7744
CA-2016-160717,2016-06-06,477.6,3,0.2,161.19
CA-2017-132619,2017-08-31,193.95,3,0.0,9.6975
US-2015-120957,2015-12-07,12.96,2,0.0,6.2208
CA-2017-157448,2017-11-16,119.94,3,0.0,23.988
CA-2017-157448,2017-11-16,12.42,3,0.0,4.4712
CA-2016-126270,2016-04-23,18.088,7,0.2,6.5569
CA-2016-126270,2016-04-23,71.97,3,0.0,35.985
CA-2017-145275,2017-04-02,14.94,3,0.0,6.8724
CA-2015-133396,2015-08-13,64.68,7,0.2,8.085
US-2017-140312,2017-11-13,22.0,5,0.2,1.375
CA-2016-114867,2016-12-23,7.968,2,0.2,2.6892
CA-2016-114867,2016-12-23,1499.97,5,0.4,-374.9925
US-2014-164644,2014-07-22,26.632,1,0.2,1.3316
CA-2016-137393,2016-05-06,41.6,4,0.0,14.144
US-2014-120175,2014-11-28,64.02,6,0.0,29.4492
CA-2016-144785,2016-04-18,6.99,3,0.0,2.0271
CA-2016-144785,2016-04-18,6.84,1,0.0,1.8468
CA-2015-130113,2015-12-27,323.1,2,0.0,61.389
CA-2015-130113,2015-12-27,668.16,9,0.2,75.168
CA-2017-122770,2017-12-13,8.64,3,0.0,4.2336
CA-2017-122770,2017-12-13,38.88,6,0.0,18.6624
CA-2017-122770,2017-12-13,201.04,8,0.0,54.2808
CA-2017-122770,2017-12-13,12.96,2,0.0,6.3504
CA-2017-118668,2017-01-02,16.59,1,0.0,5.8065
CA-2017-116498,2017-05-30,35.1,6,0.0,10.179
US-2017-130603,2017-09-30,11.646,9,0.8,-17.469
US-2017-135986,2017-06-20,32.4,5,0.0,15.552
US-2017-135986,2017-06-20,503.96,4,0.0,125.99
CA-2017-140536,2017-04-04,7.04,4,0.0,2.0416
CA-2015-130183,2015-11-13,613.9992,3,0.32,-18.0588
CA-2015-107902,2015-08-28,470.36,11,0.0,122.2936
CA-2017-130148,2017-09-24,31.08,6,0.0,15.2292
CA-2017-130148,2017-09-24,7.3,2,0.0,2.19
US-2016-151260,2016-12-11,73.536,4,0.2,9.192
CA-2014-144281,2014-06-10,491.55,5,0.0,240.8595
CA-2016-122511,2016-03-11,30.336,4,0.2,9.48
CA-2017-154116,2017-12-15,22.83,3,0.0,10.7301
CA-2017-154116,2017-12-15,54.32,4,0.0,16.296
CA-2017-154116,2017-12-15,196.776,3,0.2,14.7582
CA-2016-105291,2016-10-30,3.62,2,0.0,1.1946
CA-2017-147032,2017-07-31,11.54,1,0.0,5.5392
CA-2017-147032,2017-07-31,849.95,5,0.0,390.977
CA-2017-147032,2017-07-31,11.01,3,0.0,5.3949
CA-2017-125990,2017-10-19,39.624,3,0.2,13.8684
CA-2016-161746,2016-10-21,242.136,3,0.2,12.1068
CA-2016-161746,2016-10-21,12.39,3,0.0,5.6994
CA-2016-161746,2016-10-21,19.96,2,0.0,5.5888
CA-2016-161746,2016-10-21,340.92,3,0.0,3.4092
CA-2014-114251,2014-11-05,273.568,2,0.2,-34.196
CA-2014-114251,2014-11-05,13.194,2,0.7,-8.796
CA-2014-114251,2014-11-05,1080.096,6,0.2,-94.5084
CA-2014-114251,2014-11-05,51.56,5,0.2,-6.445
CA-2014-114251,2014-11-05,58.416,2,0.2,16.7946
CA-2016-116379,2016-11-07,57.584,2,0.2,20.1544
US-2016-144477,2016-08-12,37.312,4,0.2,2.7984
CA-2016-108210,2016-05-30,79.96,5,0.2,7.996
CA-2016-108210,2016-05-30,223.96,5,0.2,11.198
CA-2017-166835,2017-11-12,221.024,2,0.2,-55.256
CA-2016-119641,2016-09-22,18.96,2,0.0,7.584
CA-2016-105781,2016-02-16,326.646,3,0.1,39.9234
CA-2016-105781,2016-02-16,89.97,3,0.0,39.5868
CA-2014-101364,2014-12-22,296.712,13,0.2,100.1403
CA-2015-117898,2015-12-05,12.224,2,0.2,4.4312
CA-2017-142293,2017-09-17,89.97,3,0.0,37.7874
CA-2017-167395,2017-12-02,286.86,7,0.0,80.3208
CA-2017-167395,2017-12-02,979.95,5,0.0,284.1855
CA-2017-167395,2017-12-02,4.36,2,0.0,0.1744
CA-2014-111962,2014-09-29,10.048,2,0.2,3.14
CA-2014-111962,2014-09-29,807.75,5,0.0,153.4725
CA-2017-124261,2017-11-14,34.24,8,0.0,9.9296
CA-2014-114321,2014-08-20,500.24,13,0.0,145.0696
CA-2014-114321,2014-08-20,20.12,2,0.0,9.2552
CA-2014-114321,2014-08-20,896.99,1,0.0,421.5853
CA-2014-128062,2014-11-19,5.88,1,0.2,1.9845
US-2015-100069,2015-06-29,269.98,2,0.0,72.8946
CA-2017-129294,2017-03-16,310.12,2,0.0,80.6312
CA-2017-129294,2017-03-16,70.464,6,0.2,22.9008
CA-2017-129294,2017-03-16,19.68,5,0.2,6.888
CA-2017-129294,2017-03-16,140.67,3,0.0,54.8613
CA-2015-117086,2015-11-08,4404.9,5,0.0,1013.127
CA-2017-131303,2017-11-28,62.65,5,0.0,29.4455
CA-2016-137127,2016-06-16,9.45,3,0.0,4.536
CA-2017-141782,2017-01-21,268.576,4,0.2,90.6444
CA-2017-137505,2017-11-24,364.08,2,0.2,9.102
CA-2017-137505,2017-11-24,71.088,2,0.2,-1.7772
US-2014-140914,2014-11-11,10.984,2,0.6,-7.9634
US-2014-140914,2014-11-11,797.944,4,0.3,-56.996
CA-2016-158358,2016-03-04,159.98,2,0.0,57.5928
CA-2016-113390,2016-10-11,5.344,2,0.2,0.668
CA-2016-113390,2016-10-11,27.72,3,0.2,3.465
US-2016-158680,2016-07-01,2.496,1,0.2,0.9048
CA-2017-113705,2017-03-27,8.26,2,0.0,3.7996
CA-2017-113705,2017-03-27,17.76,2,0.0,8.88
CA-2017-113705,2017-03-27,332.94,3,0.0,9.9882
CA-2017-113705,2017-03-27,292.1,2,0.0,58.42
CA-2017-113705,2017-03-27,206.1,5,0.0,55.647
CA-2017-113705,2017-03-27,17.64,4,0.0,8.1144
CA-2016-146913,2016-10-31,1403.92,5,0.2,70.196
CA-2017-159135,2017-11-04,4.3,2,0.0,1.419
CA-2014-121762,2014-02-14,239.97,3,0.0,86.3892
CA-2014-121762,2014-02-14,81.96,2,0.0,22.9488
CA-2014-121762,2014-02-14,238.62,2,0.0,4.7724
CA-2014-123855,2014-06-18,139.8,5,0.2,12.2325
CA-2017-101959,2017-02-28,9.84,2,0.0,4.7232
CA-2017-101959,2017-02-28,7.78,1,0.0,3.501
CA-2017-102659,2017-12-09,54.9,5,0.0,26.901
CA-2017-142328,2017-12-07,50.04,6,0.0,25.02
CA-2016-123533,2016-11-24,339.92,5,0.2,8.498
CA-2016-123533,2016-11-24,10.528,4,0.2,3.4216
CA-2016-123533,2016-11-24,42.384,2,0.2,4.2384
CA-2016-104983,2016-07-03,123.92,5,0.2,38.725
CA-2016-160234,2016-06-26,135.95,1,0.0,39.4255
CA-2014-169019,2014-07-26,2177.584,8,0.8,-3701.8928
CA-2014-169019,2014-07-26,17.496,3,0.6,-10.0602
CA-2014-169019,2014-07-26,16.784,4,0.8,-26.8544
CA-2014-169019,2014-07-26,431.136,9,0.2,-26.946
CA-2014-169019,2014-07-26,8.88,5,0.8,-13.32
CA-2014-169019,2014-07-26,4.836,2,0.8,-12.09
CA-2016-153178,2016-09-14,437.85,3,0.0,131.355
CA-2016-153178,2016-09-14,673.568,2,0.2,252.588
CA-2015-149748,2015-05-31,274.8,5,0.0,134.652
CA-2015-149748,2015-05-31,62.18,1,0.0,16.7886
CA-2015-149748,2015-05-31,8.28,2,0.0,2.9808
CA-2015-155635,2015-05-09,48.81,3,0.0,23.9169
US-2014-114377,2014-11-05,149.9,5,0.0,40.473
CA-2017-144491,2017-03-27,1023.332,5,0.32,-30.098
CA-2017-144491,2017-03-27,600.558,3,0.3,-8.5794
CA-2017-144491,2017-03-27,39.992,1,0.2,6.9986
CA-2017-144491,2017-03-27,211.246,2,0.3,-66.3916
CA-2014-127166,2014-05-21,56.064,6,0.2,21.024
CA-2014-127166,2014-05-21,107.772,2,0.3,-29.2524
CA-2014-127166,2014-05-21,4.832,1,0.2,1.6308
CA-2014-127166,2014-05-21,18.24,3,0.8,-31.008
CA-2016-125920,2016-05-21,3.798,3,0.8,-5.8869
CA-2015-128608,2015-01-12,10.368,2,0.2,1.5552
CA-2015-128608,2015-01-12,235.188,2,0.4,-43.1178
CA-2015-128608,2015-01-12,26.376,4,0.4,2.6376
CA-2015-128608,2015-01-12,10.384,2,0.2,2.2066
CA-2015-128608,2015-01-12,107.118,3,0.4,-21.4236
CA-2017-137918,2017-09-29,97.3,7,0.0,28.217
CA-2015-122973,2015-07-18,3.328,2,0.2,1.2064
CA-2015-122973,2015-07-18,135.99,1,0.0,36.7173
CA-2015-122973,2015-07-18,7.38,1,0.0,2.1402
CA-2016-136322,2016-10-21,45.568,2,0.2,9.6832
CA-2016-136322,2016-10-21,28.752,8,0.7,-21.0848
CA-2017-107209,2017-07-27,194.848,4,0.2,12.178
CA-2017-145093,2017-07-21,2.112,2,0.8,-3.3792
US-2014-139640,2014-11-07,25.92,5,0.2,9.072
US-2014-139640,2014-11-07,120.768,4,0.2,9.0576
CA-2016-117583,2016-11-27,25.92,4,0.0,12.4416
CA-2016-117583,2016-11-27,34.65,3,0.0,9.702
CA-2016-117583,2016-11-27,204.95,5,0.0,100.4255
CA-2016-117583,2016-11-27,79.95,5,0.0,38.376
CA-2015-162201,2015-06-08,173.488,7,0.2,54.215
CA-2015-162201,2015-06-08,516.96,4,0.2,-6.462
CA-2015-162201,2015-06-08,173.208,7,0.2,45.4671
CA-2015-162201,2015-06-08,4.448,2,0.2,0.3336
CA-2015-162201,2015-06-08,9.0,3,0.2,3.15
CA-2015-162201,2015-06-08,42.24,10,0.2,13.2
CA-2015-162201,2015-06-08,18.264,2,0.7,-13.3936
US-2014-164406,2014-08-15,152.91,3,0.0,42.8148
US-2014-164406,2014-08-15,92.94,3,0.0,41.823
US-2014-164406,2014-08-15,17.856,4,0.2,6.2496
US-2014-164406,2014-08-15,46.44,3,0.2,15.093
US-2014-164406,2014-08-15,195.136,4,0.2,-12.196
CA-2017-169999,2017-06-19,129.3,2,0.0,6.465
CA-2017-169999,2017-06-19,11.568,3,0.2,3.7596
US-2017-152842,2017-07-16,242.352,3,0.2,15.147
CA-2014-113257,2014-12-16,319.968,4,0.2,95.9904
CA-2014-113257,2014-12-16,8.624,7,0.6,-2.5872
CA-2014-133963,2014-05-18,3.984,1,0.2,1.4442
CA-2017-130302,2017-09-14,895.944,7,0.2,190.3881
CA-2016-126627,2016-10-10,14.0,4,0.6,-6.3
CA-2016-126627,2016-10-10,16.392,2,0.8,-26.2272
US-2016-125402,2016-09-25,10.9,5,0.0,5.123
US-2016-125402,2016-09-25,29.6,2,0.0,14.8
US-2016-125402,2016-09-25,4.98,1,0.0,2.2908
US-2016-125402,2016-09-25,479.976,3,0.2,161.9919
US-2016-125402,2016-09-25,44.736,8,0.2,4.4736
US-2016-125402,2016-09-25,5.76,2,0.0,1.6704
US-2016-125402,2016-09-25,483.136,4,0.2,60.392
CA-2014-163867,2014-06-03,15.936,4,0.2,5.1792
CA-2014-163867,2014-06-03,61.544,7,0.6,-40.0036
CA-2014-163867,2014-06-03,132.696,3,0.2,9.9522
CA-2017-169327,2017-09-02,43.1,5,0.0,11.206
CA-2017-169327,2017-09-02,511.5,5,0.0,132.99
CA-2017-169327,2017-09-02,147.92,5,0.2,46.225
CA-2014-142979,2014-04-12,39.68,2,0.0,16.2688
CA-2016-158155,2016-05-02,12.56,2,0.0,4.0192
CA-2016-158155,2016-05-02,90.48,3,0.2,33.93
CA-2016-158155,2016-05-02,13.08,2,0.0,6.0168
CA-2016-158155,2016-05-02,214.7,5,0.0,83.733
CA-2017-138870,2017-06-19,50.32,4,0.0,21.1344
CA-2017-138870,2017-06-19,24.56,2,0.0,11.5432
CA-2014-120950,2014-11-06,43.68,6,0.0,20.9664
CA-2015-164301,2015-03-26,3393.68,8,0.0,610.8624
CA-2017-113278,2017-01-14,67.4,5,0.0,17.524
CA-2017-113278,2017-01-14,2.52,2,0.0,0.1008
CA-2017-113278,2017-01-14,67.8,4,0.0,1.356
CA-2017-113278,2017-01-14,18.76,2,0.0,5.2528
CA-2017-113278,2017-01-14,12.12,4,0.0,2.5452
CA-2017-113278,2017-01-14,11.34,1,0.0,5.5566
CA-2017-113278,2017-01-14,159.8,4,0.0,70.312
CA-2017-113278,2017-01-14,18.96,2,0.0,8.532
US-2015-116981,2015-03-26,1085.42,7,0.0,282.2092
US-2015-116981,2015-03-26,13.11,3,0.0,3.4086
CA-2014-114195,2014-11-01,68.704,2,0.2,16.3172
CA-2014-114195,2014-11-01,3.132,2,0.7,-2.61
CA-2014-114195,2014-11-01,22.428,3,0.7,-17.9424
CA-2017-146269,2017-10-06,290.336,2,0.2,32.6628
CA-2017-146269,2017-10-06,19.152,2,0.2,1.197
CA-2016-100587,2016-12-10,6.48,1,0.0,3.1104
CA-2016-166653,2016-09-22,63.968,2,0.2,19.99
CA-2015-130855,2015-12-29,6.36,2,0.0,0.0636
US-2017-166324,2017-04-20,848.544,4,0.2,-21.2136
US-2017-166324,2017-04-20,8.7,5,0.7,-6.38
US-2017-166324,2017-04-20,122.382,3,0.4,-24.4764
CA-2016-122581,2016-08-21,573.174,7,0.1,63.686
CA-2015-104297,2015-05-29,85.056,3,0.2,28.7064
CA-2014-153927,2014-08-12,14.04,3,0.0,6.7392
CA-2014-153927,2014-08-12,272.61,13,0.0,98.1396
CA-2014-112291,2014-04-03,11.16,2,0.0,5.58
CA-2014-112291,2014-04-03,62.31,3,0.0,22.4316
CA-2014-112291,2014-04-03,159.98,2,0.0,57.5928
CA-2014-146997,2014-01-23,5.94,3,0.0,0.0
CA-2017-169607,2017-10-12,9.96,2,0.0,4.6812
CA-2015-127544,2015-08-08,79.99,1,0.0,28.7964
CA-2017-166499,2017-03-19,8.94,3,0.0,2.4138
US-2016-115441,2016-07-25,20.62,2,0.0,9.6914
US-2016-115441,2016-07-25,124.25,7,0.0,48.4575
US-2016-115441,2016-07-25,297.55,5,0.0,83.314
US-2016-115441,2016-07-25,403.56,4,0.0,96.8544
US-2016-115441,2016-07-25,95.2,5,0.0,27.608
CA-2014-115049,2014-09-26,153.824,11,0.2,38.456
CA-2014-156342,2014-06-17,62.016,2,0.2,22.4808
CA-2016-112830,2016-06-06,466.32,3,0.2,34.974
CA-2016-112830,2016-06-06,82.64,2,0.2,0.0
US-2014-117380,2014-03-28,330.588,1,0.4,-143.2548
CA-2017-117646,2017-08-21,237.096,3,0.2,20.7459
CA-2017-117646,2017-08-21,22.752,3,0.2,7.11
CA-2017-117646,2017-08-21,6.672,1,0.2,2.085
CA-2014-122609,2014-11-12,25.128,3,0.6,-6.9102
CA-2014-122609,2014-11-12,127.984,2,0.2,25.5968
US-2015-129007,2015-09-13,131.88,7,0.0,55.3896
US-2015-129007,2015-09-13,25.032,3,0.2,7.8225
US-2015-129007,2015-09-13,717.72,3,0.2,71.772
US-2015-129007,2015-09-13,207.35,5,0.0,24.882
US-2015-129007,2015-09-13,44.67,3,0.0,12.0609
US-2015-129007,2015-09-13,209.7,2,0.0,100.656
US-2014-157231,2014-04-05,115.36,7,0.0,56.5264
CA-2015-132388,2015-10-10,362.136,3,0.2,-54.3204
CA-2015-132388,2015-10-10,31.05,3,0.0,14.904
CA-2017-160927,2017-01-29,12.96,2,0.0,6.2208
CA-2017-160927,2017-01-29,94.85,5,0.0,45.528
CA-2017-160927,2017-01-29,13.48,1,0.0,3.5048
CA-2017-160927,2017-01-29,14.91,3,0.0,4.6221
CA-2015-105508,2015-09-24,39.98,1,0.0,17.991
CA-2016-149272,2016-03-15,528.43,5,0.3,-143.431
CA-2016-149272,2016-03-15,22.386,7,0.8,-35.8176
CA-2014-111360,2014-11-24,5.742,3,0.7,-4.5936
US-2017-162124,2017-05-06,191.968,4,0.2,28.7952
CA-2015-159534,2015-03-20,49.848,3,0.2,16.8237
CA-2015-159534,2015-03-20,23.99,1,0.0,11.995
CA-2015-159534,2015-03-20,1087.936,8,0.2,353.5792
CA-2015-159534,2015-03-20,199.98,2,0.0,53.9946
CA-2015-159534,2015-03-20,83.92,4,0.0,20.1408
CA-2016-129630,2016-09-04,24.27,3,0.0,8.7372
CA-2016-129630,2016-09-04,2799.96,5,0.2,944.9865
CA-2015-104948,2015-11-13,9.872,2,0.2,3.4552
CA-2015-104948,2015-11-13,683.332,4,0.15,-40.196
CA-2015-104948,2015-11-13,29.96,7,0.0,13.482
CA-2014-166555,2014-07-11,164.85,3,0.0,47.8065
CA-2016-114405,2016-04-07,33.528,3,0.2,2.5146
CA-2016-114405,2016-04-07,36.744,3,0.2,3.6744
CA-2017-132955,2017-06-24,102.93,3,0.0,48.3771
CA-2016-164889,2016-06-03,71.088,2,0.2,-1.7772
CA-2016-169824,2016-12-12,60.35,5,0.0,19.9155
CA-2016-169824,2016-12-12,35.52,4,0.0,9.9456
CA-2016-169824,2016-12-12,11.2,7,0.0,4.816
CA-2017-164028,2017-11-24,223.58,14,0.0,87.1962
CA-2014-143371,2014-12-28,998.82,9,0.0,29.9646
CA-2014-143371,2014-12-28,51.15,5,0.0,13.299
CA-2015-145415,2015-04-12,40.74,3,0.0,0.4074
CA-2014-111157,2014-03-02,3.424,1,0.2,1.07
CA-2014-111157,2014-03-02,151.2,3,0.2,32.13
CA-2017-121559,2017-06-01,1925.88,6,0.0,539.2464
CA-2017-121559,2017-06-01,2405.2,8,0.0,793.716
CA-2017-121559,2017-06-01,83.97,3,0.0,15.9543
CA-2017-121559,2017-06-01,39.89,1,0.0,14.7593
CA-2017-121559,2017-06-01,17.38,2,0.0,8.69
CA-2015-141593,2015-12-14,55.264,2,0.2,20.724
CA-2015-141593,2015-12-14,6.48,1,0.0,3.1104
CA-2015-141593,2015-12-14,34.248,3,0.2,11.5587
CA-2015-141593,2015-12-14,273.568,2,0.2,10.2588
US-2014-143287,2014-11-11,46.35,5,0.0,21.7845
US-2014-143287,2014-11-11,223.92,4,0.0,109.7208
US-2014-143287,2014-11-11,7.3,2,0.0,2.19
CA-2017-137421,2017-10-06,9.344,2,0.2,1.8688
CA-2017-141446,2017-09-16,18.0,1,0.0,3.24
CA-2015-168088,2015-03-19,65.584,2,0.2,23.7742
CA-2015-168088,2015-03-19,383.4656,4,0.32,-67.6704
CA-2015-143700,2015-07-26,10.368,2,0.2,3.6288
CA-2016-146374,2016-12-05,13.4,1,0.0,6.432
CA-2016-146374,2016-12-05,4.98,1,0.0,2.3406
CA-2016-146374,2016-12-05,109.69,7,0.0,51.5543
CA-2017-153871,2017-12-11,40.2,5,0.0,18.09
CA-2017-153871,2017-12-11,735.98,2,0.0,331.191
CA-2017-153871,2017-12-11,22.75,7,0.0,6.5975
CA-2015-103772,2015-06-28,119.56,2,0.0,54.9976
CA-2015-103772,2015-06-28,140.75,5,0.0,42.225
CA-2016-130225,2016-09-11,99.568,2,0.2,33.6042
US-2016-103674,2016-12-06,271.96,5,0.2,27.196
US-2016-103674,2016-12-06,18.69,7,0.0,5.2332
US-2016-103674,2016-12-06,13.36,2,0.0,6.4128
US-2016-103674,2016-12-06,249.584,2,0.2,31.198
US-2016-103674,2016-12-06,13.86,7,0.0,0.0
US-2016-103674,2016-12-06,13.376,4,0.2,4.6816
US-2016-103674,2016-12-06,437.472,14,0.2,153.1152
US-2015-151435,2015-09-06,85.98,1,0.0,22.3548
CA-2017-163566,2017-08-03,16.52,5,0.2,5.369
US-2016-157728,2016-09-22,35.56,7,0.0,16.7132
US-2016-157728,2016-09-22,97.98,2,0.0,27.4344
CA-2015-100251,2015-05-17,31.5,10,0.0,15.12
CA-2015-100251,2015-05-17,55.6,4,0.0,16.124
CA-2016-125794,2016-09-29,36.24,1,0.0,15.2208
CA-2017-163629,2017-11-17,79.99,1,0.0,28.7964
CA-2017-163629,2017-11-17,206.1,5,0.0,55.647
CA-2014-110422,2014-01-21,25.248,3,0.2,4.1028
CA-2017-121258,2017-02-26,91.96,2,0.0,15.6332
CA-2017-121258,2017-02-26,258.576,2,0.2,19.3932
CA-2017-121258,2017-02-26,29.6,4,0.0,13.32
CA-2017-119914,2017-05-04,243.16,2,0.0,72.948
